monthly_income,age,gender,house_rent,existing_emi,cibil_score,loan_amount,tenure_months,foir,defaulted
62840.63,60,Female,6556.57,6492.89,820,2083213.43,84,0.7753,0
45746.38,21,Male,15942.59,4566.33,666,2234665.53,48,1.7108,1
67767.92,24,Female,15985.44,18805.79,665,1490959.59,36,1.2337,1
104978.93,50,Male,22928.21,34454.94,707,850948.48,84,0.6854,0
43604.83,32,Female,14766.97,11890.95,678,492055.63,84,0.8046,0
43605.19,55,Female,6059.6,9242.23,632,929341.01,84,0.7158,1
107969.75,33,Other,15904.96,9170.41,619,1395938.5,48,0.5664,0
71949.33,51,Female,21728.96,13239.52,735,571192.54,84,0.6219,0
38764.6,58,Male,6404.21,3168.2,766,2386035.77,48,1.8378,1
64297.76,43,Other,19276.9,18183.66,674,2253125.03,36,1.7298,1
38882.17,24,Female,6527.67,5266.06,715,179097.27,48,0.4224,0
38837.25,36,Male,4205.95,11332.48,732,1448708.32,84,1.0388,1
55325.05,27,Female,12683.47,7389.39,648,1994341.1,12,3.5488,1
25000.0,42,Female,3729.29,7211.31,775,688940.7,84,0.9095,1
25000.0,49,Female,7236.54,2916.53,733,1357350.96,60,1.5866,1
37006.77,31,Male,9632.86,5700.76,754,1074380.52,60,1.0456,1
29542.48,53,Female,9775.63,6364.07,764,571711.03,12,2.2567,1
57361.22,49,Male,16964.41,1411.12,850,1575369.72,60,0.9175,0
31131.89,59,Male,4520.16,10331.82,653,2484861.22,84,1.8437,1
25000.0,32,Male,7500.99,5019.05,661,976689.42,48,1.5105,1
102009.82,27,Female,26566.85,18130.92,829,1425709.62,84,0.6775,0
43787.86,59,Male,11701.78,12864.34,762,886851.24,60,1.0014,0
50704.2,46,Male,15620.23,15364.23,724,2204676.68,60,1.5565,1
25000.0,60,Male,6086.4,4569.78,688,2175046.48,48,2.6749,1
37339.56,29,Male,8084.05,12118.25,704,529056.13,60,0.8491,1
51816.36,61,Male,13428.74,1174.07,706,2259877.3,48,1.409,1
27570.54,54,Female,4810.77,1092.59,622,463620.91,36,0.7646,1
59151.01,33,Male,8615.3,12355.22,783,329055.9,84,0.4498,0
36303.91,56,Female,9226.53,4498.89,589,1667043.08,36,1.8814,1
42368.19,45,Female,6713.75,6883.93,664,1026169.85,60,0.8475,1
36284.53,44,Male,4353.37,4166.47,691,1373777.42,36,1.4743,1
123764.9,37,Female,12393.64,17531.78,850,1666169.88,60,0.5345,0
48691.09,22,Female,12274.04,14019.44,713,226809.37,36,0.6925,0
28886.93,33,Other,5504.03,6000.3,740,803087.61,60,1.0027,1
73959.47,51,Female,21306.08,25817.07,662,1206175.15,24,1.3973,1
26624.26,49,Male,5159.62,7332.53,776,739809.78,84,0.945,0
54417.0,48,Male,12053.41,5212.23,850,217531.32,12,0.6706,0
25000.0,47,Male,5044.28,2313.02,751,308023.78,84,0.5053,0
25232.98,35,Male,6627.28,2966.5,698,2024194.89,36,3.0065,1
54091.41,51,Female,10225.16,15964.58,587,2287328.22,48,1.5771,1
70914.72,60,Female,24177.8,677.28,765,465359.93,12,0.9305,0
53406.31,35,Female,17839.67,4302.6,655,698228.7,60,0.6989,0
46266.61,53,Female,14435.51,14653.63,670,1665398.57,12,3.8101,1
42169.32,40,Male,13919.04,9444.4,780,2390252.26,48,2.019,1
25000.0,32,Male,5307.12,1984.91,689,819015.3,48,1.1384,1
34203.32,57,Female,8007.26,2623.42,713,2152512.7,84,1.3884,1
38936.24,29,Female,11117.2,11755.49,768,1314459.15,60,1.3214,1
83163.27,43,Female,22789.77,26014.73,674,2395740.73,84,1.0801,1
58209.81,28,Female,18782.54,5218.27,636,427020.79,36,0.6525,0
25000.0,52,Male,6977.07,3679.47,750,2436813.76,36,3.6174,1
57644.03,34,Female,20144.93,16838.31,769,1158348.71,24,1.5782,1
40435.32,47,Male,7566.52,10911.58,682,2387052.14,84,1.4678,1
34945.29,45,Female,10771.87,9954.89,679,1200856.52,48,1.4813,1
66558.61,33,Female,18264.26,12076.35,648,1372197.12,24,1.4167,1
82084.11,41,Male,22396.37,26188.29,766,2031460.02,48,1.2315,1
78091.78,51,Male,14170.45,8908.95,844,1834308.4,24,1.3903,1
32221.57,57,Other,9550.49,1766.88,780,1587047.97,84,1.1946,1
41998.69,25,Male,13653.52,10418.04,714,1100752.06,36,1.4312,1
57851.33,33,Female,8945.96,10920.83,766,2001852.08,48,1.2378,1
79839.41,48,Female,20468.77,23880.37,665,2375748.0,84,1.065,1
38577.05,45,Male,7639.56,1095.81,743,123546.15,84,0.2813,0
44675.05,55,Male,15519.53,13192.2,649,1510828.23,36,1.7498,1
28193.1,59,Male,6194.26,2894.11,712,2178354.23,12,7.1512,1
26954.26,27,Female,4233.98,6177.9,789,1667470.09,36,2.4116,1
73589.89,58,Other,14384.2,1033.58,772,2021990.22,48,0.9197,0
96579.33,52,Female,25444.75,20605.53,756,2248146.65,12,2.5341,1
47287.2,23,Male,5628.23,11871.22,747,1902282.44,24,2.245,1
80964.53,59,Male,20314.04,10449.49,672,1820841.76,60,0.8689,1
58736.58,57,Female,19547.9,4428.37,729,2415390.14,48,1.471,1
35505.4,42,Male,11098.66,6681.08,770,2172843.18,60,1.8313,1
58729.52,28,Female,6866.56,17126.51,704,2056906.89,60,1.17,1
105769.59,37,Other,36844.57,11977.51,706,307368.07,12,0.7184,0
48150.51,47,Female,13226.07,4254.78,689,673671.72,24,1.0151,1
107186.1,53,Other,15067.17,10464.3,701,1436214.46,36,0.6769,0
25000.0,37,Female,2577.6,8304.91,669,1802944.25,12,6.8092,1
73935.71,32,Male,10559.55,9297.19,721,827715.74,24,0.7903,0
51201.47,47,Male,15849.11,64.59,699,323987.47,36,0.518,0
42213.54,28,Male,4449.72,11549.14,624,846638.05,36,1.0356,1
51322.29,43,Female,8123.64,12560.93,850,1950470.03,24,2.1743,1
25000.0,49,Male,7233.16,1124.97,652,2205762.47,36,3.2229,1
43921.71,40,Female,10827.92,15140.54,711,2290968.76,48,1.9394,1
58603.89,36,Male,17328.23,12472.18,723,1009280.03,48,0.9536,1
102636.31,37,Female,29409.16,17989.36,685,994092.58,12,1.3178,1
37830.27,36,Other,4261.59,5060.81,714,1076097.93,36,1.1777,1
32720.37,39,Female,10572.86,10291.72,666,1001942.73,36,1.6402,1
38143.91,28,Female,5979.36,3257.0,767,1698871.86,24,2.318,1
77474.26,58,Female,18465.84,7748.91,718,959975.83,48,0.6586,0
57778.7,58,Female,15084.4,2475.46,766,148825.45,60,0.3599,0
37613.56,49,Female,5347.03,9993.61,815,1153659.04,12,3.1186,1
63362.89,61,Male,21800.5,13207.5,701,637964.96,84,0.7249,0
51458.9,56,Male,11425.88,10969.66,770,169137.13,48,0.5202,0
79564.44,46,Male,9103.02,6083.87,819,1230023.08,24,0.9114,0
34508.93,51,Male,11536.87,7864.89,711,594290.94,12,2.0843,1
41613.04,32,Female,10260.4,11148.57,764,1186580.36,60,1.1345,1
40293.52,37,Male,11072.59,5047.21,689,766599.97,84,0.7258,1
25000.0,35,Female,5782.35,7011.79,797,1548901.29,12,5.9875,1
56843.67,29,Male,17546.76,6939.29,687,2478105.73,48,1.5575,1
55855.74,59,Female,6048.25,14821.24,765,1413356.61,60,0.9238,1
49146.29,32,Female,8212.08,580.2,784,1652550.2,84,0.7546,0
43595.38,52,Female,9478.16,8409.88,643,2306261.82,24,2.8759,1
25000.0,45,Male,2978.77,8483.36,676,997601.0,12,3.9853,1
39722.67,59,Female,10982.39,13642.18,674,499716.28,48,0.9451,1
41301.03,38,Male,8194.78,4072.84,790,778713.48,24,1.1758,1
32822.23,35,Female,5519.62,5070.7,643,1066707.86,60,1.0293,1
45222.82,52,Male,4560.48,996.81,741,1648042.44,12,3.3438,1
59995.54,26,Male,16796.2,18338.8,767,111011.27,36,0.6462,0
125881.08,55,Female,38828.31,25050.37,731,2148119.72,48,0.9485,0
53492.08,54,Male,10632.09,7209.94,802,282625.54,48,0.4701,0
55757.95,58,Male,13440.7,2200.75,594,2261572.36,36,1.6084,1
47229.64,25,Male,7411.35,15650.42,759,2378642.85,24,2.8356,1
25000.0,38,Male,6388.74,4639.42,708,2476246.71,48,3.0011,1
48375.22,36,Male,4984.31,4790.35,622,2042824.44,24,2.1702,1
50519.52,28,Male,11223.47,6192.45,649,440453.26,60,0.5343,0
167983.5,45,Female,43852.32,15915.43,821,1794800.9,36,0.7056,0
44525.6,52,Male,14673.32,9378.58,761,587971.1,24,1.1556,1
56998.13,46,Female,11133.67,18552.16,772,2253106.81,60,1.3803,1
48177.34,42,Female,14033.94,14445.63,782,859854.22,12,2.1685,1
27327.83,51,Male,6816.16,4403.42,631,884310.34,48,1.2469,1
86804.3,30,Female,28797.59,25110.29,735,2302367.91,36,1.4894,1
71393.81,32,Female,14249.81,10572.49,791,131754.57,12,0.5108,0
72803.26,48,Male,13088.12,6429.07,693,565518.76,12,0.9546,1
31110.67,26,Male,10010.96,10708.15,808,1112637.44,12,3.8268,1
98853.79,40,Male,11102.38,10514.15,680,1781731.76,24,1.0587,1
25000.0,25,Other,3352.41,2832.59,728,1654158.8,48,1.9575,1
65737.75,43,Male,7928.04,22771.06,745,1706588.5,36,1.3169,1
146565.52,29,Female,45549.26,6870.2,769,2212052.87,84,0.6161,0
29873.64,49,Female,3066.58,7951.97,701,390472.99,84,0.5926,0
36932.65,36,Male,11649.08,12096.71,785,1353188.07,48,1.5899,1
51525.17,42,Female,10965.43,9229.61,747,1841146.45,48,1.3155,1
38111.15,28,Male,3849.47,33.64,613,1626684.26,48,1.205,1
25000.0,40,Male,5010.28,3281.77,839,1175953.89,60,1.3544,1
50730.44,34,Female,7442.17,1980.98,657,141075.01,60,0.2462,0
28820.67,59,Male,7380.98,4198.18,844,245085.44,60,0.5867,0
62118.32,57,Male,16761.99,17176.3,709,385459.18,60,0.6813,0
30954.94,54,Male,6868.34,4753.1,697,923746.61,48,1.1467,1
106400.68,31,Other,11717.89,16084.99,745,382368.29,48,0.3542,0
33135.93,60,Male,8748.95,6457.41,674,1122597.55,84,1.039,1
41729.74,53,Female,12957.49,8495.83,597,528740.78,36,0.9289,1
73626.38,51,Male,20621.35,22066.1,712,1969998.87,84,1.0379,1
26491.2,54,Male,8145.76,2859.05,744,2191570.28,84,1.8319,1
54925.33,27,Male,8245.8,15795.7,819,1035154.02,36,1.0547,1
94237.3,43,Male,30365.33,18666.22,642,1327196.24,36,0.9814,1
25000.0,27,Male,4513.71,2629.63,757,2388390.98,84,1.9215,1
53761.72,45,Female,5556.34,5553.27,713,1385218.61,84,0.6478,0
55823.01,23,Male,17352.47,7055.92,722,2488175.72,84,1.2004,1
72468.8,58,Male,24310.05,15794.04,783,441114.38,36,0.7527,0
26410.7,40,Female,6969.51,2133.57,686,2169343.41,36,3.0338,1
25330.68,54,Female,3998.68,8159.44,730,1293287.21,60,1.5901,1
63638.3,50,Other,10368.98,12805.26,790,154513.87,48,0.4269,0
56868.24,37,Male,12320.4,18311.89,786,2433335.06,36,1.9395,1
55561.54,30,Male,18027.37,902.4,640,2416114.96,24,2.3675,1
58292.23,55,Male,8009.32,6990.05,680,1019850.02,36,0.8301,1
34891.12,40,Male,10693.9,278.52,710,2389940.97,36,2.557,1
55057.14,38,Male,9515.29,5246.29,772,438423.14,48,0.4739,0
56757.11,47,Male,17148.96,17123.75,703,1732264.34,84,1.1264,1
34297.38,56,Female,11320.46,439.47,725,560629.57,60,0.6983,0
124602.91,43,Male,25777.04,19020.82,801,691953.37,12,0.8503,0
62125.79,52,Male,11882.34,2556.38,697,1970409.85,84,0.7755,0
27020.42,30,Male,8121.13,3942.12,815,1005659.4,84,1.0837,1
68068.97,31,Male,15817.24,19984.92,615,117106.01,48,0.5704,0
30111.4,58,Male,8163.57,6566.54,694,1094172.22,60,1.2793,1
72659.71,26,Female,18579.62,18736.38,631,647366.37,24,0.9288,1
87491.58,61,Female,12093.28,10690.28,727,1739991.79,12,2.0181,1
32521.57,54,Female,10120.63,10749.65,768,566676.87,60,1.0206,1
79355.11,56,Female,11819.45,19699.25,709,2121408.47,84,0.8549,0
60257.99,57,Other,20070.16,8895.86,689,741023.23,60,0.7481,0
73941.54,37,Female,12026.06,11036.71,631,1043267.82,48,0.6766,0
126550.47,60,Female,35873.29,40690.97,829,815288.47,60,0.7451,0
43360.58,60,Male,7421.76,8747.63,718,1645416.03,36,1.6153,1
33628.59,32,Male,6034.53,8314.09,690,342792.5,60,0.6483,0
31421.35,41,Female,5577.3,4586.33,821,1247438.49,12,3.8322,1
32600.89,60,Male,9355.58,2552.4,697,902691.56,60,0.9673,1
47166.97,39,Male,11282.52,11944.83,660,2221931.11,24,2.688,1
58138.07,23,Female,18647.1,12368.2,673,276189.02,36,0.689,0
56294.12,38,Female,9955.23,9877.93,664,2091268.16,12,3.6356,1
74131.19,39,Male,20237.68,16190.79,650,502433.14,12,1.0904,1
49340.52,26,Male,14221.77,3596.92,674,312586.38,84,0.4696,0
101393.78,36,Male,13979.21,28175.16,850,585574.86,48,0.565,0
42944.83,28,Female,8595.29,14251.54,645,346367.16,48,0.7405,0
191010.67,38,Female,42156.89,59573.57,623,1350361.48,36,0.764,0
67025.85,59,Male,12662.65,7540.58,738,2471715.89,12,3.5607,1
31933.83,32,Female,5764.96,4537.86,715,182385.64,84,0.4204,0
28697.17,30,Female,7794.29,8119.6,762,1206708.04,24,2.5144,1
62394.74,27,Male,9606.71,12996.26,683,1026568.79,60,0.72,0
43838.54,21,Female,12158.52,8406.92,663,915055.39,60,0.923,1
70052.5,56,Male,23380.8,22719.76,828,896472.67,60,0.9363,0
62107.3,41,Male,14986.45,11651.87,615,2248030.62,48,1.3644,1
47267.85,57,Female,11952.08,8519.01,743,145542.76,12,0.7052,0
32099.74,44,Male,3763.15,472.08,764,1959799.33,12,5.5279,1
25000.0,45,Female,7902.98,607.4,773,707039.63,24,1.6586,1
39212.17,27,Male,6719.47,101.84,700,1019909.23,48,0.8462,1
75222.03,37,Female,19088.55,24043.63,638,1108359.79,24,1.2601,1
54559.49,49,Female,18810.91,7798.48,817,831356.21,12,1.8344,1
26294.91,50,Male,6544.16,4312.27,691,324541.27,60,0.6812,0
53454.73,27,Male,15030.26,15816.48,819,374394.04,48,0.7581,0
59436.2,53,Male,12560.65,12673.95,743,815514.7,48,0.7792,0
31510.35,27,Female,3626.57,6721.96,688,2072341.73,48,2.0282,1
52937.25,44,Female,15849.4,5494.2,745,423106.37,84,0.54,0
50468.48,31,Male,5488.43,14730.13,794,1882335.6,84,1.0392,1
27681.37,29,Male,7616.93,1606.64,725,793287.35,60,0.9563,1
58623.66,32,Female,6198.3,1090.54,672,2220315.84,84,0.7728,0
64886.33,55,Male,20476.59,4351.35,603,1127988.34,48,0.8319,1
84248.46,24,Male,11744.99,7894.76,692,512135.95,84,0.3372,0
83025.33,56,Male,18976.92,8203.64,772,2466026.68,84,0.8359,0
25000.0,48,Other,6232.19,5866.99,654,523922.85,36,1.1701,1
30671.45,33,Female,6575.54,2338.35,764,1462287.57,48,1.5228,1
63418.93,43,Male,11744.61,15019.53,721,1466287.55,84,0.8179,0
63379.32,39,Female,13750.37,2021.56,768,994752.28,60,0.5901,0
63419.32,57,Male,11279.38,3267.42,567,2383572.62,84,0.8729,1
336504.14,59,Male,70507.91,59927.18,627,2125298.95,84,0.4958,0
65215.03,44,Other,12373.13,21042.51,689,2091566.95,48,1.3413,1
86489.89,36,Male,20891.74,26020.37,841,2437964.65,84,1.025,1
78984.02,53,Other,12596.45,26780.62,670,1197062.41,36,0.9947,1
67893.5,32,Male,23570.19,15457.16,711,333245.86,36,0.7355,0
41871.7,54,Male,9430.24,9904.13,850,1937094.22,84,1.2539,1
71645.43,27,Male,10642.25,15673.01,747,1013950.19,48,0.7331,0
33309.15,31,Male,7303.59,7260.95,775,556828.36,12,1.9147,1
43546.76,51,Female,13787.07,2242.32,678,1259793.62,12,2.9249,1
38457.85,49,Female,4055.45,7318.86,796,2321725.46,24,3.1095,1
51069.21,33,Female,13782.99,6900.66,806,511256.85,36,0.7328,0
155956.01,51,Male,36960.32,24155.72,752,2136877.16,12,1.6029,1
25000.0,22,Male,3559.74,4581.51,714,1103691.86,24,2.3833,1
69087.57,59,Male,21028.12,3104.7,756,428324.75,12,0.8973,0
25000.0,35,Other,4805.53,3145.52,614,2136117.53,48,2.5264,1
38717.0,31,Male,6715.48,859.8,790,2427088.82,84,1.269,1
84497.34,54,Female,25943.33,28972.77,664,799049.72,36,0.9595,1
50621.92,59,Female,13143.03,2100.04,701,828486.9,12,1.7476,1
28599.02,24,Female,9282.23,2587.74,805,1037310.36,48,1.3525,1
34281.05,31,Female,8826.37,10694.06,791,2053912.87,24,3.3619,1
68857.81,49,Male,19638.55,11633.42,614,125001.27,48,0.5011,0
34023.84,22,Male,10517.16,1615.21,658,637495.72,24,1.2299,1
54624.04,36,Male,6209.93,7345.88,761,1794159.55,12,3.1511,1
50150.61,59,Male,14744.89,2033.8,606,1073534.68,84,0.7011,1
35390.54,33,Male,8968.9,2480.01,812,892709.5,60,0.8719,0
143196.35,57,Female,16807.95,2607.67,727,2193478.93,84,0.3979,0
67302.96,37,Male,15287.5,10322.9,811,2301601.41,48,1.2644,1
25000.0,41,Female,3015.36,7058.07,671,2375166.93,60,2.4686,1
53810.68,39,Female,15281.52,11035.99,677,754121.28,36,0.9479,1
35210.75,27,Female,8331.76,7472.46,787,2290030.26,60,1.8629,1
75073.03,58,Male,25404.22,5270.46,700,1868717.33,84,0.8348,0
32982.74,28,Female,4808.35,3969.9,639,470115.4,36,0.7328,1
46287.71,33,Female,11641.75,13693.51,756,1564648.07,12,3.5349,1
63101.11,57,Male,9647.88,1940.34,616,163203.57,12,0.4122,0
75574.76,22,Male,19159.43,22693.27,813,1800107.57,48,1.1694,1
26899.2,61,Female,7549.59,4553.81,731,1860562.05,60,1.9538,1
41470.99,31,Female,11635.77,12151.07,662,1994412.42,36,2.148,1
38658.71,44,Male,11743.3,4302.8,794,514060.13,36,0.8504,0
35359.96,26,Female,11081.37,4193.52,795,1607799.86,60,1.4206,1
118506.98,46,Male,14140.01,31174.65,720,529256.04,84,0.4588,0
60023.47,27,Male,11153.37,16491.37,850,2371960.2,12,3.9532,1
26096.54,59,Female,7092.53,2097.53,850,1720025.66,84,1.4807,1
77569.61,39,Female,17425.75,26412.84,741,328782.04,12,0.9398,0
141644.84,26,Female,20916.55,4188.66,789,548877.35,36,0.3041,0
82144.29,49,Female,19564.91,1969.49,805,1692304.24,48,0.7946,0
25000.0,59,Female,5046.47,5210.66,646,1244009.19,12,4.8082,1
38479.58,22,Male,7600.09,9733.77,738,1867114.4,24,2.712,1
92360.58,39,Female,27933.39,31061.8,675,773893.12,36,0.9131,0
34412.16,24,Male,6947.8,4877.27,666,1679002.09,60,1.4045,1
61200.44,26,Male,6524.8,541.75,727,524704.4,60,0.3019,0
72208.79,57,Female,8269.05,15237.04,732,1404904.63,84,0.6587,0
30838.98,48,Female,9685.32,3126.88,615,2398719.02,84,1.7473,1
47583.31,50,Female,16185.47,7210.37,742,1607733.36,36,1.5978,1
25000.0,27,Female,6802.56,4274.11,703,219984.68,84,0.5937,0
29372.27,29,Male,5612.81,663.21,810,2473029.13,84,1.6553,1
43205.19,45,Female,14458.62,7348.93,795,476479.19,36,0.8658,0
26268.04,53,Male,6979.44,3919.5,664,1823365.85,12,6.5498,1
110880.2,21,Female,34492.99,27652.47,805,1378072.09,36,0.9674,0
25000.0,26,Male,7286.58,5649.58,754,806465.65,36,1.5736,1
39339.24,38,Male,7662.69,2550.19,705,525545.17,84,0.4884,0
52332.36,30,Male,11496.14,3775.71,686,526485.67,24,0.7607,1
100774.1,48,Female,14766.73,8853.22,645,2160159.23,60,0.7004,0
25000.0,31,Female,4325.09,1565.82,640,2194990.03,84,1.739,1
87691.64,53,Male,25827.94,20171.24,601,1216349.25,12,1.7505,1
49272.26,21,Female,15939.31,17149.24,721,348691.51,48,0.8544,0
30008.79,33,Female,8435.92,6849.14,586,2221996.25,12,7.0536,1
61762.5,57,Male,13358.82,13114.56,663,1268839.57,60,0.8753,1
54150.9,40,Male,6586.23,7769.29,762,1153029.81,48,0.8154,0
36311.56,21,Male,4148.12,3972.6,817,1077656.86,36,1.1953,1
50761.88,23,Male,9826.56,16186.74,645,976034.02,24,1.4086,1
40430.64,38,Male,8731.22,13712.08,759,1362412.97,24,2.1257,1
51883.63,61,Male,13089.21,9021.09,699,1550898.94,60,1.0761,1
68259.05,34,Male,6936.65,6933.08,686,1219437.29,84,0.5091,0
108337.69,51,Male,37639.84,29201.64,730,2251955.59,60,1.0689,0
26399.29,47,Male,5041.86,1223.87,677,862386.95,24,1.7599,1
142417.29,37,Female,44437.56,38161.55,714,1487948.46,48,0.85,0
25000.0,49,Female,5843.54,7165.8,724,819889.41,48,1.368,1
45438.16,56,Male,6025.55,1986.39,795,1908040.06,84,0.8953,1
65785.75,57,Male,19695.69,22492.25,809,345090.64,12,1.1049,1
56415.31,46,Female,15652.81,19459.3,681,552877.59,36,0.9432,1
35905.66,37,Male,8325.05,11771.74,702,2022883.38,84,1.5244,1
44176.09,42,Female,10100.34,7669.51,772,539674.23,48,0.718,0
38311.28,45,Male,4668.99,3299.59,708,1601791.23,36,1.5768,1
36509.13,22,Male,9637.03,7437.03,766,2428584.28,60,1.914,1
74966.83,42,Other,24574.97,11018.39,778,1354937.47,48,0.9419,0
58601.04,25,Female,7226.17,4224.08,786,549751.47,48,0.4379,0
34667.06,24,Male,5750.5,5140.67,725,869658.51,48,0.9625,1
76864.54,56,Female,25025.33,17860.36,644,2076299.38,12,2.9453,1
57162.29,26,Female,9779.67,1418.75,709,943986.19,84,0.4787,0
73602.26,41,Female,19393.16,8589.11,687,1836427.26,60,0.9227,1
67158.74,33,Male,15695.3,418.28,770,1965640.15,24,1.6041,1
32386.68,57,Male,8066.94,8495.78,819,1302838.83,12,4.0668,1
37045.77,45,Female,7555.38,8307.22,820,1979712.12,12,5.1513,1
71228.39,46,Male,12464.82,1562.41,777,860567.21,48,0.5092,0
66515.16,59,Male,7458.57,22459.38,659,1338783.15,12,2.2287,1
48511.16,40,Male,13877.6,384.09,811,1747739.83,84,0.9109,0
51982.57,53,Male,14894.22,10733.68,747,503375.55,84,0.6588,0
92858.53,34,Female,24856.5,25232.32,666,756692.72,84,0.6789,0
36468.87,56,Other,9515.04,10056.79,776,1664887.85,24,2.6644,1
64443.79,37,Male,10370.89,773.31,705,1672864.29,12,2.4672,1
44307.25,41,Female,4678.24,14056.27,593,1283926.35,84,0.919,1
43965.45,36,Female,13285.43,14133.05,656,2009404.86,12,4.663,1
84913.5,36,Female,18917.42,16684.37,715,1256931.76,48,0.8018,0
74065.73,40,Female,13088.12,12497.04,713,2215173.44,60,0.9957,0
73626.1,49,Male,9238.82,1156.2,650,1866168.23,84,0.5752,0
94158.93,48,Male,10892.34,18519.55,768,855267.67,24,0.7357,0
49538.33,28,Male,9274.4,7097.98,753,1048609.62,48,0.8776,0
68938.94,44,Male,20763.32,18646.76,626,1702448.05,12,2.7543,1
41976.56,23,Female,13838.87,5933.77,850,2246686.29,84,1.3875,1
57646.41,45,Male,18688.26,13792.09,641,528900.96,24,0.9911,1
45932.51,39,Female,15157.74,1630.28,690,1335192.49,36,1.3172,1
51456.8,53,Other,16822.84,2394.45,744,385082.61,84,0.5016,0
66011.12,22,Female,15301.79,3227.85,690,770692.37,84,0.4806,0
32561.62,35,Other,5042.29,518.83,814,1746355.26,12,4.9109,1
139552.15,42,Female,41797.49,26440.26,708,286563.12,60,0.5336,0
29643.3,30,Female,4548.12,8237.54,660,1689660.6,12,5.469,1
26713.0,38,Female,4455.78,5707.07,759,2261946.69,60,2.2215,1
87470.37,42,Male,13847.75,17602.03,531,2426488.7,36,1.2677,1
72826.22,47,Male,16658.68,17348.54,754,619917.28,48,0.687,0
66974.01,33,Female,12085.92,7961.59,803,1897355.1,48,1.0315,0
67115.67,53,Male,9298.14,8502.48,570,2323289.08,84,0.8579,1
48721.54,25,Male,10391.98,5359.1,693,319286.35,48,0.4927,0
31299.98,46,Male,9968.32,7801.15,612,1093656.66,24,2.1962,1
50914.46,33,Male,12353.79,2880.44,720,2306583.44,60,1.2842,1
34941.1,47,Female,11166.61,159.29,850,586690.0,12,1.8081,1
79822.43,34,Female,11890.99,16656.45,734,2341025.64,24,1.7245,1
45545.69,44,Male,6455.8,15022.49,705,1365260.97,24,1.8687,1
32443.37,23,Male,7912.75,6919.94,536,339743.4,12,1.3827,1
41743.84,50,Other,9009.67,11438.75,648,1179705.56,36,1.4151,1
60262.53,55,Male,15972.17,14190.42,711,883026.87,48,0.8792,0
36980.19,34,Female,11044.38,6438.36,726,777289.99,36,1.1609,1
32496.57,32,Male,9353.38,8170.85,742,1399541.38,36,1.9492,1
55372.79,48,Female,18581.19,15971.53,769,1260622.46,48,1.2124,1
55408.22,49,Other,11057.49,4358.19,661,1256721.18,36,1.0208,1
38045.13,37,Male,5767.52,4475.84,722,311540.15,24,0.6509,0
38734.3,60,Male,9208.23,3033.05,687,2025563.63,84,1.2114,1
55051.53,41,Male,7029.3,8712.48,659,1255454.36,12,2.3015,1
25000.0,43,Female,4305.32,7744.31,663,2070173.99,84,1.8998,1
25000.0,40,Female,3799.3,3020.56,755,2079027.14,24,4.1488,1
34227.27,31,Male,6816.05,4485.94,553,861124.78,84,0.761,1
44058.63,54,Male,5630.87,13267.31,599,110431.13,24,0.5458,0
57265.51,30,Female,6182.41,10329.61,850,2286989.63,60,1.1567,1
102506.15,30,Male,27081.97,19210.39,676,1925667.26,48,0.9371,0
75269.46,26,Male,19010.22,22677.22,815,357404.7,48,0.6766,0
45253.29,56,Female,12539.22,7769.28,715,1784144.88,84,1.1238,1
48556.92,44,Female,12872.27,11583.02,683,148055.84,24,0.6458,1
29695.04,32,Male,3818.0,890.13,762,166621.77,48,0.3036,0
48569.13,43,Male,8391.28,3036.6,725,1361975.78,60,0.845,1
42432.53,47,Male,5617.29,6005.55,708,330489.83,84,0.4073,0
57604.69,57,Male,17900.26,9976.77,717,2414407.65,12,4.1883,1
32415.26,26,Female,9294.29,10956.58,745,2245194.94,36,2.8923,1
63555.78,21,Male,9557.63,21591.68,675,1659548.87,48,1.165,1
105489.79,26,Female,19550.14,31427.41,688,252901.53,24,0.595,0
46426.23,42,Female,15861.7,5128.22,656,879604.62,48,0.9418,1
59925.41,61,Male,14893.85,20219.43,641,992135.19,24,1.3576,1
69221.86,44,Male,20786.56,16701.11,840,1254111.61,84,0.8518,0
40110.35,45,Female,6664.25,5516.34,661,505366.9,84,0.5194,0
54832.93,35,Female,8362.75,13466.21,784,1486027.94,36,1.2854,1
49330.42,46,Male,14600.78,285.28,696,1145849.55,48,0.9021,1
51474.31,28,Male,13973.63,2633.12,755,2373512.71,36,1.8322,1
33306.08,44,Male,9000.78,9671.75,719,2346868.55,24,3.8448,1
49625.25,58,Male,11818.68,11212.86,603,1457137.49,60,1.1025,1
62880.99,26,Male,15147.69,8015.32,721,1646438.41,60,0.9377,1
101272.66,55,Male,28753.78,17746.35,759,430711.52,12,0.835,0
79192.38,21,Female,13264.77,25088.13,657,635975.77,24,0.8586,1
143859.33,56,Female,27073.19,31800.44,850,2261716.97,24,1.142,0
33400.5,32,Female,10618.33,4654.44,772,1777998.21,24,2.9383,1
75823.25,58,Male,13437.12,3193.25,773,554632.47,84,0.3446,0
53727.0,31,Male,12710.59,5523.75,780,1468504.73,84,0.8074,0
146517.69,32,Male,40389.05,50170.45,568,2343427.0,60,0.9658,1
32723.57,59,Female,11452.63,5009.23,765,928410.65,60,1.1199,0
32213.44,27,Female,6726.9,5319.85,850,545968.9,60,0.7425,0
36326.53,31,Female,7520.44,6339.32,769,2360860.66,48,2.0612,1
25000.0,56,Female,7766.18,7735.91,702,1207036.86,48,1.8679,1
37688.96,51,Male,11358.54,7966.5,647,1101380.8,60,1.1481,1
33537.98,53,Male,9483.5,8142.58,641,742161.28,36,1.25,1
52849.15,33,Other,11405.24,7203.06,633,2239804.71,48,1.4475,1
58155.63,38,Male,10525.28,592.06,693,2129480.24,84,0.8181,1
125252.3,61,Male,31586.45,40812.28,650,1067176.96,48,0.7982,0
78842.85,44,Male,25155.27,26191.18,710,173471.87,48,0.7081,0
36737.31,29,Female,11790.63,12204.27,733,1171963.43,48,1.4777,1
31281.83,51,Male,3976.69,10332.09,608,534059.24,12,1.9663,1
62690.15,61,Male,12982.35,17887.67,670,442561.77,48,0.6749,1
25333.51,30,Male,5476.61,6070.13,682,1043424.67,36,1.8042,1
122483.23,22,Female,42183.69,36203.41,680,337784.65,12,0.8837,0
88408.2,58,Female,23825.97,18582.63,721,2397914.82,84,0.9441,0
38770.39,35,Female,7824.32,1823.35,728,214094.04,84,0.3434,0
25000.0,23,Other,2662.86,3423.16,692,1063287.11,48,1.3427,1
96465.06,51,Female,23281.49,32793.61,676,490486.48,24,0.8183,0
46292.26,26,Male,5741.12,5689.24,718,1753147.17,12,3.594,1
91026.7,23,Male,28091.98,27648.43,813,289147.48,84,0.6667,0
25000.0,31,Female,7203.24,815.6,625,1412333.38,48,1.7809,1
36326.85,35,Male,7814.9,4248.95,793,1955443.59,36,2.0944,1
49149.49,48,Male,10188.82,6037.21,613,2380143.6,60,1.383,1
50185.95,30,Male,16277.05,906.4,743,1776466.15,84,0.9485,1
39142.62,58,Male,6737.02,1631.58,788,338780.22,48,0.4375,0
66931.5,27,Female,10859.97,4525.09,633,312449.32,24,0.4474,0
28744.16,35,Female,9623.53,8428.81,742,1855835.32,36,2.7418,1
45652.35,38,Male,13801.23,1013.06,651,616790.57,84,0.5558,0
52059.77,38,Male,15886.37,5442.61,796,1173374.34,12,2.4017,1
63400.02,61,Other,9433.82,225.78,615,2443890.64,36,1.4143,1
69968.99,44,Male,9503.47,17035.33,661,2067776.32,48,1.1431,1
27936.21,22,Male,2975.41,6065.12,728,2131824.06,84,1.6302,1
25000.0,60,Male,3981.51,5643.59,766,2165847.77,84,1.8684,1
92859.09,40,Male,27258.56,12167.7,726,1586908.82,24,1.2211,1
57881.73,54,Male,9261.63,4219.22,752,1885441.42,84,0.7907,0
33716.98,46,Female,9517.49,8500.46,684,961506.2,36,1.468,1
106465.47,27,Male,17351.43,30224.62,649,2496270.94,84,0.8483,0
51939.63,58,Female,10326.8,2519.62,815,771093.21,36,0.7334,0
88401.89,50,Male,30568.54,15062.82,752,1516017.77,60,0.889,0
50703.96,25,Female,8173.63,4413.8,688,776948.03,60,0.5814,0
137361.85,31,Male,26660.93,8082.01,612,368970.52,48,0.3224,0
117909.24,21,Male,20666.16,30304.31,799,1462205.96,12,1.5283,1
43283.12,54,Female,5514.54,8151.68,802,948036.81,12,2.2516,1
79680.92,21,Male,17726.9,6029.05,705,1499726.24,24,1.1754,1
67689.61,39,Female,13177.32,7344.32,677,1440828.34,48,0.8533,0
97179.57,22,Male,26600.16,32878.65,703,1401416.15,12,1.8866,1
30258.68,41,Female,9210.7,8987.97,706,395922.69,84,0.8255,1
69080.36,40,Female,16307.28,21275.46,770,1156433.86,36,1.0921,1
83217.44,43,Female,8991.57,13398.36,646,2048809.45,48,0.9054,1
25000.0,41,Male,6368.26,5458.31,682,856344.39,36,1.5945,1
27129.33,44,Female,3088.61,3577.51,708,1165195.61,24,2.2475,1
25000.0,24,Male,6352.23,679.98,736,1285195.82,84,1.1615,1
42842.96,32,Female,11621.47,6014.05,776,2170555.15,48,1.721,1
70176.67,42,Female,10487.33,14589.26,740,1673439.45,84,0.7656,0
103899.41,40,Female,31672.34,10441.94,833,340486.08,84,0.4614,0
50870.95,38,Female,16674.04,15097.62,655,2176410.37,84,1.3571,1
110669.97,21,Male,33563.07,5852.79,815,2096958.34,24,1.2393,0
25000.0,50,Male,4406.93,3212.38,657,1908750.35,60,1.9648,1
25000.0,53,Male,6166.52,1092.91,694,1218539.24,24,2.5621,1
47678.04,44,Female,15671.95,6755.56,745,1918108.92,84,1.1592,1
59399.0,34,Female,10701.69,824.54,796,1248980.95,60,0.6512,0
48225.95,56,Male,14709.25,4600.38,694,1867896.48,48,1.4015,1
25000.0,25,Other,2559.22,3506.43,745,2212264.4,36,3.1397,1
46884.39,31,Female,4731.18,7846.47,699,2237299.8,36,1.8305,1
25533.98,44,Male,7403.01,4858.96,570,1190988.58,36,2.0073,1
68516.94,51,Female,19894.71,6594.54,717,2162422.43,24,1.8576,1
58882.49,33,Female,17502.49,10779.29,639,343497.71,48,0.6311,0
30639.95,36,Male,10187.99,5458.56,802,344366.6,48,0.8011,0
37913.65,44,Female,4908.93,4195.61,803,1415840.67,60,1.0521,1
28865.24,33,Male,4560.6,8387.37,665,1664427.08,48,1.9389,1
47508.34,44,Female,15484.45,9072.88,655,467185.06,36,0.8388,1
79029.08,46,Male,11404.61,9190.64,679,1233232.11,48,0.6639,1
29945.58,22,Female,8102.0,9929.01,754,326470.4,60,0.8392,0
63071.44,36,Other,14671.41,18655.86,754,1545038.77,48,1.1615,1
37604.21,58,Female,4542.53,12932.3,850,2152225.69,48,1.9439,1
32976.93,21,Male,5649.47,7989.71,699,1870333.54,36,2.2704,1
46466.4,31,Male,10691.6,6151.13,725,1007899.73,48,0.9231,1
29213.28,55,Other,9146.32,2871.7,845,2485105.11,24,4.3762,1
37166.96,49,Male,10290.96,8628.73,738,1691043.94,60,1.4983,1
26931.75,57,Male,6880.27,9245.29,649,2056596.24,60,2.2591,1
130922.73,37,Female,29327.77,28717.94,742,1707273.73,60,0.7269,0
49892.79,59,Female,8714.82,15395.18,765,2474599.1,48,1.7651,1
34549.12,48,Female,4484.86,3979.58,697,2071263.44,24,3.0392,1
54556.38,49,Female,11035.07,7770.67,771,1346615.72,84,0.7673,0
46343.48,23,Other,4964.76,14699.98,765,980510.95,84,0.7866,0
43893.22,30,Female,6705.3,11627.46,690,1737171.59,60,1.2782,1
66641.54,34,Male,13869.49,22890.94,820,1516532.34,12,2.5629,1
71593.09,32,Male,14651.62,19413.72,669,1610441.42,84,0.861,1
37599.63,50,Male,4176.34,5902.41,748,923228.24,84,0.6885,0
36757.25,52,Male,9088.78,6832.21,680,1128948.21,36,1.4387,1
42722.21,52,Female,10143.15,13465.2,609,1439431.78,12,3.5304,1
25000.0,52,Male,2988.15,4826.91,743,2114280.16,12,7.7871,1
25000.0,46,Female,8394.77,2234.73,845,1930981.4,60,2.1045,1
97094.22,21,Male,12121.8,14803.66,716,384774.09,12,0.6276,0
111578.52,22,Male,35003.14,20163.42,622,689330.2,12,1.0404,0
43281.56,37,Other,4331.51,1465.16,734,163978.54,84,0.1988,0
65400.06,50,Female,20965.32,17024.74,666,119105.36,24,0.6658,0
57275.32,59,Female,6009.9,2192.15,788,638501.13,36,0.5082,0
228534.03,27,Female,66149.86,32388.12,705,2018370.28,48,0.6594,0
85801.13,47,Female,16338.48,24163.13,604,2271394.38,60,1.0476,1
45983.65,29,Female,13084.84,7525.21,753,1040244.08,84,0.8355,0
30400.97,42,Male,6093.46,8959.33,733,1451676.63,84,1.3128,1
25000.0,54,Female,2943.17,2991.46,700,1794526.24,60,1.7981,1
54270.27,21,Male,15840.23,18189.91,652,2387048.08,12,4.5145,1
33584.66,29,Male,3956.72,2462.22,836,2291037.37,48,1.9542,1
25000.0,40,Male,8263.25,334.81,690,237261.53,84,0.5064,0
35479.61,39,Female,4000.1,10833.67,778,695598.02,48,0.9248,0
28544.68,56,Female,6275.02,7514.99,689,217946.91,48,0.6804,0
113956.36,60,Male,31994.23,9252.61,764,1579701.81,60,0.6634,0
76177.38,24,Female,15106.86,26255.26,723,1805183.96,60,1.0582,1
48825.78,29,Male,7534.23,8583.48,721,839880.19,84,0.6246,0
102741.57,61,Female,29771.71,34199.88,666,2149244.58,84,0.9808,1
50954.29,42,Male,15086.22,9006.68,754,1186750.6,84,0.8716,0
31868.01,38,Male,10537.91,5263.2,811,2496115.64,24,4.1465,1
104983.87,32,Male,20371.21,16503.31,652,100959.26,60,0.3721,0
64180.52,59,Female,14540.93,7522.36,665,362775.3,60,0.4667,0
29184.03,29,Female,5567.79,5451.45,850,824303.78,24,1.694,1
44570.64,26,Male,7321.64,7059.73,654,161218.24,60,0.4013,0
31640.43,39,Male,9104.79,406.94,683,1977614.7,12,5.8247,1
25000.0,27,Female,4622.82,2278.81,809,226652.29,12,1.0773,1
77892.8,36,Female,16126.72,5810.26,811,1897551.12,24,1.417,1
127351.76,25,Female,25587.31,38664.31,562,226164.3,84,0.5349,0
25000.0,36,Male,6954.13,5240.11,769,706545.44,24,1.805,1
64957.25,21,Female,21400.09,17362.36,707,2119064.36,12,3.48,1
35407.49,57,Male,9442.79,11857.58,710,2382628.71,48,2.3408,1
38423.99,59,Male,8372.42,8661.3,795,1094863.22,60,1.0628,1
36453.87,39,Male,10746.65,12536.98,697,2427853.51,36,2.8191,1
31824.91,57,Male,8282.2,3472.65,686,1604514.22,36,2.0199,1
50224.63,37,Male,5783.5,3274.32,699,1098004.29,24,1.1993,1
32355.04,46,Male,4009.3,4567.19,697,2026723.23,36,2.3158,1
56118.93,42,Female,6143.86,9247.27,742,808788.45,48,0.6467,0
47804.78,28,Female,10239.98,14980.9,806,737911.03,36,1.0329,1
43500.42,53,Male,13331.29,8525.18,747,1675714.42,12,3.9071,1
31139.06,22,Male,5551.18,3184.38,719,1037169.67,24,1.8329,1
36739.74,50,Male,7202.46,9549.47,755,426203.26,84,0.6546,0
71517.37,40,Female,23412.59,12661.52,770,260714.16,36,0.6238,0
62972.83,38,Male,19472.83,3573.47,757,1990822.18,60,1.0533,1
30068.17,30,Female,8006.01,6070.37,676,1722185.76,24,3.1377,1
51516.95,44,Male,8587.92,16433.29,747,1088315.74,48,1.0317,1
71374.33,24,Female,9225.87,21049.57,582,2250946.32,12,3.2115,1
25000.0,57,Male,2600.37,5134.59,819,1086056.21,36,1.7316,1
64323.49,24,Female,8153.17,8489.36,819,1804709.13,12,2.7384,1
35196.01,33,Female,6094.16,1071.46,777,2281876.66,48,1.8792,1
65205.52,45,Male,15515.49,10718.3,800,2117717.1,84,0.9584,0
33468.85,33,Female,3882.39,8809.93,715,1326651.46,36,1.6769,1
25000.0,38,Male,3351.42,3152.4,671,1733527.34,84,1.4474,1
25000.0,44,Male,3631.75,2060.16,638,1092797.86,84,0.9761,1
50213.66,22,Male,12954.9,16368.8,785,1653273.21,24,2.1185,1
55818.53,53,Female,14174.97,16050.31,671,718125.85,84,0.7618,0
31189.65,39,Male,7413.51,6967.66,695,1143381.07,24,2.1697,1
67460.41,29,Male,10970.77,3229.61,734,602909.77,84,0.3635,0
25000.0,48,Male,4819.5,1267.95,717,191643.89,60,0.4102,0
47427.62,55,Male,5889.2,1713.41,737,1512495.64,48,0.9845,1
26755.41,59,Female,4190.3,5771.24,602,2174630.43,36,3.0333,1
35386.37,30,Female,11480.27,1431.27,704,161387.86,12,0.768,0
50196.44,21,Female,17313.9,14803.91,773,570471.38,12,1.6443,1
31881.89,41,Female,8350.34,11080.16,691,1204444.14,36,1.8463,1
40445.97,29,Female,13315.05,5186.06,663,1698152.36,48,1.5426,1
81076.34,35,Male,21135.42,12873.66,782,510950.06,48,0.5824,0
36737.53,55,Male,3978.64,9150.71,692,236067.59,84,0.4674,0
74447.25,25,Female,25996.28,24418.96,731,1345716.92,12,2.2748,1
27865.55,61,Other,3475.9,8720.05,706,2064903.31,36,2.8637,1
63888.97,42,Male,17292.22,1287.82,719,184563.78,84,0.3403,0
100788.98,61,Male,16449.67,5964.2,819,938486.68,36,0.5272,0
25000.0,43,Male,4949.88,6602.73,757,1692435.38,12,6.4453,1
32910.68,27,Male,8605.6,7935.18,640,413780.81,36,0.9142,1
65416.91,43,Female,13680.1,3050.16,695,666272.26,36,0.5892,0
44288.37,45,Female,7202.91,7782.47,693,1385182.35,84,0.8739,0
59016.53,47,Female,10836.12,16128.34,734,2387756.07,24,2.3426,1
36243.21,61,Male,6719.02,2775.26,779,789622.28,24,1.2774,1
51189.77,26,Female,17395.87,15610.35,722,1270065.81,60,1.1842,1
45349.82,54,Male,13589.22,840.79,720,1059834.07,84,0.7183,0
87894.37,29,Female,18865.4,24062.69,574,2253752.01,60,1.0459,1
55670.76,53,Male,8348.12,11999.09,806,272535.67,48,0.492,0
58034.99,26,Female,17570.33,6402.41,709,1458754.22,24,1.5846,1
39897.2,57,Female,5557.51,10067.12,736,2130687.28,24,2.8807,1
38414.75,51,Female,5862.69,10519.04,736,2471482.18,24,3.425,1
39486.77,54,Female,7561.85,12906.83,670,1776941.19,24,2.6158,1
59708.29,61,Female,19111.85,7685.72,704,1011845.14,48,0.8868,1
39715.93,49,Male,5280.1,9536.03,669,1088378.45,12,2.7951,1
56663.61,34,Female,7397.92,11951.24,809,944037.33,48,0.7721,0
138371.92,56,Female,30925.26,25435.82,575,1548671.44,12,1.3965,1
75777.93,56,Male,12814.25,23615.87,658,1874573.85,60,1.0186,1
41647.15,35,Female,10086.19,46.17,699,2066722.15,24,2.5562,1
89375.95,28,Male,19028.96,8824.9,817,1099823.46,84,0.5223,0
39973.11,46,Other,8343.98,7530.82,766,1820100.41,84,1.1768,1
25000.0,56,Female,3199.83,1560.07,613,2298934.22,12,8.3177,1
29612.65,41,Female,4005.48,9409.52,712,2309979.51,48,2.4691,1
25000.0,48,Female,7631.74,5666.46,766,1789669.61,12,6.8589,1
41119.73,24,Male,13218.79,6877.65,850,1628565.26,36,1.7854,1
49474.33,36,Male,7850.14,14107.39,697,1375662.58,60,1.0484,1
113348.07,42,Male,14549.94,17887.48,643,539674.4,60,0.3897,0
57726.04,32,Male,6543.49,11287.09,740,396711.17,24,0.6292,0
43934.26,36,Female,11074.7,42.3,717,1265706.42,24,1.5958,1
74213.61,60,Male,20693.6,9498.98,750,482665.97,48,0.5749,0
25000.0,58,Male,4830.06,1214.42,764,1484799.82,12,5.4909,1
55149.74,57,Male,14885.96,13312.65,740,1649686.55,36,1.4906,1
72072.84,49,Male,20053.53,12083.69,754,1361477.43,60,0.8566,0
25000.0,38,Male,8345.89,2640.38,826,187424.11,12,1.102,1
86844.72,30,Female,10092.96,14220.07,701,238547.1,36,0.3699,0
58060.93,59,Female,8597.25,4259.96,640,372018.84,84,0.3312,0
39829.22,38,Male,4665.26,12895.92,740,468749.93,12,1.4811,1
67264.7,21,Female,21322.81,1270.66,636,2475718.27,24,2.0513,1
152565.06,59,Other,45486.78,46211.34,647,926788.04,84,0.7051,0
53687.37,41,Female,13081.49,9608.73,666,800736.1,84,0.678,0
55498.45,21,Male,6710.64,12022.7,638,225439.93,60,0.4259,0
38961.12,35,Male,6558.25,4126.45,795,1624768.94,36,1.6395,1
32050.81,24,Female,5590.62,10844.21,723,1665257.88,24,2.9344,1
74248.13,40,Male,17833.35,7324.42,765,521076.85,84,0.459,0
31950.98,30,Male,5256.29,6585.33,753,2306179.7,48,2.2361,1
50806.68,43,Male,6007.38,17665.27,706,2021184.51,48,1.4941,1
38606.32,61,Female,10913.64,11905.53,782,652766.36,24,1.3791,1
62285.87,54,Female,10885.71,11692.02,688,1266039.35,36,1.0279,1
57920.75,53,Female,12342.54,20077.13,709,1200138.05,36,1.2381,1
82352.98,54,Female,10863.73,20215.97,673,936449.07,60,0.6246,0
37986.72,59,Male,11420.22,2774.75,811,2062323.31,24,2.9041,1
42832.93,30,Other,10339.14,6080.51,713,362234.77,48,0.6019,0
30050.01,40,Male,9778.16,3518.03,758,1096754.18,24,2.1435,1
39255.76,21,Male,8788.1,4726.58,682,1127274.71,12,2.8823,1
59198.43,33,Male,19852.57,15756.24,775,1224941.45,36,1.2789,1
71574.51,21,Male,23116.21,14636.42,770,2167239.98,84,1.0459,0
30912.54,25,Male,7546.21,412.14,614,623600.49,12,2.0404,1
75720.41,36,Male,25250.74,23254.26,720,347015.62,48,0.759,0
96550.26,35,Male,17453.6,10029.51,727,1582740.31,36,0.8213,0
60277.7,48,Female,11537.79,21035.48,700,517202.74,48,0.7621,0
125291.45,51,Female,13953.64,41843.18,810,279837.01,48,0.5031,0
33293.1,43,Male,8233.39,10959.61,640,1123958.13,48,1.449,1
26309.17,37,Male,7379.22,7469.03,690,627151.43,60,1.0827,1
25000.0,54,Male,7334.49,1930.37,664,966919.89,48,1.3702,1
103571.98,33,Male,14236.39,19308.04,786,723306.59,48,0.5044,0
67994.55,34,Female,14349.55,5337.97,653,322327.51,12,0.7085,0
47677.16,31,Male,6875.8,4333.21,600,1444833.29,12,2.9135,1
56386.46,48,Female,14972.4,12057.29,748,164844.2,12,0.7377,0
27924.38,52,Male,3895.08,399.09,710,2419300.84,36,2.9902,1
166520.88,55,Male,54292.62,56502.28,787,919193.25,60,0.7854,0
52292.62,51,Female,8244.38,16813.94,772,1768378.03,36,1.5863,1
51776.8,37,Male,8949.65,6900.22,717,2044870.89,60,1.1648,1
70465.84,29,Male,22036.54,12711.89,626,769851.51,60,0.7307,1
62349.11,30,Female,13381.17,10171.75,642,1896972.9,24,1.7958,1
54827.22,28,Male,5811.63,16929.0,604,2097810.05,84,1.0699,1
33016.5,41,Male,7384.03,7957.33,711,679161.36,24,1.4234,1
62052.38,33,Male,7516.77,6040.11,677,2481987.22,24,2.0827,1
125619.43,25,Female,43506.55,19646.18,708,149652.84,60,0.5286,0
96058.25,26,Female,23729.07,14422.0,731,620801.15,60,0.5377,0
108726.77,50,Male,17845.67,36506.89,843,1972049.82,36,1.0937,0
37963.94,51,Female,9146.63,2329.42,757,565914.46,60,0.6264,0
29887.56,37,Other,3563.1,937.03,724,1775823.67,48,1.6862,1
46032.67,31,Female,13808.55,14188.03,618,2153272.97,48,1.8172,1
50405.85,40,Male,16701.07,15819.38,721,2402114.25,60,1.6813,1
84719.05,29,Male,26992.43,25848.52,777,1238194.04,48,1.0015,0
25000.0,22,Female,4635.99,4471.05,745,2430661.9,60,2.4782,1
105321.74,57,Female,19109.79,24319.9,651,1087893.51,24,0.8938,0
45297.0,21,Male,4927.04,8931.53,695,623507.3,60,0.6052,0
39599.01,24,Male,10408.6,962.52,724,1333412.45,24,1.8566,1
29553.21,56,Female,6907.36,6163.09,693,1659575.79,12,5.4054,1
25000.0,45,Male,5370.91,119.12,679,1199111.96,48,1.4593,1
73982.61,23,Female,24185.49,8415.2,580,1460733.87,12,2.1857,1
50851.2,29,Female,7219.33,16592.87,670,1099382.05,48,1.027,1
25719.88,42,Male,2634.14,2737.0,736,1359428.69,84,1.1138,1
25654.15,43,Female,3035.63,8438.66,776,2386229.61,84,2.0399,1
41444.38,32,Male,6458.81,3628.33,724,1299594.77,84,0.7803,0
112928.57,30,Female,12232.58,12433.07,788,707631.12,12,0.7722,0
43053.74,54,Female,9717.7,9469.35,714,1920991.89,84,1.2096,1
25000.0,30,Female,4463.07,6664.24,662,910202.7,60,1.2367,1
43352.88,50,Male,6291.4,7607.81,689,2058897.21,84,1.1338,1
42771.97,42,Male,12297.84,13205.44,752,236420.77,12,1.0848,1
25000.0,26,Male,3777.82,352.1,702,897227.15,48,1.0928,1
47707.91,22,Female,12971.84,15398.6,678,326463.78,36,0.8187,1
43675.07,50,Female,8181.05,3000.81,618,304762.78,48,0.4364,0
69432.0,22,Male,15827.51,21488.06,661,1680134.94,36,1.3297,1
123559.49,52,Female,41202.98,17335.66,694,1024803.52,60,0.6541,0
86101.53,36,Male,9414.16,25095.58,682,2191549.46,48,1.0587,1
42854.06,32,Female,9645.0,10074.26,656,1339372.33,12,3.2225,1
28190.41,21,Male,8840.67,1735.95,821,808823.73,60,0.999,0
177491.84,28,Female,43839.34,57031.08,759,1830133.33,48,0.8348,0
50493.97,33,Male,8544.47,4339.0,850,1597640.3,60,0.9431,0
49363.41,35,Female,9844.06,4218.06,615,2019027.09,36,1.6239,1
48433.04,28,Female,13080.14,13801.61,740,1644611.86,60,1.2933,1
54124.51,30,Female,17466.14,2005.62,691,500832.2,12,1.1776,1
45607.15,25,Female,5028.95,3544.25,721,1708744.09,48,1.1563,1
36796.9,39,Female,4337.79,6486.82,840,1039718.07,36,1.2192,1
37293.36,58,Male,6759.9,10839.95,606,1211543.27,60,1.1783,1
48224.54,31,Male,7628.88,2489.32,682,2311754.98,24,2.4441,1
37357.45,40,Male,6210.03,7160.82,671,963913.71,36,1.2027,1
34323.21,40,Male,5331.0,8544.22,682,1568701.94,36,1.9005,1
51700.11,41,Male,7701.05,15572.5,582,972356.16,12,2.1124,1
43153.18,38,Female,5724.53,14130.42,803,327345.96,12,1.1305,0
103984.43,30,Male,34677.62,28556.62,806,1188460.82,60,0.8566,0
25000.0,54,Female,3401.18,5712.25,757,1532947.61,24,3.2224,1
84605.4,46,Male,12783.96,12840.31,633,1078007.9,36,0.72,0
91403.82,50,Female,14767.79,3586.55,738,1037598.84,60,0.4476,0
25000.0,29,Female,8331.34,6210.2,776,2068908.43,84,1.9987,1
41301.59,51,Male,11933.21,14350.57,745,171244.41,24,0.8296,0
40712.06,24,Female,12108.78,10498.26,716,809404.95,60,0.9876,1
25000.0,26,Male,3154.74,146.22,811,2048217.44,36,2.8143,1
33226.12,34,Male,10269.45,5771.08,673,2309272.36,60,1.9939,1
28133.38,24,Female,5684.3,6052.23,709,1089519.01,12,3.8399,1
117728.36,46,Female,19508.27,28417.97,760,2233106.18,12,2.0835,1
78263.7,59,Male,19091.45,19714.94,740,577432.29,48,0.6865,0
92575.29,37,Male,28285.98,18083.47,756,631424.96,24,0.8188,0
70321.72,39,Female,20721.21,5497.48,754,2130859.3,84,0.8917,0
27874.68,26,Male,8989.57,9192.24,754,2267818.58,36,3.3158,1
37712.24,49,Male,12521.71,9195.5,696,634733.84,24,1.3603,1
62610.44,31,Female,9988.28,5190.03,674,242378.06,12,0.5846,0
26607.17,36,Female,5480.13,3001.63,728,316777.93,84,0.5226,0
70017.41,50,Male,7257.8,22592.85,818,727314.0,36,0.7664,0
43470.48,45,Female,13903.18,13502.79,718,1927477.79,48,1.7764,1
40643.31,60,Male,5634.91,5763.27,758,1323980.39,12,3.1595,1
69946.08,31,Female,22058.81,937.8,727,1193413.22,12,1.8367,1
61214.03,27,Male,11162.18,1039.05,850,1501935.83,84,0.6194,0
40925.84,46,Male,7859.13,4066.86,711,2236535.47,24,2.8385,1
87523.7,42,Male,9608.62,19272.09,759,317032.91,60,0.4087,0
28551.6,45,Female,5188.39,5837.89,673,1767337.91,24,3.2712,1
66700.51,39,Female,21483.63,14796.82,647,2324298.03,12,3.6237,1
65943.3,51,Male,7015.5,16555.0,719,612040.1,24,0.79,0
41991.68,46,Female,8464.76,279.72,796,2110653.56,60,1.3011,1
57703.12,61,Female,6223.28,2122.32,761,1775259.31,48,0.9398,0
26224.34,56,Male,5054.24,3299.53,584,134724.49,36,0.4867,1
77809.09,43,Female,11139.16,4217.33,767,655868.03,12,0.9423,0
44691.96,33,Female,7287.23,1178.17,620,1554027.43,24,1.8101,1
37746.14,45,Female,12056.1,8467.88,774,1305760.81,12,3.6011,1
82826.61,22,Male,17311.78,23636.04,755,1367047.01,36,1.0347,0
34469.43,22,Male,5806.36,9079.91,710,656633.02,24,1.3197,1
25000.0,36,Female,6183.36,7149.1,767,1720008.33,48,2.3115,1
25000.0,29,Female,3388.17,5826.24,702,739404.09,36,1.3369,1
66370.3,48,Female,10941.01,17081.78,729,1034643.92,60,0.7612,0
25842.75,33,Male,6113.41,2458.23,626,985398.2,60,1.1607,1
117877.01,55,Female,18787.33,40968.49,703,1712860.05,12,1.7912,1
25000.0,61,Male,6744.55,1602.7,780,316606.63,60,0.6092,0
114488.33,33,Female,25516.34,8594.97,633,593300.56,24,0.5395,0
54475.63,51,Other,15961.21,5508.72,773,581192.97,60,0.6261,0
46706.73,41,Female,15743.02,15944.1,588,360219.22,48,0.8778,1
37329.55,52,Male,4813.69,12912.33,642,598227.95,84,0.7492,1
59848.29,54,Female,10992.11,16650.56,699,1556944.64,24,1.6744,1
48106.98,28,Female,8653.83,10591.72,729,1857203.61,84,1.0611,1
85105.84,61,Male,11727.22,15491.13,682,1684728.27,12,2.0694,1
51902.06,22,Male,15704.31,17632.03,680,1240451.53,12,2.7546,1
52846.72,58,Female,15323.95,12866.48,791,225842.97,60,0.6264,0
40871.73,52,Male,9037.0,13514.46,797,2401616.83,60,1.8293,1
47644.72,60,Male,11169.96,5278.69,692,503383.51,12,1.279,1
57176.65,48,Male,6568.8,6679.44,694,1704211.29,24,1.6209,1
25000.0,57,Female,5971.92,7478.84,701,2290937.48,36,3.5381,1
25000.0,61,Male,7445.88,1311.23,850,1774665.03,12,6.6242,1
71085.03,21,Male,17306.14,23534.46,721,623319.14,48,0.8012,0
53392.88,61,Female,8880.66,9483.43,822,857911.12,24,1.0928,1
44712.5,30,Male,11933.19,14497.8,767,172494.08,36,0.7174,0
49474.71,24,Female,9418.61,5831.95,713,1570619.78,36,1.3476,1
58325.28,55,Female,13777.5,14615.48,677,1571183.15,24,1.7423,1
37425.97,30,Male,8304.5,6325.22,770,1841201.4,12,4.7389,1
33218.02,31,Male,6487.27,7287.41,668,126391.09,36,0.5392,0
54063.94,34,Female,15122.74,9543.93,694,2062819.09,48,1.4424,1
30055.88,58,Female,9647.01,10173.63,762,1872906.3,84,1.7264,1
60121.72,32,Male,6090.52,14563.7,704,438127.86,24,0.6832,0
25000.0,37,Female,8335.1,2199.04,694,934303.86,60,1.2339,1
82008.47,36,Male,18687.99,26110.42,699,1632459.74,84,0.8871,1
62087.42,55,Male,17085.4,6389.44,675,1289912.5,12,2.2143,1
55715.57,22,Female,17489.46,7246.47,749,376226.23,24,0.7587,0
80125.18,31,Male,17369.21,2863.94,722,309628.9,48,0.3524,0
112728.46,61,Male,34804.18,35508.14,631,1975495.12,84,0.9238,1
81404.43,23,Male,11755.2,8151.78,688,474321.08,84,0.3443,0
25000.0,49,Male,3494.8,2265.53,696,513022.42,36,0.9022,1
25853.76,38,Male,6834.9,8327.29,695,2094215.5,12,7.7456,1
35867.64,40,Male,11389.26,10112.32,758,1569135.12,12,4.466,1
49664.49,34,Male,16046.92,2452.31,674,1551317.46,24,1.8283,1
63502.18,54,Female,16569.95,17098.82,850,1250429.85,24,1.448,1
34102.57,51,Female,7890.39,10897.87,810,1465588.03,48,1.6617,1
53819.08,60,Female,9840.73,1478.89,809,1544247.26,60,0.8342,0
33600.91,38,Female,11592.32,9704.79,652,2422782.96,24,3.9945,1
36106.97,50,Female,6496.51,6917.99,588,635135.94,84,0.6727,1
25000.0,45,Male,7151.16,5855.48,697,614949.81,24,1.6667,1
30896.04,39,Male,7198.64,5329.54,739,237324.37,24,0.7635,0
25000.0,28,Male,6303.2,6105.78,709,1679677.12,48,2.2328,1
30093.47,48,Male,5969.65,359.14,685,1417701.23,36,1.7526,1
83018.68,28,Male,28326.45,22161.62,606,366974.09,60,0.7043,0
30494.47,51,Male,7407.73,355.88,676,974893.44,48,1.0809,1
182807.88,23,Male,61139.53,29131.34,704,528791.69,24,0.6286,0
62734.01,23,Female,6392.46,3314.72,687,895556.18,36,0.6221,0
53767.16,42,Male,13074.43,15498.44,687,2383034.01,24,2.5971,1
31914.67,37,Male,8913.66,3503.63,668,1739965.21,48,1.7982,1
69574.61,56,Female,19917.13,11057.68,827,118165.84,12,0.5953,0
36760.57,37,Male,11992.92,5516.39,766,706019.38,24,1.3715,1
52104.41,34,Male,5267.78,14087.77,782,124867.71,36,0.4499,0
176317.61,29,Female,17646.31,29691.98,737,1815684.4,60,0.4924,0
46721.98,50,Male,10188.47,12901.59,633,1226612.32,12,2.8145,1
87084.72,41,Female,9346.23,2240.51,767,2485644.86,24,1.4634,1
34489.55,32,Female,11851.75,2312.8,807,1860599.83,24,2.925,1
48170.68,57,Male,7491.33,9298.72,817,1342991.06,36,1.2613,1
118824.19,52,Male,25923.42,39387.95,760,2031293.03,12,2.0605,1
35829.13,31,Male,4130.54,937.48,720,1791528.76,12,4.5607,1
121324.53,40,Male,27966.77,1829.51,719,685062.83,12,0.7446,0
69833.98,55,Female,13616.86,3826.39,753,1372619.86,24,1.1659,1
37003.46,31,Male,4113.49,8303.71,613,1434396.94,12,3.7616,1
67252.12,28,Male,12359.67,9391.59,761,1182956.08,24,1.1433,1
79720.12,24,Other,15773.34,23034.6,688,530062.29,24,0.7967,0
66896.7,47,Female,23245.29,1684.23,850,636085.72,84,0.5355,0
25000.0,60,Male,3799.29,1718.62,700,774513.76,12,2.9588,1
34078.82,58,Male,8049.24,3578.59,732,124612.36,48,0.4357,0
43314.41,50,Male,15022.69,9501.26,729,2300665.34,60,1.721,1
47229.94,47,Male,14074.75,11326.23,675,1746630.38,60,1.3419,1
66858.66,41,Female,23289.67,2906.42,749,1755081.56,48,1.0703,1
53575.68,40,Other,18326.88,17697.74,742,1473593.47,12,3.1033,1
25142.82,24,Male,5591.38,3001.18,786,1754345.94,24,3.5938,1
59284.25,31,Female,16249.45,14797.89,766,2456470.12,36,1.8802,1
66522.32,33,Male,8488.97,12205.03,732,1024384.81,48,0.7091,0
64854.09,29,Male,13637.98,5056.37,666,1810061.41,60,0.8951,0
84152.87,24,Male,25435.6,24924.39,668,962869.61,60,0.8472,1
74381.39,32,Male,16835.03,21301.59,827,2150293.12,24,1.8601,1
61672.29,29,Female,17001.49,8549.33,725,2159268.66,60,1.1755,1
47330.83,33,Male,13557.34,9750.75,850,2265439.42,60,1.5331,1
25000.0,46,Male,4084.18,2255.97,666,113111.98,24,0.4645,0
60767.42,58,Female,19380.24,14672.18,850,815659.47,12,1.7467,1
54385.01,33,Female,11690.36,5882.25,658,421418.44,84,0.4558,0
56150.42,59,Female,8565.54,16588.38,691,1189566.87,60,0.9086,1
25890.35,48,Female,8190.52,1969.86,748,1289079.14,84,1.245,1
28551.7,39,Male,5837.53,147.93,784,714169.7,84,0.6379,0
82998.38,44,Male,23868.52,7800.01,764,1836271.58,12,2.3369,1
48060.81,39,Male,11390.81,3213.75,595,747447.32,36,0.813,1
68923.35,33,Male,13472.31,12261.48,682,2149339.3,12,3.1295,1
49719.83,33,Female,15038.71,3544.83,645,526382.48,24,0.8672,1
49755.59,48,Male,12245.72,13290.54,630,981364.71,24,1.4325,1
78365.72,22,Male,15488.24,6620.31,718,1593370.62,24,1.2298,1
37872.39,30,Male,4824.92,9371.1,582,1552804.17,60,1.2663,1
51434.29,42,Male,16657.58,10413.63,784,287269.87,48,0.6707,0
38904.39,33,Male,4235.42,13429.31,768,2131020.67,60,1.645,1
39448.52,29,Male,12457.72,13805.62,825,1535355.84,12,4.1056,1
41999.54,53,Female,7979.51,12781.89,650,2187662.92,36,2.1996,1
54779.26,34,Male,14233.55,14570.96,657,2182325.39,36,1.8301,1
38585.26,40,Female,12754.36,5219.03,788,1410204.86,36,1.6623,1
91846.87,35,Female,12668.13,24215.14,793,2285875.5,84,0.8277,0
31341.44,52,Female,7576.4,10494.25,807,2136178.72,36,2.808,1
44647.97,53,Female,12997.39,365.32,795,2399495.07,84,1.2195,1
39345.4,37,Female,11386.4,7407.57,734,2141196.16,48,1.8842,1
101061.95,44,Female,23386.54,7710.97,690,2070889.24,36,0.9786,0
54083.12,50,Male,13855.28,10560.09,767,1226465.15,84,0.8397,0
82118.8,33,Male,23763.68,13406.43,691,608874.54,60,0.6138,0
25000.0,36,Other,7756.42,5037.98,726,2285700.96,36,3.505,1
56023.42,22,Female,16272.19,10803.38,695,1834118.05,24,2.0092,1
76482.36,37,Male,14417.02,25700.94,737,776194.87,12,1.4215,1
51079.68,52,Male,17836.08,9871.92,800,918389.73,60,0.9334,0
83511.55,28,Female,17422.65,24734.55,697,1746588.43,48,1.0453,1
37848.85,23,Male,4016.37,4236.69,687,1246761.54,60,0.9343,1
99178.22,32,Male,18908.75,15207.52,713,295558.15,24,0.4829,0
154731.88,40,Female,20416.21,25475.79,643,439475.07,36,0.3896,0
40887.54,36,Male,5330.13,3988.78,763,1889556.84,36,1.7409,1
39232.03,34,Male,6684.5,5214.98,727,888566.87,48,0.8887,1
101386.2,36,Female,11491.5,21238.34,717,1318358.63,12,1.4721,1
107989.15,53,Female,29386.88,21928.89,741,1939891.55,36,1.0633,1
37743.55,50,Female,4472.51,8407.47,624,1902821.42,84,1.2045,1
39731.78,32,Female,5992.44,4892.42,811,500836.06,48,0.5998,0
42578.63,35,Male,5246.75,4706.69,686,336145.27,36,0.4922,0
25028.61,38,Male,2898.11,5357.78,695,1518765.5,84,1.3689,1
30966.9,48,Female,5169.55,1440.01,776,1879918.9,60,1.5334,1
29671.12,43,Male,7209.33,2627.71,759,457695.81,48,0.7302,0
33392.99,34,Female,11392.73,492.37,849,992692.69,48,1.1242,0
48177.99,50,Female,15363.44,1224.39,657,2188667.19,48,1.5184,1
55111.15,53,Female,17579.55,4694.6,659,2366135.54,36,1.8098,1
106430.8,35,Male,15327.82,727.48,642,1189767.43,48,0.4398,0
29757.1,27,Female,4946.43,2555.95,728,290838.24,60,0.4646,0
80190.57,35,Female,9550.56,18383.02,702,718471.49,12,1.1402,1
44046.69,58,Female,12976.91,942.05,674,659127.81,12,1.6386,1
47823.3,31,Male,5617.04,7310.17,715,673512.93,24,0.9267,1
68693.49,49,Other,16429.69,21953.62,652,1285316.09,60,0.9656,1
27963.04,51,Female,4529.14,7744.36,820,1499741.56,60,1.605,1
59349.85,45,Female,9547.1,6344.68,674,394023.01,48,0.4394,0
53275.19,44,Male,18522.79,17244.22,682,2234454.42,24,2.6262,1
62706.83,39,Male,18134.5,7234.88,564,1587937.18,84,0.8382,1
56646.43,22,Female,17517.05,1437.71,613,1533404.15,84,0.7981,1
167317.77,42,Male,40657.49,58213.13,681,2469469.6,60,0.9118,0
35636.65,40,Male,11323.67,10851.64,700,1607545.55,60,1.603,1
37590.31,53,Male,9825.08,6130.09,766,2329501.96,60,1.7718,1
35897.74,28,Male,12081.15,8372.49,622,787016.73,36,1.2875,1
37133.0,45,Other,6325.04,8723.65,749,676310.78,60,0.8013,0
35642.94,29,Male,8869.03,2426.17,760,1339644.85,84,0.9604,0
88832.54,54,Female,24209.78,6219.79,764,1320661.47,36,0.8293,0
99733.02,43,Female,19770.51,16391.45,787,643560.76,84,0.4731,0
36850.59,25,Male,11789.5,11757.2,644,1779173.58,60,1.6887,1
32332.31,45,Female,11153.05,113.09,755,171121.17,84,0.4391,0
62050.74,28,Male,13864.77,16994.27,834,1757513.13,12,3.0006,1
37193.47,36,Male,7351.67,748.87,811,1197226.93,36,1.2716,1
67269.75,35,Male,14663.76,11259.46,842,1753618.03,36,1.2388,1
54255.6,21,Other,16992.0,12112.86,735,1244993.51,48,1.1295,1
25000.0,42,Female,6534.18,6009.14,681,2445601.08,60,2.6287,1
106271.52,23,Male,11816.66,2175.14,555,903243.88,24,0.5278,0
120323.45,58,Male,28341.28,17628.74,639,2458175.05,24,1.3342,1
36084.03,34,Female,3764.47,7373.52,685,255937.46,24,0.6392,0
40382.4,56,Male,11898.02,933.48,697,1741025.86,24,2.3272,1
56552.95,38,Female,10297.05,2674.0,668,1190126.1,12,2.0893,1
57943.77,61,Male,12631.85,13459.01,742,2073130.3,24,2.1178,1
68136.76,38,Male,20418.51,12439.96,732,1995078.57,84,0.9836,1
133933.98,23,Female,14948.67,7586.02,722,2020504.44,48,0.5582,0
44870.08,30,Male,6265.45,8405.68,771,327372.64,24,0.667,0
32887.61,59,Male,6560.75,10505.7,689,2073677.68,48,2.1486,1
25000.0,21,Female,3937.03,136.39,791,613696.38,36,0.9666,0
34014.25,47,Female,6274.79,7650.55,641,161632.63,84,0.4908,0
48215.53,47,Female,16853.44,1242.88,700,622572.93,60,0.6561,0
120244.08,31,Male,36837.21,271.43,740,1250284.25,24,0.7932,0
37842.74,25,Male,12146.59,1995.41,595,1881067.26,48,1.6584,1
54824.58,27,Male,18325.87,8114.99,687,624717.95,84,0.6774,0
48619.92,39,Male,9006.06,13653.46,766,371218.12,48,0.6634,0
88804.86,49,Male,15475.96,8758.37,692,1650321.41,60,0.6769,0
173419.05,35,Female,27489.63,37976.28,601,2461355.29,36,0.8422,0
37592.72,55,Male,11560.86,5409.77,662,1542088.73,24,2.3633,1
38379.56,57,Female,10358.18,3147.74,632,1758537.67,48,1.5361,1
82626.06,32,Female,13141.1,14871.58,752,1446801.86,24,1.1551,1
68936.82,50,Male,13390.87,19241.13,727,1977636.27,84,0.9646,0
123420.64,40,Female,27976.74,35961.36,618,2441930.61,12,2.2667,1
65641.55,57,Male,15231.14,19448.4,613,1405910.15,48,1.0819,1
40960.11,23,Male,13196.61,4853.58,672,1100297.23,36,1.3201,1
65862.69,29,Female,12852.55,18290.7,722,2164823.35,84,1.0356,1
85336.01,61,Female,27916.05,6337.26,676,2427348.03,60,1.0198,1
73883.23,59,Male,15540.74,19095.03,742,410035.94,48,0.6122,0
63173.3,46,Male,18105.04,20969.4,740,1487610.32,12,2.6997,1
83561.43,22,Female,27789.49,401.96,754,2001903.98,60,0.8583,0
87960.91,43,Female,28753.89,13557.18,628,1380014.57,36,0.9947,1
97839.09,43,Male,11176.96,22182.06,702,1082072.72,24,0.8564,0
67802.54,41,Male,10267.07,16653.76,789,1672551.57,24,1.5468,1
45091.14,36,Female,9885.17,2779.0,676,748307.43,48,0.7098,0
52751.99,29,Female,10966.54,17949.61,667,937920.98,60,0.9347,1
89612.89,33,Male,23319.33,19297.5,688,2481463.98,12,2.9229,1
32582.55,48,Male,10953.51,1874.12,686,1627516.8,12,4.8084,1
58943.62,47,Other,7550.75,423.38,727,2195025.52,36,1.3545,1
40268.73,37,Male,8575.82,11039.37,682,2038644.43,84,1.3539,1
49730.44,58,Male,7365.21,1387.31,588,1665454.13,60,0.9041,1
92895.08,56,Female,30054.06,4586.03,797,2117749.8,60,0.8686,0
53935.79,21,Male,18399.93,10851.37,752,789180.39,24,1.2243,1
50172.3,38,Female,11021.62,10597.74,729,1629079.48,36,1.4939,1
25000.0,29,Male,3150.06,6010.26,713,1517448.37,36,2.3536,1
71191.36,33,Male,21095.69,9805.18,699,1593807.04,84,0.8174,1
67693.27,60,Female,18567.27,18335.71,668,504716.63,36,0.7892,0
144585.65,35,Male,27278.64,49307.4,597,765383.3,60,0.6448,0
42028.82,24,Male,13527.05,3987.83,825,787979.97,24,1.2906,1
54697.6,53,Female,18813.68,13458.89,721,1544670.79,36,1.5146,1
55530.73,44,Male,13297.58,18045.49,615,2434112.51,24,2.6074,1
107874.81,56,Female,26044.43,25911.57,653,2389762.12,84,0.8609,0
46739.84,61,Female,8150.42,11142.23,739,645254.93,36,0.8647,0
56359.76,30,Male,13871.63,4414.12,738,831628.58,60,0.6453,0
66432.94,56,Female,13944.98,12442.59,671,186548.54,24,0.5281,0
53814.84,40,Male,9447.07,10595.23,649,1057157.42,48,0.8801,1
39213.77,61,Female,4580.02,9609.15,682,2103217.89,84,1.2802,1
54016.51,31,Male,8814.25,18845.69,594,2297804.17,36,1.9047,1
83852.61,32,Male,12532.92,987.39,689,667591.55,60,0.3343,0
29341.04,38,Female,6910.12,669.9,689,737906.74,24,1.4305,1
52390.72,50,Female,13119.55,1429.35,819,630039.56,12,1.3406,1
34542.29,57,Male,8709.59,8982.47,690,940248.56,60,1.104,1
89100.78,40,Male,17556.88,4252.23,736,2031422.56,60,0.7405,0
25000.0,45,Female,5132.69,5446.45,823,1652457.93,12,6.265,1
37069.1,32,Male,11438.03,4212.31,650,1986258.2,12,5.1579,1
59195.8,41,Female,12967.33,9475.0,679,1499274.66,48,1.0337,1
107233.29,45,Female,37203.87,8094.19,684,718559.39,48,0.5956,0
47435.44,31,Male,9956.9,14379.45,611,647186.03,48,0.8657,1
37138.16,29,Female,9744.88,7618.99,703,121601.69,60,0.5387,0
125564.96,45,Male,14137.45,41511.42,795,1974357.13,60,0.7851,0
25000.0,55,Male,6583.37,5027.72,774,2133090.94,60,2.3196,1
25000.0,52,Male,7821.41,1084.2,796,1943878.24,48,2.3658,1
61084.12,34,Male,20500.71,3653.11,678,278564.94,24,0.608,0
38138.25,21,Male,13322.84,13202.54,646,1929331.91,60,1.7954,1
29418.63,37,Male,5017.19,7470.8,850,209841.89,60,0.5796,0
69855.09,45,Male,17033.64,1204.83,733,353423.36,60,0.3711,0
55375.93,28,Other,11777.33,13640.39,615,1157140.9,48,0.9991,1
36973.65,25,Male,8908.96,5333.84,850,1242752.82,36,1.4856,1
25844.36,25,Female,3601.75,2778.86,714,2058684.73,48,2.3057,1
75828.44,61,Male,23812.96,4088.77,528,1730864.54,36,1.1153,1
67853.12,55,Male,22214.58,19946.54,814,467968.43,48,0.7996,0
46649.25,39,Male,9909.02,1042.35,569,642752.28,24,0.8769,1
123416.3,43,Male,20994.03,12519.65,738,785620.45,24,0.5682,0
28708.76,29,Male,3881.66,3078.56,774,396814.33,60,0.543,0
25000.0,50,Other,6773.53,1407.92,764,790347.73,48,1.1443,1
34684.42,36,Female,6175.84,6169.13,821,1848635.57,36,2.1009,1
47916.11,53,Male,15687.0,196.26,786,679363.53,36,0.7957,0
55363.16,22,Female,14823.66,5832.03,840,2104863.15,24,2.1451,1
43450.69,34,Male,11358.94,14198.39,713,1226840.79,60,1.2021,1
58455.89,21,Male,14020.68,6353.3,693,875045.83,36,0.8386,0
26218.76,46,Female,2921.93,3307.78,697,1089803.45,48,1.3119,1
100899.71,45,Female,33597.65,16709.78,809,1802792.18,60,0.8871,0
47048.04,36,Male,12090.61,9249.3,678,1340302.49,84,0.9414,1
85703.41,35,Female,29868.97,24258.18,775,117468.79,48,0.667,0
58183.82,46,Female,13634.75,3875.77,664,2313577.23,48,1.3287,1
61597.5,36,Male,17095.01,18794.09,665,258390.41,24,0.7782,1
65178.42,34,Female,7433.75,17281.55,796,2352691.24,48,1.3121,1
61319.57,49,Male,15816.4,15509.41,748,167566.78,12,0.7524,0
67599.87,44,Male,19682.54,2053.79,579,1950350.4,60,0.9488,1
95280.1,35,Female,28072.24,721.67,664,1383219.3,12,1.5853,1
54082.21,39,Female,15820.56,11243.93,552,1313742.83,48,1.1283,1
69877.7,28,Male,10940.8,21109.84,695,274668.41,48,0.5603,0
46869.96,54,Male,16116.22,9587.46,702,672988.02,24,1.2176,1
100715.86,22,Male,35129.24,7516.65,689,1966113.56,24,1.3333,1
34954.55,47,Male,4156.06,1107.43,798,2239023.59,84,1.2474,1
120628.42,30,Male,40303.36,29536.93,746,1369884.83,24,1.1083,1
48046.33,55,Female,8281.38,12137.44,850,948024.15,84,0.7628,0
25000.0,43,Female,6808.03,1509.65,754,243863.7,24,0.7873,0
52263.43,28,Female,9644.05,515.66,755,1737228.46,84,0.7635,0
34873.21,48,Female,11924.5,4983.35,737,768271.87,36,1.2061,1
74631.79,43,Male,9357.03,15221.27,702,232032.92,24,0.4742,0
35372.43,24,Male,7938.87,8740.56,677,1698044.15,48,1.7122,1
39218.67,34,Female,8118.73,11117.74,704,1265727.5,84,1.0431,1
25000.0,49,Male,4537.65,5342.2,707,128709.16,48,0.5283,0
39098.79,21,Female,10219.78,1517.35,713,366217.69,84,0.4606,0
25000.0,24,Female,3319.1,5972.59,761,1778084.63,60,1.9181,1
25000.0,52,Male,6979.14,8611.55,739,252811.2,84,0.7968,0
71697.23,53,Female,24746.16,22724.77,686,2178311.36,12,3.3473,1
72613.06,46,Female,21866.67,22153.09,672,847183.07,84,0.806,0
60641.14,37,Female,19102.21,6413.38,734,312799.53,84,0.5091,0
30227.64,59,Female,5740.51,7943.09,659,1923417.71,36,2.5359,1
47865.22,43,Male,8674.21,14258.39,692,1358625.36,36,1.4084,1
48932.58,52,Male,11218.39,11617.29,685,835936.08,60,0.8381,1
27469.12,35,Female,3060.93,2408.95,850,1074636.02,60,1.0497,1
103953.52,33,Female,34963.68,34704.04,637,151389.75,24,0.7381,0
76014.63,22,Male,10333.91,11994.11,668,1690476.49,60,0.7773,0
43893.34,39,Male,14298.4,1994.16,683,977856.85,36,1.1005,1
49684.23,44,Female,6006.6,1908.98,690,1813690.17,12,3.3856,1
54403.92,44,Female,16628.9,12329.65,784,1607610.75,84,1.0382,0
25000.0,31,Male,3449.77,3829.96,703,1663010.05,12,6.1704,1
43321.8,42,Male,4745.16,1432.62,633,2002942.51,36,1.6562,1
34856.95,35,Female,9755.5,9032.4,813,1614779.39,24,2.6981,1
29708.55,30,Male,5052.42,8311.38,737,1104942.23,12,3.737,1
42593.2,61,Female,11867.49,10814.22,747,1035826.15,84,0.9489,0
120432.33,47,Male,28755.78,8525.56,762,386997.06,84,0.3646,0
67536.36,29,Male,8590.75,16304.72,639,1970664.19,12,2.9475,1
36842.62,48,Male,12269.79,138.27,719,1926660.26,24,2.7741,1
65270.23,21,Male,13907.69,6970.16,773,691116.08,12,1.2557,1
98683.96,37,Female,27987.94,13775.05,678,2170436.59,48,0.9916,1
77832.69,51,Female,17532.21,22753.33,739,1513607.82,36,1.1543,1
50504.37,30,Male,12681.16,6900.82,755,1248848.42,12,2.5732,1
35473.16,57,Female,6232.4,139.92,625,141991.12,12,0.5334,0
69502.06,49,Female,10431.57,8571.08,652,1018578.85,24,0.9565,1
59679.43,38,Female,14063.01,10421.43,571,1637609.84,12,2.8355,1
76695.37,58,Male,16110.23,25474.5,734,315394.81,24,0.7339,0
67345.13,59,Male,13302.57,22180.93,842,1202961.54,36,1.1117,1
82849.12,26,Female,22215.31,5244.84,675,2484246.28,48,1.1064,1
37510.73,60,Female,10226.43,2430.74,707,1819692.73,60,1.3922,1
94721.57,32,Male,10559.56,5416.51,785,1412490.13,36,0.6569,0
54111.38,34,Male,9993.62,14941.38,737,1379278.92,12,2.7136,1
138362.24,30,Male,28079.39,291.63,656,205036.2,48,0.2433,0
34731.63,40,Male,4314.47,1545.98,819,2397554.65,60,1.6696,1
116772.39,35,Male,18563.92,21986.59,732,2327626.38,60,0.7807,0
54119.8,51,Female,6110.69,4689.3,704,1737771.31,84,0.7494,0
35393.77,27,Other,12354.57,1144.1,710,337627.96,84,0.5447,0
38486.28,61,Female,10935.46,4847.63,758,598801.35,12,1.7852,1
41765.52,30,Female,5089.65,4008.35,680,541382.89,84,0.4398,0
60601.99,30,Male,6366.99,10840.88,822,1346988.36,60,0.7672,0
63666.75,59,Female,17815.35,21820.62,801,598729.3,60,0.827,0
36796.21,48,Female,7719.77,1600.88,720,1769921.35,36,1.8281,1
48427.48,50,Female,14368.39,6317.58,724,1408551.73,84,0.9252,0
143076.56,57,Male,47339.6,46670.82,665,142379.62,84,0.6741,0
116281.77,23,Female,29050.1,35687.52,678,1885737.37,36,1.0877,0
60971.5,35,Male,8949.22,8413.75,646,553188.97,60,0.482,0
49961.19,41,Male,14765.95,12222.19,706,2079724.29,24,2.4803,1
52052.89,57,Male,17643.48,1600.62,724,952109.05,12,1.9863,1
66619.93,32,Female,16325.73,16614.3,616,912687.23,24,1.133,1
29395.7,24,Male,7951.52,10009.24,764,128361.61,24,0.8145,1
43101.44,29,Female,7946.56,8108.28,663,2470549.56,60,1.6188,1
25000.0,59,Female,4884.55,4361.79,746,1568810.41,12,5.916,1
59850.89,48,Female,16977.52,3923.92,772,1114552.4,24,1.2172,1
67751.24,43,Male,22489.53,15028.98,804,331891.37,36,0.7141,0
38499.74,60,Female,9903.95,7956.09,791,1777955.35,36,1.9758,1
107687.99,42,Female,32033.08,24571.88,827,778553.13,12,1.1646,0
26558.82,44,Female,3795.49,242.46,773,2471873.96,24,4.4899,1
25000.0,46,Female,3824.74,4801.33,730,2381313.66,48,2.8069,1
54842.78,50,Male,12778.84,11419.76,689,1864712.03,84,1.0234,1
82747.51,53,Male,11927.11,6010.41,712,2430572.63,48,0.9759,0
113773.38,36,Male,29438.72,8295.96,825,353521.27,12,0.6063,0
38970.41,42,Female,6738.5,3767.52,707,771796.87,84,0.6087,0
84064.57,38,Female,25041.42,20940.7,719,707783.89,12,1.2911,1
48085.97,27,Other,14523.29,10203.51,815,272830.38,48,0.6609,0
44967.1,46,Female,9710.5,13311.02,704,2433343.84,24,3.0341,1
76254.37,28,Male,11072.34,7890.84,668,243937.81,24,0.3978,0
67925.14,26,Female,17775.58,21683.32,793,2156053.37,60,1.2711,1
25000.0,50,Male,8704.92,6507.43,666,1943587.42,84,1.9397,1
102566.86,59,Female,26220.98,14180.29,746,1002081.01,12,1.2574,0
97738.0,43,Female,10647.94,3258.75,734,145137.67,24,0.2115,0
35854.3,52,Male,3740.45,3224.89,740,114630.17,48,0.2769,0
59748.64,42,Male,10760.16,20007.96,562,589585.22,84,0.6839,1
62756.35,29,Female,9347.3,6817.05,770,1285303.79,48,0.7869,0
55845.09,51,Male,16935.74,6448.17,716,1198983.95,36,1.1216,1
37229.15,27,Male,11585.77,2470.38,760,1504702.18,24,2.2613,1
35037.99,29,Female,5769.17,9894.65,752,1952702.34,60,1.6588,1
48398.45,33,Female,8780.02,4669.26,740,1005651.08,60,0.7297,0
88112.04,23,Male,14015.26,10184.91,694,484872.87,84,0.3689,0
64331.2,55,Female,21042.46,9329.43,694,2020117.4,12,3.2475,1
40728.89,53,Male,9190.98,6182.84,716,898457.64,36,1.0997,1
72102.89,41,Female,19037.63,10380.6,731,788516.55,84,0.5953,0
25000.0,51,Female,5096.76,4407.76,692,1934348.89,48,2.38,1
87062.61,54,Female,22440.7,24819.77,781,2341934.65,48,1.2381,0
25000.0,52,Male,4911.6,7168.74,698,2295907.08,12,8.5999,1
40895.67,55,Female,7562.41,11426.64,656,429861.82,60,0.6929,1
28005.75,35,Female,7242.85,991.23,758,1307579.57,60,1.3092,1
25659.25,52,Female,6357.48,7181.7,842,322888.68,48,0.8529,1
87589.24,26,Other,15186.4,3686.47,644,2406342.3,12,2.6436,1
38798.99,41,Female,5328.54,1693.7,711,616546.93,84,0.4531,0
58293.85,53,Male,11200.82,19339.1,789,573830.98,24,0.9827,0
47884.14,52,Female,9758.76,13732.66,757,2233325.62,84,1.2892,1
62225.52,39,Female,16002.6,12030.91,760,2422841.33,36,1.7252,1
50940.37,53,Male,16740.64,15599.96,721,1774317.42,60,1.3922,1
25809.65,48,Male,2814.44,8937.31,547,390412.08,84,0.7143,1
80670.92,51,Other,12981.18,17241.37,736,1266053.47,60,0.7159,0
38296.8,41,Male,5684.36,8215.22,744,2059852.23,60,1.5324,1
25000.0,54,Male,5639.34,6601.24,793,1473945.24,24,3.2375,1
39574.59,35,Male,8208.77,3215.38,671,418227.65,24,0.7812,1
103816.47,34,Male,29303.17,6072.61,829,512530.6,84,0.4253,0
74990.06,39,Female,12043.7,19936.35,699,2173940.02,36,1.3755,1
41178.6,35,Male,10238.01,4970.94,688,1364869.99,60,1.09,1
41166.13,26,Male,13212.86,1946.11,673,1794008.26,48,1.4946,1
41738.63,29,Male,13676.47,4599.9,788,995350.06,60,0.9564,1
138465.16,57,Female,47036.08,17380.55,648,1377965.4,36,0.791,0
59335.78,40,Female,17404.09,20045.39,761,2445047.54,84,1.3367,1
60780.29,54,Male,19844.58,14847.77,667,891287.29,36,1.0509,1
82054.73,58,Female,13016.56,15245.74,717,1719492.47,48,0.886,0
55237.35,46,Female,8252.2,18731.29,620,514013.34,24,0.9222,1
43065.56,38,Female,4376.41,13612.98,771,392175.72,48,0.6531,0
44436.88,48,Male,12296.18,7963.1,710,1980736.27,36,1.9152,1
47296.87,29,Female,15814.5,14992.53,756,2125859.7,48,1.813,1
48116.91,52,Male,7060.38,6808.86,708,1703948.07,60,1.0582,1
70531.51,26,Female,18284.3,5688.17,754,479670.01,36,0.5625,0
50310.69,34,Male,14419.8,4097.17,717,677411.12,84,0.5986,0
70708.43,48,Male,23468.38,16390.95,768,2286821.7,24,2.0711,1
47081.8,44,Female,12322.01,8256.95,754,792889.72,24,1.222,1
50986.57,33,Male,17466.65,11759.18,732,2065265.24,48,1.6201,1
25000.0,32,Female,4654.21,6003.16,661,786249.49,48,1.2391,1
77510.12,39,Female,14531.76,605.59,691,2354710.17,48,0.9805,1
58293.4,41,Male,13742.85,1102.55,669,2294686.99,84,0.9287,1
80741.26,47,Female,15815.23,15053.18,812,203831.62,60,0.4372,0
25000.0,39,Female,2508.91,1671.56,770,1948993.57,24,3.8008,1
139272.45,44,Female,39406.17,30833.08,722,506708.22,36,0.6234,0
45716.07,46,Female,13162.99,8835.32,683,616651.9,36,0.9228,1
85313.79,48,Male,24463.19,17490.7,668,1203628.51,24,1.1493,1
29145.24,38,Female,5428.45,3085.3,727,1483163.56,84,1.1635,1
66595.14,56,Other,15355.0,14913.66,839,881919.33,48,0.7968,0
28949.04,49,Male,5500.13,8404.55,720,1480920.08,12,5.0016,1
35886.47,37,Female,3732.52,12536.04,798,509580.09,48,0.8203,0
127645.95,24,Female,30713.18,37458.41,737,153610.37,84,0.5547,0
44562.98,49,Male,5835.08,8695.33,756,1470938.53,24,1.8645,1
54650.65,24,Female,6558.64,3699.87,689,1341796.62,60,0.7215,0
75737.89,30,Female,21878.77,18063.95,707,1755169.51,48,1.1263,1
62808.2,45,Female,6430.09,20612.32,665,1659572.95,36,1.2956,1
52849.81,51,Male,17955.84,3918.99,739,2253967.31,60,1.3412,1
58834.31,23,Male,13462.1,5271.46,704,1202724.69,24,1.2712,1
163032.98,22,Female,56369.32,8502.66,743,120086.74,12,0.463,0
47628.69,45,Female,5453.46,12281.18,655,1613566.44,48,1.2479,1
54206.14,26,Male,13328.34,7713.35,749,1720317.83,60,1.0782,1
82894.77,46,Male,15528.82,1819.0,730,1351587.97,60,0.5638,0
85200.53,28,Male,26486.34,26091.17,728,1754331.69,36,1.2912,1
88744.36,55,Male,16888.56,17321.58,745,876601.15,48,0.6408,0
67465.06,47,Female,11139.96,7818.05,704,457139.93,12,0.8799,0
27680.89,45,Male,8702.55,3332.61,850,1694928.79,60,1.7661,1
110936.78,38,Female,21484.38,11269.84,750,688447.43,36,0.4984,0
27634.69,21,Female,2879.77,4405.47,726,1195158.18,48,1.3814,1
57029.15,59,Male,11267.38,6727.42,768,1279894.55,48,0.8956,0
33619.52,23,Female,8863.13,6447.59,686,1245278.92,12,3.7291,1
47473.68,24,Other,7766.21,12852.6,683,1536277.94,36,1.4938,1
57779.03,61,Female,12017.86,13639.4,772,170688.9,12,0.7052,0
57565.49,57,Male,6572.76,5932.69,777,2475237.99,60,1.1521,1
60533.99,35,Male,14953.3,11202.38,797,1819145.14,84,0.9466,0
109848.3,28,Female,31754.26,32300.25,627,1120930.68,24,1.0587,1
61498.44,58,Male,12504.36,1468.1,711,559192.07,24,0.651,0
43387.28,39,Female,8896.92,1188.99,741,292425.57,12,0.8281,0
79383.32,46,Male,9690.37,15452.72,766,1713257.01,12,2.2242,1
88852.7,59,Male,13371.02,19875.49,754,860693.48,84,0.54,0
26534.37,30,Male,3679.49,1963.4,664,650748.3,84,0.6326,1
66085.2,58,Male,14566.63,17236.81,753,1011890.53,84,0.7434,0
69604.63,34,Female,16170.12,15744.02,740,1523015.41,84,0.8332,0
42244.03,61,Female,14246.17,13651.21,740,1712092.52,24,2.5493,1
97523.96,39,Female,11537.85,5766.98,648,1648408.17,60,0.5449,0
45477.46,50,Male,11367.87,11959.71,659,2171837.4,84,1.3307,1
52197.41,25,Male,12090.21,1528.08,837,625017.83,84,0.4659,0
44957.1,51,Male,10297.8,8894.87,784,1628190.79,12,3.6278,1
49404.14,27,Female,15724.84,9543.07,715,342674.5,84,0.6302,0
28335.27,39,Male,4289.52,3851.75,717,1415043.26,60,1.3731,1
25000.0,51,Female,2754.83,7390.0,850,1501500.17,60,1.7116,1
108798.47,59,Male,29165.37,166.43,722,618969.52,36,0.4559,0
32097.05,44,Other,5979.34,5843.68,712,1040063.51,60,1.0729,1
29860.86,54,Female,3117.4,2269.54,668,2085262.94,84,1.3761,1
25000.0,43,Female,4071.09,6505.61,704,456181.73,48,0.8947,1
35614.89,60,Female,6315.65,536.84,610,1142814.87,84,0.7418,1
25297.35,26,Male,6430.83,7362.65,753,2338559.37,24,4.8538,1
111413.92,58,Male,15948.51,32681.3,801,1309861.43,24,0.9844,0
81219.33,61,Male,16508.93,23675.69,802,1840320.91,12,2.4974,1
34749.65,56,Female,7666.43,1855.6,674,2084478.49,12,5.5756,1
151178.71,47,Male,32474.6,33356.41,570,589058.5,36,0.563,0
80088.11,31,Male,27509.08,402.73,742,623721.37,84,0.4819,0
41671.98,25,Female,4641.26,12367.7,805,1920619.49,36,1.9171,1
25000.0,37,Male,8443.55,6326.03,615,1907936.17,48,2.5632,1
154117.61,27,Female,37833.45,28651.05,695,244439.97,12,0.5716,0
25000.0,47,Male,7473.3,6392.68,743,873995.78,24,2.184,1
25000.0,35,Male,5189.95,825.34,665,1056477.98,48,1.3328,1
81738.89,33,Female,17447.94,15124.11,607,2089696.97,12,2.658,1
166022.1,31,Male,53099.12,16925.42,671,1112469.41,48,0.595,0
97942.55,46,Male,31731.78,33341.29,683,2322229.34,84,1.0704,1
64987.78,42,Female,10376.74,19495.77,597,2491858.67,60,1.2933,1
65997.83,48,Male,9887.17,16938.11,789,1973742.8,60,1.0567,0
75109.91,44,Male,16829.04,24546.8,821,1699328.05,48,1.1356,0
71643.97,49,Female,23289.25,8697.23,721,1040553.2,12,1.7301,1
56420.94,29,Female,10188.99,17789.97,767,260894.67,60,0.5964,0
51642.52,24,Female,13582.17,5878.64,623,1475533.02,60,0.9981,1
47510.38,38,Female,13162.18,12185.41,710,968091.77,48,1.0602,1
33624.75,36,Female,9908.16,8666.64,682,942155.38,60,1.1616,1
42602.25,53,Female,10266.34,273.61,746,1750502.21,84,0.951,1
25000.0,49,Female,5015.34,3159.27,544,1212734.46,24,2.5879,1
46668.76,59,Male,15949.23,317.41,700,1905025.23,60,1.2361,1
29902.71,30,Female,7560.38,10435.51,760,1055615.73,84,1.2063,1
28231.83,29,Male,7965.37,1207.44,735,462072.13,48,0.7479,1
53634.46,51,Male,9989.19,10189.68,770,1207234.06,60,0.8656,0
98321.81,48,Male,26299.83,27205.12,681,2382430.03,60,1.071,1
77587.24,23,Female,12759.18,5465.42,536,2023659.11,36,1.0888,1
25000.0,34,Male,4031.86,4244.21,791,593798.21,48,0.9449,0
29887.21,45,Male,8328.98,6354.02,769,1039121.2,48,1.3899,1
78463.25,35,Male,18073.91,4399.56,821,2326701.03,84,0.7942,0
29994.11,22,Female,8122.98,8173.23,724,396877.74,36,0.9765,1
43812.89,44,Female,7332.51,4590.18,747,709480.58,36,0.8023,0
64539.07,34,Male,16114.17,4766.73,850,729334.35,84,0.517,0
30206.96,27,Female,6373.17,5902.47,599,1470238.9,24,2.6749,1
51672.85,56,Male,12878.94,7420.73,748,1085759.97,60,0.8497,0
25159.41,44,Female,4345.53,8103.85,799,291689.62,12,1.5195,1
36290.68,47,Male,10120.12,11178.33,733,1610035.49,12,4.5079,1
57520.17,57,Other,17341.32,9730.84,724,337786.87,36,0.6629,0
25000.0,58,Male,4124.48,3143.56,623,1555395.84,48,1.8987,1
61098.18,50,Male,10701.66,6960.99,815,1316820.11,48,0.8461,0
48541.83,47,Male,12877.59,4545.81,789,1284804.79,84,0.8121,0
64617.79,59,Male,17698.57,12315.62,803,261990.99,24,0.6535,0
54828.04,35,Male,15133.91,15447.39,718,1634129.07,12,3.1919,1
96961.59,46,Male,26245.04,10546.01,699,1135168.62,84,0.5799,0
52188.23,21,Male,10343.81,3472.24,719,1086654.69,84,0.6213,0
39549.06,24,Female,7858.93,6581.73,830,1531483.35,48,1.366,1
52111.91,49,Male,8530.95,1259.13,703,1554995.34,24,1.5786,1
64321.49,21,Female,8954.09,15787.56,816,136079.91,24,0.4833,0
50233.13,42,Female,13720.9,9113.57,710,400542.16,36,0.7156,0
50025.88,31,Male,6168.05,8691.06,664,667643.73,12,1.4766,1
34509.99,30,Male,11541.8,3628.93,584,1727145.6,24,2.7722,1
35191.14,37,Male,10792.12,11142.77,757,1484178.7,24,2.589,1
25000.0,56,Female,7859.41,791.76,769,1918309.92,24,3.9224,1
117569.9,46,Female,38406.23,35792.79,645,1877458.73,12,2.0425,1
26319.58,41,Male,5320.54,3470.15,815,2147638.89,36,3.0054,1
34667.14,33,Female,10804.89,10685.04,630,1004355.67,60,1.2498,1
34227.9,29,Male,4775.32,8730.39,766,928153.28,48,1.0954,1
76685.06,31,Female,8083.41,2795.92,769,2094436.97,84,0.6095,0
42299.27,31,Female,12530.01,12310.68,789,670243.68,84,0.8586,0
91479.58,26,Other,10858.55,21841.84,591,1206813.7,12,1.5234,1
35005.3,21,Female,12151.43,395.76,789,566381.56,12,1.7884,1
56358.99,26,Female,15143.61,2637.37,710,2293217.78,84,1.0122,1
32283.98,33,Female,9309.49,7182.21,697,1078727.23,12,3.464,1
143282.65,42,Male,23133.12,33228.71,773,609968.56,60,0.4859,0
27070.53,51,Male,7267.53,7074.29,782,1760832.14,48,2.2109,1
57234.4,42,Female,6341.86,14427.98,590,687147.23,48,0.6732,1
67298.18,57,Female,20825.85,15534.57,636,2364408.65,24,2.1778,1
60288.67,47,Male,8585.47,16168.43,797,982280.84,84,0.6896,0
44683.35,34,Female,12258.41,8993.86,750,1695137.71,84,1.1252,1
45939.92,25,Male,7172.15,4193.26,731,928587.83,84,0.5935,0
50106.49,56,Female,5868.14,16000.6,655,2037389.4,24,2.3316,1
45546.95,52,Female,10037.34,290.36,748,2252614.58,84,1.0736,1
79375.07,54,Male,11296.78,10183.55,799,1991004.06,36,1.0918,0
148043.51,27,Female,41801.71,37766.58,850,2136397.64,12,1.8129,1
37095.62,30,Male,5912.72,5545.97,696,344513.99,36,0.6129,0
25000.0,37,Female,4640.45,217.3,777,2317755.22,12,8.3882,1
46904.03,50,Female,11344.2,1083.17,840,1598321.75,48,1.1457,0
178056.23,41,Other,30490.72,40422.87,625,2186122.08,84,0.6085,0
32799.31,33,Female,6379.37,11076.41,836,1742648.23,36,2.2716,1
111252.58,21,Male,33810.26,21488.69,733,584434.4,48,0.6328,0
113419.7,21,Female,16423.45,20116.71,724,1562932.24,24,0.9644,0
37168.09,53,Male,4480.63,4141.04,684,318270.98,84,0.3786,0
65152.86,58,Male,11863.65,5853.45,696,1769735.27,48,0.974,1
110657.85,45,Female,22805.94,812.75,671,1081602.74,60,0.426,0
40555.88,46,Male,9557.59,3874.47,658,464159.62,36,0.7059,1
44276.52,33,Male,8550.06,6959.77,749,2450151.56,84,1.2978,1
36649.66,48,Female,10902.47,2539.18,792,2262602.62,84,1.4238,1
29514.05,53,Male,3241.52,902.3,651,2244504.91,12,6.8617,1
35431.67,57,Male,7367.73,8900.6,674,1993168.74,48,1.9131,1
26583.07,61,Female,5198.69,8323.61,736,1760754.7,84,1.6428,1
49863.36,50,Female,13058.95,16348.71,647,1672190.75,84,1.164,1
33356.68,28,Female,11393.61,7215.04,735,354625.21,36,0.9059,1
55099.34,21,Female,12540.27,1017.75,702,2261358.96,12,3.8734,1
25000.0,32,Male,8667.98,6482.55,613,2214708.15,84,2.1229,1
57840.25,25,Male,10154.57,2228.78,750,1894846.3,84,0.775,0
74366.77,44,Male,8010.57,17432.45,683,2325555.9,36,1.3659,1
25000.0,26,Female,3535.39,6819.45,786,1427400.28,36,2.2834,1
59102.49,45,Female,11748.46,15015.14,707,1174341.6,60,0.8848,0
90566.03,21,Male,16218.88,30172.92,673,2423073.77,48,1.2037,1
26773.81,45,Male,3327.01,6917.05,717,1213914.85,60,1.3684,1
113129.24,21,Male,23549.55,27447.8,800,1639178.66,24,1.1261,1
60446.23,52,Female,11154.08,5537.49,839,995349.15,84,0.5581,0
34457.92,23,Female,4502.09,11152.96,758,1627182.94,36,2.0003,1
47672.76,39,Female,8296.46,2995.77,681,1828237.59,48,1.228,1
64806.65,49,Other,20842.4,20525.16,722,1599173.26,24,1.7884,1
50919.57,22,Female,8937.01,5572.23,713,1334951.06,84,0.7338,0
64175.58,29,Male,17872.18,2923.66,710,820265.91,24,0.9198,0
30935.61,37,Male,7827.07,8950.88,703,1645229.62,60,1.6987,1
53352.73,56,Female,11033.09,46.6,657,2280229.35,24,2.1996,1
25000.0,37,Male,3993.91,7280.77,783,116590.22,12,0.8632,1
46369.03,32,Male,8914.62,4257.1,775,421429.67,12,1.0873,1
31196.03,40,Male,7737.45,9659.93,721,387455.58,12,1.6554,1
33936.11,23,Female,6369.41,8213.14,801,2315692.73,84,1.5981,1
90948.31,24,Female,13980.95,21205.89,758,1690594.45,24,1.2533,1
84597.08,37,Female,10922.81,10816.74,647,2384291.46,84,0.7396,0
66474.19,57,Female,21267.87,1382.07,696,1498751.86,84,0.7268,0
28391.46,35,Male,5964.43,8248.45,816,1208158.95,36,1.8938,1
41847.85,53,Male,10725.69,2503.18,696,2001622.99,48,1.5523,1
89908.6,36,Female,20013.89,11714.24,674,486261.44,12,0.8309,0
52620.36,31,Male,16740.73,11056.81,766,1015211.48,12,2.2334,1
156320.67,40,Male,37006.37,26385.18,701,1219058.18,12,1.0948,1
59674.43,58,Female,13140.03,4149.24,756,816300.15,60,0.5871,0
53961.42,44,Female,17869.34,2655.75,717,991085.47,60,0.7797,0
42000.71,36,Male,11756.94,1811.75,668,287452.45,12,0.9279,1
52405.69,50,Male,6702.03,15829.28,674,575160.61,12,1.3999,1
45422.6,54,Male,6560.21,501.73,610,905192.13,84,0.4967,0
69846.44,21,Female,20729.08,23884.34,648,2010137.04,60,1.2645,1
79090.75,44,Female,24436.1,5495.62,760,537993.65,48,0.5543,0
33090.62,44,Female,7819.24,1277.72,798,931936.9,36,1.1969,1
25194.56,29,Male,6011.77,5087.79,680,255808.69,48,0.703,1
25000.0,42,Male,6449.58,699.88,630,1437050.43,84,1.2702,1
63195.96,32,Female,13257.18,13325.41,793,1567002.13,36,1.2324,1
28234.97,37,Male,7624.85,8406.1,795,2177239.51,24,4.1618,1
25000.0,45,Male,3178.01,419.11,766,2065878.4,24,3.9953,1
59533.19,48,Male,20260.32,16666.56,625,784907.09,48,0.961,1
170501.57,35,Other,49025.8,23540.66,753,428688.85,60,0.4803,0
48872.23,50,Female,12598.94,2728.13,755,474599.64,12,1.1719,1
74551.5,47,Male,13350.72,4594.89,778,2425513.46,24,1.7571,1
51068.07,42,Female,7161.73,16421.84,729,1715741.95,84,1.0371,1
46655.92,30,Female,9440.16,1806.14,671,202169.89,60,0.3353,0
77616.73,51,Male,20599.03,23546.9,693,428270.21,60,0.6887,0
42398.27,47,Male,10956.87,8076.26,796,1265920.16,36,1.4264,1
56033.0,32,Male,10963.43,765.95,744,598789.13,24,0.7074,0
57575.3,51,Male,14585.07,9359.82,634,2028781.56,48,1.3266,1
35099.94,52,Male,10650.62,10042.35,830,1475721.08,84,1.3094,1
80500.7,52,Male,8579.06,20460.94,795,1570317.3,60,0.7849,0
44914.69,61,Female,9551.34,7683.73,828,1210781.32,48,1.0805,0
33594.83,55,Male,9730.37,10112.63,793,714550.66,48,1.1404,1
64103.54,41,Male,15162.8,2700.53,659,1514568.67,84,0.6832,0
31281.0,30,Male,8222.8,9962.35,741,1820728.11,24,3.2942,1
49716.42,36,Female,11393.47,14728.71,759,990275.39,84,0.8665,0
48797.8,27,Male,16980.1,12096.82,632,1311864.71,48,1.2907,1
84368.36,24,Male,9588.92,24151.35,643,2115241.53,48,1.0479,1
62152.67,47,Male,13845.2,11829.86,768,456836.23,12,1.0627,1
48411.2,45,Other,5947.52,11439.9,773,1408538.61,84,0.8573,1
73782.96,51,Female,10325.66,14476.91,850,936190.39,48,0.6641,0
98233.62,31,Male,19230.17,12220.26,703,1786707.42,12,1.9277,1
64789.91,40,Male,8998.35,12899.75,610,145144.58,24,0.4424,0
49275.21,56,Male,16798.99,4440.33,710,1709135.92,48,1.3275,1
25440.1,37,Male,8565.62,3920.26,774,346954.56,60,0.7873,0
28780.21,31,Male,5296.35,2828.27,696,255442.61,84,0.4343,0
42082.52,50,Male,10938.8,1810.0,726,1839095.92,48,1.4325,1
36143.19,55,Male,8437.21,4071.59,678,1636821.17,12,4.3486,1
44645.75,61,Female,13567.7,13313.16,797,2247846.23,60,1.6968,1
50429.17,58,Male,12953.31,6726.15,768,1347171.89,24,1.6353,1
63885.42,42,Female,6392.57,16725.28,666,1372058.62,84,0.7296,0
47322.95,47,Female,13761.21,2901.81,686,1796842.81,36,1.5952,1
62520.57,57,Male,17925.4,9287.22,675,876154.18,36,0.8941,1
50626.84,55,Female,11514.1,2035.18,599,188589.89,12,0.5969,0
25000.0,24,Male,8143.24,1212.93,670,652109.98,24,1.59,1
30648.29,36,Female,10025.41,6623.18,604,671232.19,24,1.564,1
45613.37,36,Female,10535.68,9698.25,780,905581.24,48,0.9567,0
26773.09,41,Male,6746.74,1999.42,785,2364310.56,36,3.2178,1
66168.8,46,Female,23101.55,10987.21,700,2031622.72,48,1.3087,1
105384.98,56,Male,18411.29,31842.83,733,2346294.99,24,1.5145,1
90163.59,39,Female,16333.52,5497.32,789,2496663.02,12,2.6894,1
44058.72,37,Female,6419.07,296.24,770,1141069.61,12,2.4414,1
103296.94,46,Female,33464.77,23572.19,850,644975.96,60,0.6879,0
52803.55,42,Female,15108.26,988.71,736,1444009.99,12,2.7218,1
41417.43,48,Male,5235.61,14205.31,814,2214722.59,36,2.22,1
36072.95,21,Female,12461.11,7696.78,726,1217756.47,60,1.2928,1
42140.53,56,Male,11914.83,6937.96,712,1312958.33,36,1.4674,1
40372.8,57,Male,12621.77,6076.0,764,422653.85,48,0.7337,0
53380.89,22,Male,5980.67,10706.86,755,1109093.18,48,0.8496,0
53118.84,37,Male,12017.62,1684.85,680,1028787.54,12,1.9697,1
49095.52,60,Female,13484.06,15980.92,666,944052.41,60,1.0182,1
60990.24,58,Female,14377.63,13355.32,724,2229516.81,36,1.6515,1
88904.95,41,Male,23707.56,5724.81,597,242323.44,36,0.4203,0
78808.57,29,Male,23994.73,15517.67,700,2433153.24,24,1.9404,1
25000.0,33,Male,4839.61,1165.99,656,119792.38,12,0.6637,0
25000.0,31,Male,7804.18,153.59,682,2369425.63,84,1.9411,1
78210.56,36,Female,11006.5,17259.58,669,1415314.01,48,0.8291,0
25000.0,36,Female,4193.04,5674.23,769,1785868.59,84,1.6178,1
43810.0,22,Male,4855.74,8950.11,749,549118.84,24,0.8993,0
27308.23,28,Male,5218.79,1753.71,723,1670107.69,48,1.836,1
25000.0,33,Male,4874.43,5280.01,695,2216698.4,48,2.6978,1
64262.49,37,Male,19363.42,1271.04,787,434752.34,36,0.5426,0
71652.09,59,Female,18864.75,15278.62,778,404995.87,48,0.6226,0
36744.54,44,Female,7686.25,7124.98,712,829546.98,60,0.8939,1
25000.0,23,Male,6575.71,5733.48,808,488142.14,48,0.997,0
37304.82,50,Male,4222.75,11691.94,707,365550.04,60,0.6397,0
59629.28,33,Male,8650.29,17747.18,733,1727965.69,48,1.1917,1
25000.0,39,Female,6418.42,8580.72,682,613183.87,24,1.7431,1
53727.48,27,Female,13987.5,18357.84,694,1700835.76,36,1.6384,1
48646.98,29,Male,14279.53,13149.86,679,2168630.15,24,2.6416,1
65489.54,39,Female,13147.02,21922.42,764,1664859.5,36,1.3678,1
52041.16,60,Male,14604.75,15797.06,744,386480.97,24,0.9303,1
30135.69,42,Male,8166.62,7674.17,651,1476586.18,12,4.8562,1
89168.73,38,Male,30393.02,2352.67,756,1044708.84,48,0.67,0
45285.18,43,Female,6964.07,777.43,836,924090.25,48,0.6984,0
48356.1,22,Male,11504.88,14176.07,677,864475.52,12,2.1111,1
30741.41,31,Female,7698.91,5268.45,673,2330637.34,12,7.1224,1
39275.61,51,Female,13733.19,11197.96,720,1882017.9,60,1.6766,1
31495.46,53,Female,4733.64,3449.43,809,421237.09,24,0.8832,0
44959.93,34,Female,10376.95,6257.41,691,1242413.15,48,1.0842,1
115364.76,36,Male,21520.87,28271.91,839,863735.38,60,0.5944,0
25000.0,31,Female,5786.83,8009.11,651,2447051.95,84,2.2278,1
25000.0,53,Female,3950.8,767.91,732,2447269.54,48,2.7188,1
102291.84,27,Other,11446.77,30842.76,609,866882.74,12,1.1624,1
44149.56,51,Female,10734.58,12253.91,659,945071.48,60,0.9861,1
35082.71,34,Male,6453.94,3874.49,706,1538594.1,84,1.0453,1
82450.41,48,Female,11995.33,10250.71,737,1250336.83,60,0.5995,0
36213.68,36,Female,6554.09,588.89,800,611442.09,60,0.5644,0
122149.97,39,Male,13719.89,672.95,674,1684989.2,24,0.7608,0
68800.27,37,Female,23227.7,11486.35,747,901908.75,84,0.729,0
38408.89,46,Male,9421.2,1284.35,632,1668919.6,60,1.2235,1
144156.4,26,Female,43779.17,9788.31,785,1020835.65,48,0.5546,0
36211.88,29,Female,7451.66,10732.06,805,1780503.75,24,2.7938,1
71043.5,37,Female,23148.01,14198.75,787,1702718.73,48,1.1451,1
56933.9,51,Female,12572.69,12626.31,787,1321150.61,84,0.8399,0
93983.14,32,Female,22883.61,6166.96,714,1791375.98,60,0.7235,0
107018.35,43,Male,23859.58,31038.71,737,1206317.62,60,0.7581,0
49811.55,25,Male,14112.59,15132.39,713,378731.92,84,0.7173,0
33633.94,56,Female,8128.11,6160.55,717,537055.01,48,0.8375,1
61696.72,56,Female,10358.86,19705.64,671,690383.52,36,0.8536,1
34931.43,23,Male,4764.12,10328.88,738,251749.43,60,0.5888,0
134147.29,44,Male,33742.21,34336.8,747,1807314.93,60,0.8004,0
52484.21,37,Male,11666.98,13484.59,784,981736.54,24,1.351,1
40836.81,59,Male,5063.52,1506.38,745,324455.91,48,0.3662,0
53762.97,46,Female,10693.69,5096.33,777,2067899.49,60,1.13,1
25000.0,24,Female,5717.35,584.91,671,1740770.28,48,2.0517,1
30157.62,32,Male,9250.05,91.63,812,1185338.17,24,2.1417,1
89340.21,21,Male,10633.74,4950.19,704,693820.8,48,0.3752,0
35296.99,41,Male,6604.91,10877.49,586,464190.15,48,0.8352,1
29043.34,39,Female,8877.5,2438.36,694,1200098.06,24,2.3155,1
64108.12,41,Other,16803.12,21768.16,757,2224589.78,60,1.3561,1
88685.54,38,Male,15297.33,18539.88,725,552148.78,48,0.5425,0
70226.19,23,Female,21863.79,5831.62,593,1464782.15,36,1.0772,1
80662.08,52,Male,18013.73,14034.86,733,2408046.39,60,1.0464,1
33577.2,30,Female,7541.03,2574.81,728,1629079.78,24,2.5626,1
25000.0,60,Female,8603.67,8609.77,656,1155915.35,12,4.775,1
103846.26,35,Female,34973.25,30794.86,756,1819295.14,84,0.9333,0
41716.84,25,Female,7910.9,383.11,711,2078987.01,36,1.8304,1
43242.69,24,Female,5844.02,14344.53,593,1517239.11,60,1.2297,1
95234.45,48,Male,17277.12,24034.58,765,2192397.66,84,0.828,0
64738.74,24,Female,6967.24,1866.64,731,1335020.22,24,1.0976,1
61570.85,35,Male,6476.76,14452.11,818,2092069.61,36,1.4523,1
144712.05,37,Female,28780.41,32766.33,663,2384846.18,60,0.7836,0
35533.84,23,Female,11912.9,2721.04,704,1302984.32,84,1.0397,1
77957.58,30,Male,24777.98,20694.33,789,1552004.12,12,2.3428,1
50438.32,43,Male,11492.91,1536.99,660,1562722.1,60,0.932,1
56066.63,38,Other,13529.25,9604.54,786,1975443.67,12,3.5266,1
105264.78,21,Other,10682.63,365.6,788,2075118.02,12,1.8473,1
63191.05,55,Female,9723.54,21425.44,740,165350.36,48,0.5606,0
64160.82,51,Female,6813.46,16877.33,709,1860062.95,24,1.7204,1
83805.48,21,Male,24189.18,4659.44,677,1981156.59,48,0.9552,1
40844.34,23,Other,5571.64,4884.41,673,1781030.65,12,4.1099,1
32221.69,23,Male,10222.71,1810.76,740,1812869.58,24,2.9957,1
29073.88,57,Male,7583.37,7800.99,532,199366.86,24,0.8487,1
25000.0,39,Male,3933.87,515.34,683,1160892.79,24,2.3422,1
137050.34,49,Female,19108.94,40312.31,674,2063631.16,36,0.9265,0
28237.21,45,Male,7254.31,9311.75,655,2341617.14,60,2.3897,1
43886.99,53,Male,14272.45,10393.31,732,650723.01,12,1.8725,1
42684.59,56,Male,11934.19,3181.62,624,1490067.86,24,1.9812,1
57165.36,49,Female,10697.73,7204.64,798,2030392.57,84,0.9213,0
73708.15,46,Female,18194.55,12311.76,779,1905778.34,36,1.2604,1
75375.44,24,Female,13393.49,15950.85,808,1585336.28,36,1.0779,0
36624.08,34,Female,12810.64,8571.21,685,144858.85,84,0.6515,0
45091.05,47,Male,12950.59,8746.54,733,1837326.02,12,4.0825,1
56460.13,53,Female,14318.03,6942.33,773,1955782.01,48,1.2718,1
43289.03,42,Female,8909.52,13498.43,711,1834838.82,36,1.9053,1
109499.23,23,Female,27871.72,3119.33,683,1937941.99,12,1.8472,1
62660.56,43,Male,11617.52,10225.55,727,1134195.74,36,0.9412,0
70787.58,41,Male,7589.58,19215.13,706,2485005.15,12,3.4813,1
68284.67,61,Female,13573.09,1454.83,650,1949888.6,24,1.551,1
88144.86,43,Female,29318.76,21760.09,565,1488832.01,48,1.016,1
53664.7,24,Female,13769.04,15396.35,659,2342059.05,84,1.2907,1
25631.67,41,Male,3101.15,5928.37,566,2279676.01,36,3.2641,1
59864.8,57,Female,19231.47,271.06,663,2054960.96,84,0.9135,1
35394.85,51,Male,5918.68,2231.57,812,1452867.81,36,1.5741,1
37635.07,41,Male,6057.08,4506.41,599,1365042.45,36,1.4681,1
65721.54,46,Female,11453.47,5375.46,749,888899.04,60,0.5501,0
91047.95,61,Male,22243.06,30676.63,799,702107.15,60,0.7489,0
49544.96,55,Female,11701.13,11299.12,617,1329662.84,84,0.9238,0
57206.14,58,Male,12748.58,5946.0,836,1486676.23,24,1.538,1
114818.45,44,Female,32078.46,37361.25,715,686863.44,36,0.8006,0
55291.62,31,Male,9904.63,14332.03,808,2314242.98,48,1.5201,1
180023.3,61,Male,53199.79,17932.58,737,1437457.59,60,0.5687,0
65039.81,49,Male,9354.7,8624.83,690,1363612.78,12,2.1294,1
25000.0,23,Female,7391.38,1745.0,531,1145532.13,12,4.4152,1
71444.11,21,Female,19000.74,24282.13,647,239371.11,12,0.9019,1
59312.73,39,Male,16062.01,10738.79,764,2217763.2,24,2.1946,1
93421.46,42,Male,20589.0,29298.82,819,860786.14,36,0.8357,0
68637.25,34,Male,18309.01,8323.98,628,1641904.8,36,1.1712,1
45741.99,34,Female,5486.72,13781.81,716,1557840.54,84,1.0044,1
26578.31,36,Female,8316.03,501.28,691,1502768.38,60,1.5611,1
44156.19,53,Male,5028.81,15177.88,747,1361709.28,12,3.1832,1
32039.98,33,Female,4395.42,10227.55,725,535455.6,24,1.2353,1
36670.88,58,Female,8954.93,4661.64,695,773453.78,84,0.7325,0
65794.35,32,Female,18741.71,17840.32,761,1358051.37,48,1.0895,1
112978.44,58,Male,13451.54,29746.12,675,1994421.88,36,0.9603,1
59714.84,59,Male,19717.31,18836.4,720,1136773.53,36,1.2689,1
26958.62,53,Other,9257.64,2899.11,770,589414.13,24,1.47,1
61224.42,53,Female,15397.18,9975.42,672,311066.62,84,0.5014,0
89171.41,49,Male,19645.43,26996.63,696,1691226.41,84,0.8478,0
36138.3,25,Male,10312.02,9847.79,683,1116015.93,60,1.2293,1
45843.62,26,Female,8347.64,6313.28,749,400890.14,24,0.7274,0
49382.14,51,Male,11027.83,14617.3,742,1718720.51,84,1.1153,1
33108.68,36,Female,10894.01,544.11,686,598188.95,60,0.7383,1
67787.98,51,Female,22974.29,18554.67,742,1321638.52,84,0.9465,1
46144.17,45,Female,15309.13,3339.36,537,834851.14,36,0.9965,1
60461.75,53,Female,10013.19,6054.78,774,2336056.15,60,1.1058,1
31453.13,33,Male,4973.28,5429.6,778,647891.36,84,0.6834,0
39390.14,30,Female,6870.28,6200.29,687,1107804.45,60,0.9433,1
70346.67,44,Female,14795.86,12817.13,674,2402784.63,60,1.1352,1
40683.73,30,Female,7263.75,7757.23,716,864940.43,84,0.7332,0
116248.09,61,Male,22500.19,13488.81,660,1647023.59,60,0.6176,0
40142.14,51,Male,10242.64,2461.9,670,860144.9,12,2.2103,1
54849.17,33,Male,15940.89,14752.7,740,365619.95,12,1.1487,1
78142.97,23,Male,22183.97,10939.36,772,1606113.36,84,0.7758,0
25000.0,54,Female,7590.15,4426.11,740,2298475.68,12,8.6064,1
25000.0,48,Female,2701.15,5641.1,850,1186155.2,12,4.5271,1
25000.0,39,Male,2798.34,7959.33,801,1602823.7,24,3.4185,1
92160.97,43,Female,27403.67,22823.07,767,1561356.19,48,0.9829,0
37200.26,52,Female,8677.69,591.88,765,1096215.29,84,0.7537,0
176151.49,33,Male,43075.23,51699.78,725,1575751.93,60,0.7325,0
36970.52,53,Female,4183.09,12801.94,752,722363.4,24,1.3701,1
53759.5,54,Female,8807.34,8890.2,732,1007290.97,84,0.65,0
105985.22,53,Male,27512.55,35966.79,788,1161565.26,12,1.5676,1
133658.92,25,Female,42075.22,25604.38,701,2173620.84,60,0.8599,0
137413.76,23,Male,45242.91,22105.15,698,935998.95,48,0.6662,0
89696.15,27,Male,20191.04,10404.01,796,1624328.92,84,0.6512,0
81799.9,44,Male,19334.92,18825.77,690,612169.21,60,0.6292,0
65924.37,42,Male,20322.01,5302.77,658,706167.35,36,0.7394,0
72343.47,43,Female,16957.76,2656.96,671,1656229.3,36,1.0207,1
37212.77,50,Female,8529.71,354.75,768,1929543.83,84,1.1266,1
32561.98,38,Female,10624.03,3332.17,850,1209081.22,24,2.1592,1
48938.16,52,Female,14558.28,6778.9,662,904239.27,48,0.9136,1
45022.05,27,Other,14734.28,8699.47,761,2284651.73,24,2.8856,1
39080.78,53,Male,6040.39,4004.31,729,425938.76,60,0.494,0
69438.29,25,Female,16046.76,23915.99,793,1829714.17,48,1.2565,1
79035.52,48,Female,24549.86,8070.38,761,1756409.8,84,0.7932,0
51236.29,28,Female,6547.33,7907.88,797,1756588.39,24,1.88,1
102617.63,35,Female,30648.35,3709.28,738,2345009.07,60,0.8317,0
27699.11,24,Female,4036.96,2526.69,665,1847656.72,12,6.1324,1
44496.7,54,Male,13439.32,752.72,675,823756.45,60,0.7215,1
34255.03,25,Male,8666.53,6708.1,733,948182.14,24,1.7389,1
25000.0,53,Male,3707.72,6571.82,750,1038666.34,84,1.1226,1
47035.58,25,Female,10269.68,3221.86,695,173940.82,84,0.3502,0
46125.73,58,Female,12475.92,5939.56,850,2292424.76,48,1.6838,1
104477.28,54,Male,27003.53,607.61,781,276526.25,48,0.3327,0
67198.48,46,Male,13897.44,19745.11,584,1779506.28,12,2.8411,1
29375.22,21,Male,9542.29,8019.06,712,1852386.41,24,3.5369,1
123877.23,24,Male,28468.95,2742.51,653,2124916.12,84,0.5457,0
90266.06,59,Male,20442.27,11527.31,843,1428069.41,84,0.6251,0
65581.5,46,Male,7578.77,21927.19,575,1840634.62,12,2.9305,1
43772.36,53,Female,14468.08,6005.98,747,826535.02,36,1.0859,1
30341.76,53,Male,4377.68,5588.13,728,1889401.63,84,1.3947,1
40696.47,28,Female,9445.09,5060.0,772,924197.77,60,0.8502,0
84488.8,40,Female,25422.0,17628.25,740,2266812.35,36,1.3879,1
125780.44,36,Male,19353.0,43061.55,850,492116.34,36,0.6243,0
106045.31,41,Female,24585.9,37023.16,779,857817.55,12,1.2959,1
38390.88,46,Female,6149.11,10409.7,600,1297046.68,12,3.4173,1
28006.48,43,Female,8119.74,3963.17,811,1962041.34,60,1.9546,1
52598.51,38,Female,12680.73,9102.24,733,1897117.85,12,3.6019,1
25000.0,51,Female,7849.85,3121.4,811,605720.5,12,2.5802,1
57617.63,32,Female,18647.34,19875.27,699,446165.67,12,1.353,1
45533.28,21,Female,11938.07,11279.33,650,829527.05,84,0.8218,0
38831.29,29,Female,10925.1,6101.41,638,1261009.96,12,3.3086,1
25000.0,23,Other,5932.63,106.01,788,1393612.11,12,5.1683,1
63373.44,46,Female,12427.99,11544.69,771,1129930.22,36,0.962,0
37558.3,29,Female,9841.38,12934.13,681,1691416.28,36,2.0808,1
27310.91,36,Male,8932.64,4999.84,546,1126141.46,60,1.4067,1
25000.0,44,Male,5104.25,1596.23,791,2371189.62,48,2.7194,1
48351.02,34,Male,8635.61,373.89,587,726325.24,60,0.5129,0
118910.43,23,Female,23438.34,14762.29,850,1605693.09,84,0.5525,0
112491.12,54,Male,23493.7,36152.38,626,1567307.05,84,0.7688,0
39005.26,53,Male,4617.84,13604.8,720,775779.33,84,0.8077,0
36275.36,44,Male,8147.83,12002.75,734,1088050.3,24,1.9535,1
61968.85,29,Male,13854.91,15820.46,743,977136.69,60,0.8217,1
29756.63,33,Male,7353.19,5812.96,741,513997.74,60,0.818,0
57005.1,22,Male,10871.16,11785.24,728,1245508.51,12,2.3285,1
71900.62,27,Male,18210.77,13563.85,691,1027989.41,12,1.7055,1
90532.72,41,Female,28930.1,22403.88,705,527961.66,12,1.0824,1
46626.44,39,Male,15800.2,6835.7,677,1179712.11,48,1.1394,1
44274.45,45,Male,10887.22,10370.02,727,1112425.52,84,0.9103,1
31603.04,42,Female,3496.81,1345.16,605,415277.63,12,1.3146,1
32420.94,31,Other,11097.98,3014.93,740,414850.1,24,1.0317,1
43772.48,53,Female,12101.58,12807.87,713,1654017.71,36,1.8062,1
58905.09,52,Male,10838.0,18632.39,774,1795793.93,24,1.9212,1
77403.89,41,Male,10588.03,14602.47,700,2358833.01,48,1.1131,1
32807.44,59,Female,4457.04,363.26,759,308811.26,12,0.9788,1
103398.35,40,Male,14675.96,33546.64,755,382867.58,60,0.5469,0
42806.2,28,Female,4768.32,10518.45,710,224363.51,36,0.5287,0
48499.87,57,Female,15788.58,7028.1,742,1377348.23,84,0.9567,1
33738.48,29,Female,7935.02,7065.94,632,1594591.87,48,1.6662,1
25000.0,45,Female,6874.75,3760.53,807,1068456.28,24,2.4173,1
76269.07,45,Female,23416.67,12421.85,684,2014965.33,12,2.8049,1
70857.21,53,Other,21107.32,21992.9,708,1748078.65,48,1.2459,1
42588.36,22,Other,13656.02,2401.11,651,2466017.01,48,1.8736,1
50690.58,39,Female,17326.73,1839.27,670,430947.96,60,0.5629,0
63447.6,40,Male,13309.25,60.6,826,239957.59,84,0.2755,0
25000.0,61,Female,8439.6,2747.5,728,759528.89,60,1.108,1
37626.87,49,Female,10566.47,1941.35,700,145720.47,60,0.4166,0
72921.03,26,Female,8580.4,5614.55,700,2338267.43,84,0.7437,0
26182.73,37,Other,7081.01,102.99,720,829483.98,24,1.7509,1
56770.89,45,Male,15423.47,4514.33,766,1425832.4,60,0.8973,1
25000.0,58,Female,8161.63,2911.23,732,863367.12,84,1.0342,1
61896.26,24,Female,11960.4,683.87,733,689940.69,48,0.4924,0
48154.95,50,Female,11857.09,10245.76,659,465675.34,48,0.7089,0
25000.0,40,Male,2576.17,4977.0,700,868878.21,84,0.8972,1
87760.75,23,Male,16061.87,2980.58,730,1577005.43,48,0.6814,0
33952.04,43,Female,3923.53,7070.63,717,2431890.88,36,2.6688,1
32691.61,38,Male,7534.38,11426.66,692,1439420.9,36,2.0215,1
54191.78,46,Female,16493.92,17913.86,687,1378501.76,84,1.0705,1
87057.03,56,Male,13198.77,81.39,748,184631.24,84,0.1889,0
29498.33,28,Male,6839.49,8211.82,749,2116237.64,24,3.8539,1
50556.15,37,Female,7634.09,6256.92,784,207619.3,84,0.3451,0
60743.07,51,Male,7907.05,1353.23,732,2274957.46,60,0.9668,1
69324.44,57,Male,15788.59,7181.6,585,1392812.14,48,0.8506,1
53541.95,53,Female,6413.64,6029.24,850,504319.85,60,0.4372,0
40801.99,47,Female,10071.51,7472.29,719,1184097.74,84,0.9269,0
32409.44,24,Male,3494.85,7498.87,693,2487962.75,48,2.3233,1
51178.35,42,Female,6483.21,13417.4,716,832198.84,36,0.9212,1
28679.29,46,Female,6811.31,2468.31,694,746703.44,48,0.9965,1
25000.0,52,Male,6196.3,2815.49,666,383214.15,24,1.0749,1
60978.7,44,Male,6539.77,6581.65,759,1533141.64,12,2.4373,1
77031.32,55,Male,18745.13,9779.74,710,314144.8,48,0.4757,0
25000.0,57,Male,7740.64,8746.99,714,1938419.35,84,1.9871,1
29588.31,52,Male,8301.86,8056.31,557,2306136.43,24,4.1855,1
66807.93,27,Female,8871.84,22797.98,705,2336490.67,36,1.619,1
137138.65,53,Male,34026.66,33268.31,650,358999.01,36,0.5764,0
49533.12,51,Male,13278.0,7043.35,686,1439830.23,12,2.9793,1
34064.07,32,Female,3723.47,4646.7,735,333063.65,84,0.4131,0
44736.8,31,Female,14040.06,7650.15,680,1472838.74,60,1.2007,1
97483.48,44,Female,31834.87,14223.27,689,2055953.4,60,0.931,0
35490.41,28,Male,11094.77,10289.17,726,1390696.39,48,1.6153,1
32872.9,52,Male,10064.3,5350.09,687,2192929.18,36,2.6529,1
38508.27,58,Male,11022.66,3984.26,651,2024018.45,24,2.8394,1
30434.61,42,Other,7863.02,8253.9,608,763716.04,12,2.7474,1
52121.62,54,Female,14054.95,15586.82,741,1612245.48,60,1.2412,1
110452.32,39,Male,33312.29,16253.07,686,117789.1,48,0.4763,0
57615.08,40,Male,15303.98,13466.55,611,1050500.6,48,0.9706,1
43209.83,34,Female,7861.24,889.33,800,671104.4,36,0.711,0
42365.7,53,Other,8218.53,7850.9,741,2349079.23,24,2.9636,1
25000.0,30,Female,8106.61,393.58,642,1072933.63,24,2.3403,1
76233.39,36,Male,7949.66,778.86,674,1669754.63,60,0.5907,0
47149.63,24,Male,12952.25,10114.71,788,1856755.86,48,1.507,1
44790.89,47,Male,15170.42,4755.33,708,1955710.09,36,1.8743,1
241966.31,48,Male,66917.49,62884.14,692,1865860.46,24,0.8958,0
56918.54,36,Female,19834.86,17851.3,768,793996.15,48,1.0226,0
33661.31,53,Male,9152.05,1642.23,709,1746562.47,24,2.739,1
39609.38,39,Female,4301.21,10044.26,799,1417622.76,12,3.5254,1
87048.69,41,Male,26702.4,15675.9,693,1533694.4,24,1.308,1
51877.23,42,Male,8879.18,2035.75,682,101955.08,24,0.302,0
25000.0,29,Male,5287.86,5701.44,721,719818.24,48,1.1837,1
77622.64,29,Female,13818.61,16557.95,782,2333640.87,24,1.7926,1
35099.0,29,Male,5866.4,6334.48,736,796182.6,24,1.4049,1
125072.5,47,Male,25996.5,40556.63,726,1151237.25,12,1.3456,1
84122.05,37,Male,16377.54,15342.0,667,548017.56,24,0.6807,0
39196.36,28,Female,10125.78,13588.6,657,432646.12,24,1.1195,1
93014.27,36,Female,28210.09,16577.94,782,600805.52,48,0.6485,0
50712.5,38,Female,8837.78,2056.3,789,1428753.59,36,1.1372,1
75085.81,53,Male,11520.44,12364.0,787,2305668.76,12,3.032,1
62465.3,21,Male,16660.98,3986.23,771,882878.03,24,0.9893,0
32106.75,32,Other,8591.13,6710.21,749,876179.09,36,1.37,1
35533.28,26,Female,11558.37,8620.24,748,1453937.41,48,1.6254,1
82041.49,61,Female,8531.2,13450.9,728,956182.52,12,1.298,1
41465.31,25,Male,12989.43,1417.95,756,2284998.52,84,1.291,1
40061.69,36,Male,9224.23,6571.1,717,1006835.3,48,1.0438,1
30407.32,38,Male,7763.77,866.88,756,1277061.41,36,1.6588,1
60584.81,38,Male,7442.41,14464.27,779,1380134.28,12,2.3749,1
137483.95,21,Female,28617.8,38032.03,638,1976962.71,24,1.155,0
28745.41,39,Male,4508.02,9682.41,791,1453374.25,36,2.1489,1
49618.04,28,Male,8115.34,2584.14,716,673972.24,48,0.5667,0
99320.8,23,Male,22448.86,18508.14,814,397569.3,12,0.7662,0
47107.11,45,Female,14278.83,9357.27,802,2350658.91,36,2.1354,1
61462.71,25,Female,17574.97,19844.27,653,2023751.19,84,1.1726,1
28819.38,60,Female,7140.0,6327.2,720,155116.5,36,0.6435,0
60727.6,39,Male,14262.15,3092.76,598,2071669.56,48,1.1675,1
44641.89,38,Female,9233.13,6817.84,694,1517434.71,48,1.2381,1
80247.03,51,Female,27538.97,18389.96,743,1345346.16,24,1.3537,1
88760.15,53,Female,21306.71,21755.07,775,129350.03,24,0.5531,0
178935.7,38,Male,29254.48,54052.16,724,1974073.74,36,0.8268,0
65500.73,59,Female,10317.85,4138.17,748,575356.03,48,0.4477,0
57693.41,36,Male,14587.1,19214.2,674,1847154.91,36,1.6341,1
54024.46,36,Female,12463.81,1118.24,718,138083.79,60,0.307,0
41085.76,58,Female,4187.64,14146.52,681,2011248.76,84,1.2844,1
58060.56,61,Male,17854.57,17430.85,738,155294.72,48,0.6769,0
42289.72,27,Female,11673.26,9772.96,810,666142.97,60,0.8496,0
53328.73,34,Female,14156.5,13718.73,716,743867.71,60,0.826,0
94731.21,45,Female,11102.04,2410.17,630,478020.73,48,0.2731,0
29635.51,52,Male,5645.98,430.25,732,1254539.67,24,2.178,1
86676.6,58,Male,28936.6,3087.25,765,780851.1,36,0.6644,0
94708.36,42,Female,29894.44,2895.8,660,2483891.14,12,2.6642,1
46210.66,36,Female,7919.85,8853.2,800,1491925.1,12,3.2164,1
25000.0,49,Other,3481.62,1885.13,681,1459546.78,84,1.2143,1
36173.75,36,Male,7678.67,10890.9,670,630087.11,48,0.9635,1
93760.34,32,Female,17716.73,14627.74,604,1080854.65,24,0.8823,1
48463.49,37,Male,13112.12,11797.4,737,397547.19,24,0.8963,1
29742.99,57,Male,10160.47,6796.44,838,1930070.21,24,3.5946,1
38086.4,47,Male,7264.99,4263.72,743,894782.19,12,2.3791,1
74630.91,45,Male,8624.05,6351.74,672,1904718.0,60,0.7556,0
64432.07,33,Female,20901.99,7722.81,753,992070.4,84,0.7079,0
43500.77,28,Female,4762.79,12129.34,772,2473017.38,12,5.4128,1
40806.14,25,Male,13800.29,8373.29,795,510691.89,24,1.1267,1
40300.57,32,Male,10725.79,3576.21,639,103657.35,12,0.5822,0
30908.76,61,Female,10367.49,8847.52,820,1527581.3,12,4.9897,1
109939.76,23,Male,16481.61,2107.08,733,2387087.68,84,0.5409,0
41724.33,55,Male,4596.98,10210.54,833,1652929.73,36,1.6518,1
90091.33,53,Other,20005.01,13845.71,730,305736.45,48,0.4634,0
104889.01,42,Male,22305.26,26846.51,757,1397152.92,60,0.7582,0
80753.41,29,Other,14767.62,26213.48,658,2282768.65,36,1.433,1
39505.29,61,Female,13408.65,10370.61,784,115614.56,48,0.6776,0
59985.91,38,Male,18334.45,9279.09,650,500589.31,24,0.8493,1
48431.33,49,Male,12853.46,2559.18,737,2054947.73,84,1.0447,1
31199.24,59,Female,4390.19,8805.14,692,2245377.06,84,1.6552,1
57651.97,47,Female,16348.99,9296.2,714,1797185.49,36,1.4654,1
27186.62,56,Other,7659.91,716.62,790,2479744.39,48,2.6655,1
88773.17,37,Female,18310.98,22341.49,696,316518.23,84,0.519,0
38858.86,54,Male,12869.92,3969.36,791,1409623.64,36,1.621,1
54207.79,23,Female,7683.65,927.54,693,1743987.33,84,0.7097,0
56480.12,25,Female,9422.83,17845.62,728,1786347.33,12,3.2781,1
43068.52,34,Male,4987.6,7282.26,850,2004363.08,12,4.3981,1
65732.38,23,Female,19644.96,6463.88,727,2302302.51,36,1.5439,1
38659.51,43,Male,9875.18,9693.3,715,967939.47,36,1.3259,1
75784.47,59,Male,13545.34,23498.17,729,203112.14,60,0.5471,0
25009.48,50,Female,3525.17,2.69,698,969860.59,24,1.9485,1
52218.38,43,Female,5745.95,12571.48,654,1711875.43,12,3.2482,1
129244.92,47,Female,18312.25,34696.33,850,612294.61,84,0.4913,0
29727.69,30,Female,6341.55,2184.23,693,2043935.08,36,2.5378,1
34930.91,45,Male,5651.62,5986.05,621,627434.7,48,0.7974,1
63383.19,33,Female,10442.1,1980.73,709,124152.17,84,0.2295,0
53626.09,36,Female,17101.04,14015.85,743,1319393.86,24,1.727,1
58414.24,61,Male,13364.27,17326.23,706,1843507.77,48,1.3411,1
62604.57,54,Female,17674.08,2370.54,716,939172.82,84,0.577,0
67329.97,57,Female,7334.1,19240.29,709,1897349.92,24,1.7081,1
85378.53,42,Female,16332.13,23056.43,747,1152170.4,48,0.8101,0
60168.81,37,Male,13224.64,7305.68,773,512115.08,12,1.0935,1
43450.22,43,Male,6369.99,10497.63,707,317340.15,36,0.6273,0
68616.4,56,Male,8923.42,1.16,850,1805409.2,84,0.5806,0
126746.08,29,Female,40251.51,41335.59,787,1025715.49,36,0.9086,0
45875.35,22,Female,15361.72,8837.16,719,2290657.04,60,1.6131,1
30113.7,52,Male,3604.66,6538.24,634,1396612.14,84,1.1309,1
85266.79,42,Male,15966.61,19835.68,727,936237.8,36,0.7794,0
46157.25,33,Other,15673.68,9068.94,772,937578.22,84,0.8839,0
25000.0,28,Female,3019.76,7496.68,773,415450.87,12,1.8894,1
74885.15,21,Female,19538.31,15980.16,599,1525093.97,24,1.4235,1
37508.99,37,Male,12867.66,11917.21,727,1497201.12,24,2.5212,1
46851.27,32,Male,16142.88,9549.04,688,2019984.86,36,1.9599,1
57872.07,24,Male,12604.87,3466.12,817,582872.71,48,0.538,0
53919.63,33,Male,7585.81,17240.63,728,797895.14,36,0.9449,1
69893.36,51,Other,10520.42,16674.43,571,333371.13,84,0.4708,0
39429.0,61,Male,12711.92,9649.6,743,808821.29,24,1.5232,1
63357.77,27,Male,20776.33,21853.28,593,1127445.08,84,0.9775,1
43054.7,43,Other,10848.49,1133.15,749,2413668.17,60,1.4972,1
70926.91,44,Male,20678.32,10639.56,850,1667358.41,24,1.5372,1
66681.56,25,Female,19003.1,5580.14,808,1978897.43,48,1.1357,0
30708.07,25,Female,8151.62,6775.71,736,881223.72,48,1.2278,1
84372.02,37,Male,25886.96,23825.31,677,446830.75,60,0.7044,0
37497.08,50,Male,10174.89,12681.84,802,716127.86,84,0.9366,0
73425.67,29,Male,17144.94,11682.66,761,715522.46,84,0.5595,0
58902.79,26,Female,9379.63,16208.66,702,1499476.79,84,0.8703,0
122895.77,45,Female,35144.75,39445.62,684,919530.72,48,0.8003,0
43838.47,39,Male,9572.54,10484.58,661,2157757.27,36,2.0689,1
41164.92,36,Female,7150.26,3497.22,744,2472506.85,36,2.2251,1
48547.12,41,Female,14587.76,10328.35,692,923916.17,24,1.4002,1
42125.57,22,Female,11549.92,14300.92,730,1792144.66,12,4.3737,1
73128.32,30,Male,24449.35,25276.35,780,1677967.8,36,1.4312,1
25000.0,36,Female,3534.01,5620.65,691,566709.97,36,1.1083,1
28945.17,57,Male,7592.24,8985.91,761,2303220.63,84,1.9352,1
28741.53,35,Female,4629.11,2015.42,799,578662.21,84,0.5759,0
78838.27,33,Male,25693.06,6790.14,745,1868697.12,60,0.9274,0
115301.61,33,Male,14398.27,38454.32,765,934263.14,36,0.7237,0
46526.41,52,Female,12284.85,2202.21,746,980995.76,24,1.2941,1
45052.74,28,Female,13415.42,3013.45,721,1193077.73,84,0.8181,1
50768.23,38,Female,9581.46,7472.68,774,2174819.15,60,1.2673,1
87635.3,56,Male,29667.57,18083.94,824,436604.66,36,0.708,0
30832.46,46,Female,9640.78,6516.01,775,230966.99,24,0.8732,0
55225.74,30,Female,9590.2,5643.61,707,1064897.97,60,0.6951,0
79825.54,51,Male,8133.05,25720.98,709,233404.24,12,0.6825,0
62978.4,53,Female,10968.59,20171.03,711,1750242.12,84,0.9703,0
53894.88,49,Female,9179.79,7395.66,781,1924780.18,24,1.9721,1
80863.92,25,Male,26077.9,12291.49,685,2151309.75,36,1.3455,1
25000.0,33,Male,8544.51,6146.85,653,1885221.39,60,2.2272,1
68798.53,21,Female,8091.39,15964.6,750,2299243.34,12,3.3034,1
35346.77,43,Female,7699.36,4729.54,721,1895922.69,24,2.8516,1
25000.0,60,Other,5927.07,3624.64,816,2346581.54,12,8.6779,1
63297.51,23,Female,7800.02,7710.5,573,563465.91,24,0.6599,1
97424.14,23,Other,18936.76,8026.26,733,1299671.52,36,0.7135,0
45765.04,27,Female,8204.33,7338.35,693,2485433.44,24,2.8708,1
78939.52,56,Male,18472.96,18965.37,772,1735787.64,36,1.1942,1
109769.62,55,Female,29121.63,28505.89,701,2208738.68,24,1.4628,1
94604.21,35,Male,26098.58,25789.65,682,172945.11,60,0.5882,0
111299.75,60,Female,14935.17,14597.65,780,2192218.96,24,1.1834,0
71044.64,23,Male,21543.36,19013.15,803,1774511.76,24,1.735,1
50905.02,49,Female,13725.8,116.1,713,509813.04,48,0.5308,0
25000.0,50,Female,8056.72,4174.19,714,161634.3,48,0.6563,0
43345.96,59,Male,9203.82,12044.39,802,723823.79,24,1.2685,1
32156.72,38,Male,10401.81,7091.06,795,2297856.06,48,2.3909,1
145142.51,31,Male,45929.41,24082.35,787,1703519.05,36,0.8666,0
44893.89,58,Female,9409.87,10129.17,693,2306725.85,48,1.7632,1
52135.55,60,Male,10181.33,16549.45,677,1170761.88,24,1.5593,1
64585.34,21,Female,21520.03,12802.99,826,2347905.03,84,1.1539,1
50101.25,49,Other,13967.79,14024.6,759,1211103.56,12,2.6952,1
114407.91,30,Other,37990.44,39271.65,671,590211.34,84,0.7637,0
35906.56,48,Female,10744.81,8867.08,713,463344.31,84,0.7671,0
54030.49,51,Male,13633.21,10841.97,725,2485148.35,84,1.2405,1
33818.55,39,Male,4361.35,443.7,713,901270.39,84,0.5984,0
25336.18,23,Female,4379.87,3320.74,701,484127.26,12,1.9927,1
36102.43,56,Male,12354.63,7144.85,799,120180.23,24,0.6953,0
48121.37,35,Female,8654.89,13426.93,754,785366.96,24,1.2195,1
39551.1,53,Male,4877.19,6064.63,850,2233878.74,12,5.2685,1
34675.53,61,Female,9601.25,11651.69,803,1381622.37,60,1.4792,1
25000.0,46,Female,7087.53,2378.2,728,1617844.12,48,2.0512,1
47025.59,36,Female,8058.51,12254.8,812,2313738.65,60,1.5017,1
25000.0,56,Male,4360.45,3666.52,742,1330815.8,36,2.0638,1
71684.37,53,Male,15571.51,12193.22,850,2111871.63,84,0.8918,0
51083.66,40,Other,5386.63,14348.16,699,877199.87,84,0.6803,0
25000.0,33,Female,7433.27,2591.88,749,2445044.47,12,9.0449,1
41998.76,53,Female,7529.21,1423.1,680,289153.3,12,0.8216,0
33655.16,25,Male,10548.9,6128.25,695,1839590.86,60,1.684,1
57502.7,57,Male,17288.63,10642.49,697,1685359.09,36,1.4453,1
95819.86,34,Female,25425.85,26734.58,800,560011.61,60,0.6714,0
25000.0,47,Female,4530.47,8472.79,733,1033225.6,36,1.8732,1
51922.79,43,Male,11894.43,1004.98,560,850789.88,24,1.0121,1
45248.9,34,Female,9556.9,9370.65,726,326782.88,84,0.542,0
68574.09,60,Male,12667.04,16351.32,656,1503491.26,24,1.445,1
54535.02,24,Male,17016.78,18816.24,691,2484807.63,12,4.684,1
33658.31,59,Male,7434.34,11104.1,794,1443011.54,24,2.549,1
41792.54,39,Male,12879.66,10421.29,632,1408623.78,60,1.2904,1
32924.99,24,Female,4158.58,6012.97,640,196752.9,36,0.5046,0
83952.26,50,Male,11355.06,4746.1,612,434128.54,12,0.6488,0
49545.95,39,Male,17060.16,6662.04,694,1331725.81,24,1.7315,1
126829.04,51,Female,31319.43,25973.68,610,2464428.55,12,2.1691,1
47556.3,51,Male,10816.32,12070.75,615,2203858.57,12,4.5771,1
34399.48,29,Female,7939.02,7650.09,705,916501.89,36,1.3254,1
25000.0,33,Male,3845.43,6248.57,740,1403210.21,60,1.6241,1
25000.0,34,Male,6991.9,3755.08,660,1426485.33,84,1.4069,1
25000.0,30,Male,3029.88,6366.74,743,1744865.47,60,1.8934,1
56025.56,51,Female,13632.75,2818.61,727,1750676.9,48,1.1013,1
63219.15,57,Female,15342.79,3597.5,755,1995501.97,60,0.9859,1
25000.0,43,Other,8213.68,1424.78,652,159930.46,24,0.6837,1
76689.43,47,Male,17757.11,23911.97,848,2364832.46,48,1.3403,1
38502.15,26,Female,5169.52,1024.62,645,268148.91,48,0.3409,0
52754.09,46,Female,12829.18,14798.99,679,1242784.27,48,1.1326,1
109766.46,22,Female,13482.82,8973.39,753,2306990.26,48,0.7478,0
76758.52,33,Male,11586.58,12584.6,727,1270405.19,60,0.6748,0
42861.73,39,Male,4619.52,13740.82,775,252728.4,48,0.5808,0
31395.0,21,Male,7168.21,6438.42,699,650176.05,24,1.3986,1
25000.0,60,Male,3028.33,1838.53,640,1488800.21,24,2.9703,1
34215.13,52,Male,7436.61,3402.06,620,310867.88,12,1.1198,1
44109.7,42,Female,14698.95,14210.22,835,1116827.03,24,1.8355,1
29923.82,49,Female,8376.89,4473.62,700,889823.84,84,0.9386,1
45906.94,22,Male,5479.13,9431.35,709,2056498.31,12,4.284,1
50941.13,60,Other,7949.49,8200.31,837,364316.65,24,0.6504,0
43808.01,58,Male,11758.75,5802.52,688,1738716.28,48,1.4267,1
35418.82,31,Male,11464.2,2767.9,721,1075813.77,36,1.3962,1
53333.89,37,Male,5772.31,12809.04,652,1510601.63,48,1.0804,1
61142.98,28,Male,18533.22,15370.41,634,593276.25,60,0.7655,0
28418.64,42,Female,6833.36,2734.15,842,1563288.84,12,5.1985,1
99256.85,24,Female,23476.51,27410.16,843,1717546.55,36,1.0792,0
46662.96,31,Other,15839.89,13956.3,786,268555.76,24,0.9068,0
49485.0,28,Male,14197.8,15945.86,784,2078426.24,48,1.6947,1
69850.13,29,Female,21830.24,3941.25,769,2167009.87,12,3.1109,1
55083.64,46,Male,10383.21,5859.43,671,252529.73,12,0.7001,1
78949.87,22,Female,18836.73,23773.67,738,1547649.97,24,1.4534,1
56588.56,36,Female,14365.09,3932.29,687,1525627.59,12,2.7061,1
36090.37,51,Other,6510.56,43.81,551,129900.19,24,0.3494,0
58732.69,26,Female,14246.32,17901.11,792,921631.39,24,1.2787,1
27670.91,41,Male,4404.21,3161.6,756,2425421.88,48,2.5388,1
51755.18,46,Female,7030.63,7508.34,634,1433081.81,12,2.7282,1
48213.05,39,Male,9328.87,7531.69,696,2339708.33,60,1.4048,1
44176.2,48,Female,12582.37,13115.74,788,1721547.13,60,1.429,1
45969.4,28,Male,15126.08,5436.44,728,168137.24,48,0.5418,0
25000.0,34,Male,5360.71,7807.45,609,286511.68,48,0.8229,1
37258.58,44,Male,9713.53,8045.2,641,1833229.49,24,2.7699,1
51350.11,57,Female,6457.75,9476.68,840,1430962.7,60,0.9162,0
53099.79,46,Female,17316.69,6051.52,724,405164.0,12,1.1145,1
29324.03,51,Female,7100.84,2501.31,788,1573750.43,60,1.4943,1
92305.03,52,Female,27237.79,20161.31,839,2044689.67,48,1.086,0
31790.18,61,Male,9492.87,4972.4,690,1907157.83,48,2.0055,1
79596.75,22,Male,13063.43,25365.94,742,690789.9,24,0.8873,0
60693.82,45,Male,14098.79,10443.8,592,719667.92,12,1.4523,1
35485.74,22,Male,12069.41,6356.5,680,2422810.73,48,2.2839,1
119092.46,21,Female,14577.95,17370.01,757,2229771.53,84,0.5888,0
26988.92,56,Female,7307.59,7455.47,707,864009.55,12,3.3764,1
77619.74,32,Female,26434.65,11541.57,749,2077730.78,60,1.0713,0
80845.17,29,Male,14159.57,7621.25,780,488172.47,24,0.5508,0
35055.57,56,Male,11055.2,10576.65,756,572418.64,60,0.9721,1
98344.57,61,Female,32789.5,20543.19,741,534870.53,84,0.6354,0
43259.7,48,Female,12405.65,8955.99,732,310529.86,48,0.6793,0
56632.98,58,Male,8938.5,12107.44,683,2151227.48,48,1.3534,1
55835.26,53,Male,10245.78,14047.81,659,1489136.56,12,2.7922,1
45836.94,42,Male,4994.04,5022.53,808,721494.62,48,0.6253,0
73526.72,45,Female,22636.18,870.96,771,2136772.08,84,0.8173,0
72892.74,38,Female,22771.9,20680.23,668,2026352.22,12,3.053,1
25000.0,26,Other,6454.44,1127.92,724,342283.64,84,0.5377,0
94105.34,38,Male,17704.22,23774.48,629,1645934.5,36,1.0134,1
25000.0,36,Female,2980.07,720.26,688,1832400.64,48,2.0424,1
82147.62,35,Male,23680.23,10790.73,754,1817985.61,60,0.9008,1
86107.57,28,Male,24250.61,1899.46,736,1835542.5,60,0.7672,0
28410.58,33,Female,9322.95,5192.74,727,506698.69,12,2.0872,1
39918.41,27,Female,11282.26,9125.25,662,856207.49,84,0.8785,1
28201.99,37,Female,8662.91,1692.16,649,2126028.42,84,1.658,1
44026.17,52,Female,12613.0,5726.47,781,2256140.2,84,1.294,1
42023.44,42,Male,10828.26,13682.15,830,770053.33,84,0.897,1
72390.49,33,Female,14966.13,11208.67,755,155246.84,36,0.4318,0
94386.6,43,Male,30725.61,26512.28,708,2163440.67,48,1.1988,1
98502.96,49,Other,25880.88,31965.66,799,1005020.41,84,0.762,0
37008.98,42,Female,7386.58,12620.84,665,890712.53,24,1.6623,1
44151.8,21,Male,5336.51,13881.89,788,932799.23,24,1.42,1
25000.0,49,Male,4316.91,2777.3,681,1097671.42,60,1.2384,1
32763.32,25,Male,7729.91,11037.98,684,1007839.89,48,1.3679,1
79413.67,55,Male,13413.67,22580.35,698,1459434.16,24,1.3098,1
109951.15,30,Female,17076.38,32216.94,713,289456.67,12,0.681,0
26445.08,39,Male,6131.25,140.44,779,2431696.47,48,2.6137,1
36452.59,57,Male,5192.86,12174.57,635,2347482.48,60,1.8766,1
48377.84,27,Other,14518.31,13174.81,680,2342575.95,36,2.1577,1
56391.89,55,Female,12467.8,15157.5,733,2210266.3,12,3.954,1
32702.22,33,Male,7961.87,933.11,756,1684783.13,12,4.8253,1
60598.81,30,Female,8292.69,4932.68,609,630660.55,84,0.3964,0
38680.09,22,Other,7006.67,13027.13,668,218760.37,48,0.6641,0
48667.85,26,Male,9856.33,8528.41,606,338370.56,36,0.6054,1
64417.6,28,Male,19457.54,8970.17,674,877582.0,12,1.6454,1
49178.47,56,Male,14386.66,14457.45,691,1309319.26,36,1.4581,1
39411.27,45,Female,6138.08,1204.77,752,2483807.37,60,1.5566,1
46406.51,60,Female,11789.33,6772.09,571,1145064.38,12,2.5808,1
46902.14,27,Female,7544.87,6167.41,762,1359150.62,24,1.643,1
40741.17,43,Female,14139.7,4988.67,686,1768377.39,60,1.4132,1
43070.86,39,Female,14559.28,4638.4,697,533761.53,60,0.7152,0
109024.03,42,Male,26254.75,8016.13,783,2338784.8,84,0.6817,0
64890.71,33,Male,17827.14,3927.11,807,1369683.05,12,2.2008,1
42288.05,41,Female,12701.54,9478.53,677,763015.23,24,1.3655,1
69457.98,21,Male,19465.57,22350.76,676,2344261.57,36,1.707,1
41485.13,39,Male,11406.63,7388.42,696,1601081.48,24,2.2518,1
88129.47,53,Other,29932.16,9191.12,676,1260855.35,60,0.755,0
58972.18,24,Male,14690.8,3285.11,626,1492374.18,12,2.5414,1
46460.09,23,Female,12036.68,13498.99,717,1895925.33,24,2.4516,1
61319.82,47,Male,19151.23,20850.1,677,470891.21,24,1.0103,1
25000.0,61,Male,6686.82,3055.11,726,2175593.03,60,2.2818,1
27906.54,55,Female,7904.06,2841.8,831,2402816.34,36,3.2039,1
26985.03,48,Female,4278.27,5680.96,713,1460799.16,24,2.8921,1
52652.63,26,Female,10152.31,14288.09,670,1737450.03,84,1.0292,1
116571.2,26,Female,15949.89,18580.4,702,2163600.35,24,1.1613,0
149589.49,43,Female,33873.25,32988.31,728,999545.52,48,0.6197,0
67442.16,53,Male,14428.03,16913.96,709,2482796.31,60,1.2651,1
62970.54,36,Female,21995.02,21171.15,683,1733203.29,48,1.3969,1
25000.0,44,Male,6320.05,1444.08,612,1117596.88,60,1.2825,1
37371.48,25,Male,11084.8,13045.78,761,1725611.14,60,1.6496,1
33060.95,61,Female,6066.81,4537.78,661,1352032.08,48,1.3777,1
35938.92,33,Female,11065.1,9096.86,815,367939.77,36,0.8962,0
45068.02,32,Female,11436.97,9029.15,696,2010076.73,36,1.9143,1
38713.93,25,Female,10617.22,6594.3,686,1454501.39,60,1.2615,1
25000.0,57,Female,4340.19,6108.16,689,2010029.34,48,2.4959,1
71250.36,51,Female,16897.71,9869.16,729,471788.66,24,0.6843,0
28670.63,48,Male,7411.62,1265.48,663,1392057.18,60,1.3583,1
55249.99,48,Male,13661.87,9453.97,676,1939898.25,84,1.0196,1
138280.75,50,Female,45466.49,25259.82,760,2471930.96,60,0.9001,0
30955.55,38,Female,10047.19,2187.5,653,2222553.46,12,6.7409,1
25000.0,47,Male,8568.65,8186.67,755,2174439.1,36,3.5177,1
42488.89,55,Male,11338.46,3382.82,773,693904.33,48,0.7686,0
85006.23,46,Male,29155.31,12175.41,763,2111163.04,24,1.6437,1
130505.9,59,Male,40211.41,7076.73,735,506275.07,84,0.4288,0
26508.62,38,Female,4445.71,4971.13,602,575458.39,24,1.367,1
62840.16,53,Female,12999.05,6766.2,641,364280.18,84,0.4138,0
38845.39,45,Male,6199.65,6652.09,631,2158231.67,60,1.5388,1
46491.55,51,Female,4697.94,3654.98,695,359810.79,24,0.5404,0
183904.46,57,Other,27036.2,3461.32,722,431467.55,24,0.2752,0
25000.0,22,Male,2525.38,6818.23,642,690129.16,60,0.9739,1
55651.81,53,Male,15580.26,12487.16,708,1474389.78,36,1.3717,1
61935.36,59,Female,12782.44,7386.34,764,2212432.44,12,3.4828,1
84363.76,52,Male,15028.87,1402.38,655,1103747.57,36,0.6231,0
51482.21,38,Male,14951.99,15596.6,666,1411086.28,36,1.4907,1
57183.76,37,Female,17619.56,3398.33,796,499574.56,12,1.1397,1
40302.78,54,Female,13857.1,13129.02,659,738270.05,60,1.0679,1
56081.62,59,Male,14609.45,9394.14,742,421421.83,36,0.674,0
41291.17,27,Male,8893.38,4919.24,800,1083805.23,48,1.0129,0
66888.74,55,Female,11793.56,17365.38,643,1516805.58,48,1.022,1
40749.34,50,Female,6339.76,12505.72,648,781646.87,12,2.1578,1
59192.5,32,Male,9070.16,7680.21,704,2130390.05,48,1.2132,1
48308.78,55,Male,9772.74,6887.4,724,2454972.04,60,1.4498,1
86079.38,31,Male,29951.03,13050.1,678,388371.65,24,0.7098,0
47777.17,24,Male,4787.91,15423.09,848,142864.13,60,0.488,0
25000.0,45,Female,3732.54,6059.93,755,1995464.58,12,7.4462,1
92130.45,52,Male,13552.23,7985.51,667,557542.43,24,0.5158,0
31167.58,40,Female,8704.48,2018.1,631,947551.82,48,1.1298,1
35352.23,51,Male,6650.5,2850.4,715,1046154.92,36,1.2376,1
36394.37,24,Male,7799.87,3357.28,748,2299838.53,48,1.9398,1
97462.12,58,Female,13367.52,7851.96,839,1681211.72,60,0.5928,0
25000.0,21,Female,5031.23,5761.93,724,197462.78,60,0.6035,0
235360.64,23,Male,29608.36,9550.16,704,135544.58,12,0.2173,0
83118.98,57,Female,19388.4,11268.9,656,578963.43,36,0.5969,0
54809.54,42,Female,6822.94,11990.61,744,863612.66,36,0.8591,0
47693.62,37,Male,14194.91,4855.26,786,1262857.2,24,1.6335,1
56544.15,34,Female,13663.92,1291.81,603,2110814.59,24,2.0044,1
63612.24,61,Male,17874.53,1821.75,724,855562.61,60,0.6021,0
67684.18,55,Female,13850.15,2984.09,653,1003689.33,12,1.5593,1
64718.49,33,Male,12644.23,18933.07,631,890411.03,60,0.7871,0
51266.37,55,Female,6385.34,11804.2,830,121516.81,84,0.3954,0
44414.92,22,Female,10258.24,1003.02,777,2392483.69,36,2.0171,1
45449.78,33,Male,10390.98,6220.9,680,433590.12,36,0.6778,1
44468.92,36,Male,9650.89,4335.93,709,790401.95,60,0.701,0
86412.28,38,Female,24638.7,17482.42,699,410327.93,36,0.6429,0
65958.32,27,Female,20323.48,12069.19,646,1277303.57,24,1.3937,1
25000.0,56,Male,7192.44,4209.84,684,2337198.68,36,3.5168,1
68046.76,61,Male,9252.08,7490.54,770,341681.72,24,0.4801,0
54033.96,50,Other,13806.48,2606.05,683,1158152.62,48,0.8577,1
48564.38,61,Other,5831.65,12618.57,750,153699.63,12,0.6596,0
40365.91,27,Male,11046.35,12430.68,683,1950155.73,12,4.8515,1
85996.03,35,Female,16808.76,28417.63,643,1638942.74,36,1.1499,1
78728.71,60,Male,10480.74,1615.25,797,1779276.79,12,2.1511,1
33308.28,39,Male,10509.18,8625.78,581,1233607.27,84,1.2086,1
60085.64,57,Female,15231.83,15278.35,836,2278319.27,48,1.4878,1
30156.98,22,Female,5690.06,9996.69,784,1082937.88,36,1.6958,1
25000.0,33,Female,2692.04,2213.0,731,1333804.18,24,2.6828,1
35833.6,60,Female,8396.8,9308.23,691,1768694.13,48,1.7698,1
75447.83,61,Female,24958.63,1442.5,696,1349345.54,84,0.6562,0
78949.41,51,Male,19665.9,17442.77,733,554405.55,48,0.6515,0
63357.13,36,Male,21725.96,7780.05,732,860969.48,12,1.6667,1
70442.21,26,Male,9447.2,18957.29,657,321506.72,84,0.4814,0
63455.18,48,Female,15360.99,19173.4,724,1138272.39,24,1.3803,1
35570.05,52,Female,10654.34,4541.85,736,1562541.02,60,1.3823,1
60837.48,30,Male,14076.89,11191.37,700,384471.87,48,0.5787,0
73145.42,38,Female,8979.81,3005.65,850,1613409.09,12,2.1133,1
71478.05,24,Male,17563.69,10429.89,711,2242893.14,48,1.2026,1
88827.95,29,Other,22467.65,11217.21,605,910536.96,24,0.857,1
69853.25,27,Female,19711.0,4477.12,654,632879.43,24,0.7685,0
58438.14,28,Female,16964.76,18295.08,765,2243214.55,36,1.8601,1
83706.77,27,Male,24500.4,4338.58,673,1760668.57,60,0.8018,0
48375.05,61,Other,12861.04,10763.87,655,352947.68,60,0.647,0
31541.6,60,Male,4855.92,9826.78,810,1079468.68,12,3.4902,1
45182.56,23,Male,9084.36,14421.78,731,1717815.04,60,1.3469,1
33777.45,37,Female,9931.67,9377.76,680,1478521.3,24,2.6118,1
34975.77,22,Other,11834.29,2156.24,540,1584513.09,60,1.385,1
45603.54,35,Female,5460.42,13047.22,760,1461124.42,12,3.2376,1
32984.4,49,Female,7714.53,3192.81,721,2015347.28,48,1.9098,1
42024.97,42,Male,7485.93,13567.31,804,869024.7,60,0.9506,1
25000.0,24,Male,3908.71,6204.51,648,1800309.63,60,1.9703,1
54537.67,26,Female,12350.2,14989.33,695,2478590.66,24,2.6195,1
49050.36,58,Female,12337.26,1459.81,739,1035901.26,24,1.2656,1
32580.06,46,Female,3337.6,6645.28,801,1998515.95,48,1.8918,1
68160.66,31,Female,20110.91,19589.36,736,690662.17,84,0.756,0
78337.76,46,Female,23890.71,23623.27,674,776552.11,84,0.7763,0
25000.0,37,Other,8534.44,250.53,804,2343673.3,36,3.4206,1
33477.79,44,Male,4859.67,11004.34,699,162252.05,60,0.5792,0
33370.54,48,Male,8297.19,506.18,731,621825.63,24,1.1323,1
30639.6,55,Male,6331.87,6590.01,768,1259009.67,36,1.767,1
74216.18,51,Male,13634.03,18011.2,821,1064434.29,60,0.7382,0
44492.99,33,Male,10740.98,1671.64,743,1610007.35,60,1.0657,1
42947.88,55,Male,12695.21,721.7,850,562532.92,36,0.7412,0
25000.0,36,Female,2644.08,6867.98,714,269312.81,24,0.8826,1
67353.42,35,Male,23058.45,9068.11,739,986400.15,48,0.8555,0
26380.25,38,Male,7979.24,988.98,679,1358452.58,84,1.2217,1
50512.01,57,Male,14536.77,13483.36,740,1448804.41,60,1.1783,1
56313.44,61,Other,16336.35,16736.75,739,1543584.46,12,3.0099,1
96792.94,47,Female,19093.88,19899.19,787,1416788.79,12,1.6965,1
25478.49,55,Male,7335.39,1437.82,748,689804.73,12,2.7372,1
25000.0,55,Female,4917.31,133.2,685,1934919.37,48,2.2024,1
53740.64,48,Male,17448.33,13181.55,736,310672.63,84,0.6689,0
120602.54,59,Female,17403.62,23221.88,676,576049.31,60,0.4407,0
91078.15,58,Female,15764.43,20745.69,755,1874507.22,24,1.3601,1
54438.65,29,Female,12947.38,15494.04,683,771342.72,24,1.1828,1
38337.43,32,Male,6893.18,5826.51,629,1284336.26,84,0.9054,1
73391.35,35,Female,15122.97,3198.43,646,885274.58,48,0.5614,0
30128.5,41,Male,6721.84,9912.1,643,1316754.91,84,1.3004,1
62204.27,55,Female,19537.63,11871.17,685,931973.92,60,0.8307,0
63116.35,53,Male,14567.13,13592.29,664,2486099.18,36,1.7357,1
83291.76,39,Male,15876.66,27210.92,718,957946.21,36,0.8938,0
194819.74,43,Female,31547.95,63521.81,694,1604918.6,60,0.6671,0
59647.53,33,Female,12058.88,11943.41,753,2232023.72,60,1.216,1
38006.72,21,Male,8701.03,3958.93,744,1631043.99,24,2.3333,1
48397.96,49,Male,13867.4,16890.39,698,1458057.41,48,1.4142,1
25000.0,44,Male,3256.55,5957.15,800,1466150.69,48,1.8843,1
34635.81,36,Female,5382.48,4951.29,659,1291505.71,84,0.9368,1
39948.99,45,Male,7786.6,7827.72,785,2038192.96,24,2.7688,1
37720.38,43,Other,7170.63,5489.9,730,221017.79,12,0.8535,1
52901.0,48,Female,10471.07,16447.28,694,2224311.78,36,1.8854,1
32493.33,36,Female,9695.37,5487.3,793,1507101.33,60,1.4757,1
85863.61,58,Female,15544.63,24748.89,756,2137295.73,84,0.8955,0
49025.88,31,Male,11054.09,14416.63,650,124942.49,36,0.603,0
48793.38,23,Male,12489.97,14077.69,743,2186263.37,36,2.0114,1
41608.2,35,Female,6575.95,10517.14,743,388330.05,84,0.5706,0
52976.06,21,Female,14816.02,15850.82,785,1830923.22,48,1.4721,1
74053.95,27,Female,17534.33,10036.56,758,1099651.34,24,1.0644,1
31774.99,21,Female,6726.62,1275.2,762,1734573.74,12,5.0765,1
35275.42,52,Female,10668.91,10401.27,691,1607655.37,12,4.6252,1
42114.06,29,Other,6775.05,7342.96,706,492151.71,84,0.5353,0
25010.84,49,Male,8023.33,1115.02,703,1335073.03,84,1.2794,1
32544.74,46,Female,7819.27,1313.49,616,765353.14,24,1.3767,1
38634.06,43,Male,9747.13,2153.26,803,1445048.42,36,1.5326,1
75901.72,49,Male,24194.79,19950.06,647,1871207.88,24,1.7306,1
55897.82,58,Male,17015.05,13907.37,737,295020.19,24,0.7992,0
54003.0,53,Female,13521.84,3852.39,698,1337829.82,60,0.8604,0
75015.42,27,Female,21626.72,22236.31,704,1582311.57,60,1.0433,1
45766.79,32,Male,9534.59,4505.89,764,808881.89,36,0.8854,1
59589.37,51,Male,14113.41,16538.73,669,2387208.36,48,1.5498,1
46554.97,52,Female,5377.92,7964.72,749,1348726.78,12,2.8471,1
55976.16,40,Male,6855.09,14332.25,750,538041.02,60,0.5875,0
36629.92,37,Male,11258.44,4889.57,669,358691.83,36,0.7614,0
25000.0,56,Female,2872.95,3037.48,779,1399982.92,84,1.1953,1
45837.62,23,Male,6524.98,13498.07,808,1000572.11,24,1.4542,1
99844.98,21,Other,29849.47,1233.66,850,562113.03,60,0.4337,0
77894.27,47,Female,7811.74,26574.25,702,173676.37,24,0.5454,0
79435.35,60,Male,13551.76,18020.93,732,1459840.19,24,1.254,1
90950.02,53,Male,22374.58,13767.03,736,1536640.57,60,0.7647,0
51242.72,40,Male,12752.39,11264.13,763,440326.24,36,0.75,0
54103.7,34,Female,15922.08,2324.26,833,1544171.32,84,0.8259,0
35996.39,56,Female,8152.52,6476.41,751,2384734.61,12,6.2616,1
41854.88,25,Male,9515.73,14430.87,753,2447909.46,36,2.4869,1
66695.02,43,Female,18763.15,5491.95,648,2232383.05,48,1.2288,1
89495.37,35,Female,20105.68,22624.19,850,2036988.59,48,1.0657,0
45719.35,26,Female,11526.89,6960.31,689,602482.81,12,1.569,1
39140.2,53,Female,12698.78,8938.07,547,475444.44,84,0.7608,1
49033.74,39,Other,9824.54,3516.24,572,1167874.25,48,0.8877,1
66211.1,33,Female,12996.0,10902.5,741,1587116.2,24,1.4782,1
25000.0,49,Other,2522.18,8575.81,637,2141628.84,48,2.658,1
25000.0,26,Female,6333.91,1708.76,723,656711.3,60,0.8928,1
37224.84,35,Male,3999.55,8292.05,622,1251154.96,24,1.8967,1
26626.01,36,Female,6018.47,5364.05,739,1653856.58,36,2.461,1
38022.37,44,Male,11446.96,7519.61,756,1169425.25,84,1.0254,0
45529.23,43,Male,10812.29,9802.13,731,1190064.82,12,2.7629,1
39080.38,30,Female,6542.41,6869.68,674,640281.19,60,0.6994,0
101339.73,61,Male,30051.5,600.52,777,2467986.17,60,0.832,0
57720.77,61,Female,9664.15,18184.0,694,1240463.88,12,2.3819,1
56967.56,37,Male,16136.51,16488.84,707,1378580.67,48,1.1981,1
66909.99,50,Other,16899.1,4078.75,686,624542.3,12,1.1385,1
27738.69,30,Male,3952.74,4012.28,702,1333928.12,12,4.5373,1
82417.73,39,Other,26891.54,22227.41,841,712838.94,48,0.8195,0
47198.52,49,Female,7087.37,16190.12,719,585607.0,36,0.8994,1
68544.63,22,Female,23812.18,22818.37,637,761733.4,84,0.8706,1
28683.33,56,Female,2920.76,9028.82,657,106623.16,12,0.7451,1
25000.0,39,Male,4146.77,1385.77,702,1468362.67,48,1.7393,1
73787.52,27,Male,11065.55,23616.9,668,1029952.01,60,0.7735,0
59172.06,46,Female,6124.21,18192.79,781,2256853.65,12,3.7819,1
31225.0,35,Male,8839.55,4119.59,627,197697.22,84,0.5234,0
31734.78,58,Female,8674.91,4382.03,712,203680.72,12,0.9787,1
86052.89,23,Female,25651.31,13851.77,785,2226096.44,36,1.306,1
27045.99,58,Male,4440.27,6211.42,679,403947.14,36,0.8828,1
111450.57,36,Male,23525.41,10174.6,748,105184.25,60,0.3229,0
31247.34,22,Male,8273.62,250.98,717,529393.27,36,0.8275,0
67453.65,51,Female,14161.36,3334.26,717,2077302.82,84,0.7867,0
41593.15,48,Male,11410.31,6407.03,753,2026513.8,60,1.4877,1
66276.7,27,Female,17132.09,6541.57,599,916317.31,12,1.5791,1
37344.58,50,Female,4804.83,9992.69,798,1703274.2,48,1.575,1
45188.75,27,Male,13342.47,1687.42,596,1317399.3,36,1.287,1
50034.08,56,Male,14018.0,16066.58,793,2271363.98,60,1.5883,1
29700.12,49,Female,7839.6,9306.96,748,235416.34,36,0.8368,0
70998.37,44,Female,9852.69,22582.09,750,2051629.91,36,1.4029,1
37926.04,59,Male,6333.61,9817.67,824,509436.81,24,1.0519,1
43726.08,24,Female,8670.63,1637.54,796,1039890.15,12,2.3376,1
29816.74,49,Male,5068.32,4572.34,772,560697.16,36,0.939,1
25000.0,25,Male,3923.81,1149.8,700,1786274.58,48,2.0496,1
44555.29,49,Female,13426.26,15402.53,696,1727982.83,84,1.3111,1
163784.65,50,Male,42511.63,19091.3,774,1414954.24,24,0.7788,0
72569.66,49,Male,17515.99,14867.03,749,1775591.29,60,0.9782,0
48550.99,46,Female,7597.66,13244.11,739,1634955.47,60,1.1615,1
42982.77,39,Male,14163.64,13849.72,716,1963460.93,48,1.8324,1
49574.55,46,Female,7326.91,13109.58,693,674575.96,48,0.7639,0
64444.49,57,Male,19252.0,15213.82,629,1129390.28,84,0.8349,1
27162.53,47,Female,9280.57,4430.03,761,463903.67,12,2.0142,1
85576.06,50,Male,24113.04,18132.72,708,1131024.55,48,0.8353,0
70100.88,50,Female,24410.16,2310.34,703,1784060.2,60,0.9345,1
70199.25,23,Female,18445.75,21717.74,602,1759338.79,12,2.7872,1
61037.14,27,Male,9422.0,11616.71,726,1802624.57,48,1.108,1
49503.98,29,Female,7472.87,695.4,631,841042.07,48,0.6041,0
68626.27,61,Female,12431.04,22095.31,691,1689313.54,60,1.0383,1
65900.88,33,Female,6707.56,11285.9,771,981919.17,12,1.5899,1
41067.8,35,Female,11105.74,12484.87,724,2366780.91,24,3.2605,1
36798.01,25,Male,6151.41,11036.12,713,924079.28,24,1.6375,1
51582.0,49,Male,15670.4,14727.34,672,1547243.76,84,1.1029,1
106352.05,55,Female,20184.89,2285.62,684,1900349.71,12,1.7905,1
26382.24,47,Male,5803.81,2281.36,823,2275377.83,48,2.5355,1
25000.0,47,Male,8535.56,7661.04,770,1151028.65,48,1.8378,1
53230.16,28,Male,8545.73,16748.7,689,965164.26,12,2.0777,1
50284.08,52,Female,14095.31,8061.75,713,1132067.62,24,1.4899,1
53459.03,40,Male,15437.87,8233.47,736,876871.24,84,0.7236,0
55380.16,30,Male,8597.74,3394.76,748,1669418.78,36,1.2034,1
43844.25,33,Male,9875.88,14860.74,718,2338520.23,60,1.7239,1
103252.4,49,Male,19365.04,7702.47,604,402570.42,12,0.6067,0
25000.0,55,Female,7324.41,1670.7,717,1446212.96,84,1.3503,1
32394.74,28,Male,8280.77,7491.45,713,2254356.94,36,2.7652,1
46554.21,49,Male,10195.17,3956.9,850,340274.91,60,0.4629,0
25000.0,51,Other,7371.02,8214.25,850,1285276.99,36,2.3065,1
44894.6,61,Female,7128.76,171.38,761,2176551.03,36,1.7498,1
112502.99,50,Male,32446.48,226.54,675,2261085.31,60,0.7274,0
49535.42,42,Male,15670.21,8753.25,764,1334445.19,36,1.375,1
55014.41,41,Male,17585.65,9397.66,609,159884.52,24,0.6259,1
26105.93,32,Male,7725.22,1492.67,685,353534.03,84,0.585,0
36019.63,31,Male,7276.09,6234.34,614,1508120.19,12,4.0756,1
40635.68,22,Female,14037.68,5854.85,755,397260.66,84,0.6569,0
41820.52,61,Male,8150.75,13031.92,641,458602.66,24,1.0176,1
93043.45,22,Female,24159.32,301.36,701,1953081.03,24,1.2412,1
64786.05,54,Male,9087.44,22137.03,717,1901660.94,60,1.1202,1
28120.98,23,Female,9704.89,6145.49,718,2122654.62,60,2.2048,1
55450.85,36,Male,15304.24,2946.95,689,353764.33,60,0.4679,0
62888.01,24,Male,18133.41,1029.23,741,575547.71,36,0.6043,0
86688.33,43,Female,10094.35,16326.62,638,2099107.43,36,1.0975,1
108041.46,40,Female,31424.34,8882.26,833,1830610.26,12,1.8706,1
29509.07,45,Other,8666.25,3110.49,652,2034294.71,36,2.656,1
32681.72,50,Female,8756.84,2803.97,722,2475389.62,12,7.048,1
26139.71,38,Female,4521.58,5948.36,760,2174635.85,24,4.278,1
43607.75,31,Female,9699.34,8448.35,764,1349111.8,12,3.1505,1
61894.04,49,Other,7898.21,1689.15,770,845843.64,12,1.3627,1
80311.43,37,Other,17499.6,14800.13,616,1467223.81,60,0.7994,1
47194.12,46,Male,7596.17,13068.83,660,1632607.72,36,1.5704,1
41775.96,43,Male,7823.56,1187.19,728,904749.14,48,0.7754,0
52885.21,40,Female,7438.31,16468.91,751,1950248.89,48,1.4052,1
32287.28,22,Other,5085.69,6535.18,801,322609.1,60,0.5772,0
139353.53,44,Female,16602.88,46365.51,686,1970542.84,84,0.694,0
25000.0,51,Female,8249.38,1296.24,661,176796.44,84,0.5029,0
53764.59,47,Female,12505.79,18696.51,684,1295118.55,84,0.9928,0
134834.46,22,Male,26857.07,30404.57,850,2167447.51,24,1.1739,0
49187.75,34,Male,11498.0,9769.82,817,307588.66,24,0.7238,0
44577.32,24,Female,11459.64,8039.42,708,1342573.45,24,1.8411,1
40997.95,33,Other,13548.58,339.42,803,482539.45,12,1.379,1
44792.87,56,Female,6480.33,14731.2,682,2247557.8,36,2.1163,1
97384.68,55,Female,16934.04,21950.32,782,2097629.26,24,1.4032,1
25000.0,28,Male,8598.68,801.73,630,2341401.38,48,2.7966,1
105526.44,22,Male,20345.31,773.85,743,2199957.62,12,2.0427,1
25000.0,26,Male,2641.01,444.36,786,1867727.94,24,3.6054,1
42902.0,51,Male,5873.75,9150.5,698,543734.07,24,0.9409,1
39552.25,30,Male,4215.66,8499.99,759,826006.28,84,0.6791,0
65793.52,41,Female,22861.98,11506.2,683,1292452.38,84,0.8587,0
25000.0,30,Male,4242.94,2684.2,739,1513352.28,36,2.2589,1
61764.64,43,Other,20437.04,11495.01,688,1977240.15,36,1.565,1
134881.89,23,Female,47069.95,24373.92,773,644703.11,12,0.9521,0
25000.0,52,Male,6249.01,169.89,637,407865.75,48,0.6784,1
53898.24,40,Male,5837.13,5328.61,654,1258264.41,60,0.7147,0
35207.31,30,Female,4238.89,655.38,804,478819.39,84,0.3719,0
60654.17,49,Other,13368.01,19109.35,560,1764968.33,48,1.2875,1
49492.37,61,Male,9974.84,12562.56,678,1481514.14,84,0.9679,1
35569.95,54,Female,8947.42,12401.12,710,1878658.71,36,2.3293,1
62563.43,57,Female,13120.3,6616.7,742,252247.74,36,0.4475,0
120834.13,40,Female,40300.5,37152.88,688,2415274.15,60,1.0756,1
44558.05,28,Male,10412.54,9404.82,646,100013.29,48,0.5028,0
70254.45,27,Male,19209.78,11141.93,799,881061.8,48,0.7562,0
25677.32,26,Male,8322.57,2000.28,788,1731123.5,60,1.8679,1
30387.35,31,Female,4154.5,7853.22,695,208340.98,36,0.6196,0
62081.49,38,Female,9773.72,19645.64,603,300039.0,12,0.901,1
102956.11,49,Female,13057.89,8479.25,739,284035.45,48,0.2805,0
58559.97,45,Male,7900.3,3594.8,731,1495623.34,24,1.3867,1
41918.02,41,Other,9563.43,10214.48,676,2250220.76,48,1.8592,1
49003.44,23,Male,8835.07,16756.26,592,1433048.75,48,1.2781,1
26233.6,38,Female,5398.7,6885.91,702,1548571.25,48,1.9939,1
66320.72,44,Male,22921.93,6605.76,769,930403.96,36,0.9045,0
76203.79,58,Male,10605.75,11200.77,779,144978.78,24,0.3748,0
39103.01,30,Female,9197.15,5259.79,717,151875.32,48,0.4701,0
38753.6,47,Male,4833.26,11557.61,679,2231943.92,12,5.5131,1
55990.6,32,Female,10057.26,15116.33,767,346173.85,84,0.5555,0
39404.69,27,Female,9137.22,8122.94,646,2499494.49,84,1.5241,1
47426.37,37,Female,15966.46,4564.11,631,494614.27,24,0.919,1
140064.86,21,Male,27705.82,45982.73,714,1719122.67,60,0.793,0
43325.09,46,Female,5035.53,9906.73,820,2377493.13,12,5.1949,1
40979.61,35,Female,8074.64,13919.41,822,969494.27,60,1.0511,1
35462.43,53,Female,4838.33,7200.33,634,1862639.65,48,1.697,1
71118.02,57,Male,11200.9,20440.56,691,942055.94,36,0.8786,0
44774.22,51,Other,11396.05,12742.16,850,831858.54,48,1.0193,0
35429.97,55,Male,4140.2,4183.04,675,584329.8,48,0.6612,1
94906.93,21,Female,20517.07,32022.29,825,2070243.78,60,1.0279,0
99688.09,28,Female,25157.82,765.56,783,717728.95,48,0.4461,0
36307.81,32,Female,7459.97,9768.57,797,779579.59,12,2.3722,1
25000.0,39,Female,2619.54,8448.62,691,2497527.38,36,3.7134,1
81125.84,45,Male,28100.36,9622.97,692,885545.05,60,0.7023,0
34810.87,52,Male,6675.99,7896.45,660,1114658.77,24,1.911,1
72788.47,32,Male,21446.71,14323.18,771,2476133.1,84,1.0739,1
25000.0,33,Male,4535.29,6663.19,613,986320.83,48,1.4676,1
76595.89,48,Female,16755.67,23220.98,709,978764.82,84,0.7407,0
26753.32,21,Female,5273.51,5646.71,826,2086514.72,60,2.1039,1
70642.14,26,Male,13113.64,20173.03,758,848632.88,84,0.6769,0
49371.89,28,Female,5206.9,5396.35,785,661086.65,48,0.5608,0
30425.32,24,Female,5780.97,2434.19,613,1115704.61,48,1.2178,1
39993.88,25,Female,12892.93,6028.43,655,1781537.92,60,1.4416,1
69089.58,45,Female,18833.7,16388.59,796,203783.26,12,0.7705,0
51686.26,42,Female,7047.72,3387.33,728,997398.47,24,1.1013,1
65657.46,48,Male,16269.18,15634.57,652,930987.76,48,0.8524,1
131691.89,59,Male,42544.08,18164.63,760,687564.03,12,0.9224,0
25000.0,43,Female,6875.21,6961.28,685,1670289.61,48,2.2802,1
110040.78,24,Female,15094.41,1418.7,850,795976.19,48,0.337,0
51646.51,24,Male,16369.78,12074.64,758,1556155.74,12,3.2138,1
31276.05,41,Female,5485.38,7113.36,660,1310408.42,48,1.4857,1
25206.15,57,Female,5381.99,8301.08,777,621255.69,24,1.6916,1
44597.8,61,Female,10325.98,11135.12,824,739758.54,84,0.7652,0
77716.67,22,Female,24296.3,21660.08,719,509440.13,60,0.7339,0
45992.12,27,Male,15310.86,14561.42,670,235910.12,84,0.7373,1
104357.47,36,Male,34689.8,24656.35,722,1586052.31,12,1.9119,1
25000.0,37,Female,2549.71,2538.84,680,1714692.87,84,1.3779,1
48725.39,40,Female,16102.38,14833.02,703,498399.98,36,0.9698,1
26207.56,43,Female,2977.09,6857.27,629,1576941.72,48,1.9304,1
58795.23,54,Female,9786.08,8734.22,776,2457003.38,60,1.2236,1
76377.52,31,Other,17471.13,18993.96,645,278565.03,24,0.6474,0
39720.36,54,Male,8737.74,12062.72,759,1276890.09,24,2.022,1
25000.0,53,Male,6279.44,8536.96,700,1859291.71,36,3.0275,1
54147.88,46,Male,11905.04,18048.73,734,210422.07,84,0.6197,0
60984.15,22,Male,20343.94,6943.94,689,1967856.39,24,1.9514,1
60002.85,43,Male,9608.69,8855.99,732,2450826.97,84,1.0071,1
90934.17,61,Female,15322.97,3486.22,748,312370.87,60,0.2815,0
28694.86,42,Female,9474.6,2486.14,697,2073351.77,36,2.7824,1
68879.1,54,Male,8209.35,21273.13,607,1008595.71,84,0.6788,1
88987.73,35,Female,22459.63,11238.93,741,445878.89,12,0.8215,0
25000.0,30,Other,6760.85,5429.84,745,1283663.7,84,1.3668,1
57516.43,35,Male,13020.88,13406.39,626,271644.97,84,0.5403,0
38097.73,49,Other,10421.94,10425.07,656,1353043.38,36,1.7099,1
47062.82,43,Female,6738.86,3011.08,697,146456.29,12,0.4822,0
58328.04,37,Male,18265.9,6222.7,570,1848667.46,24,1.897,1
38422.01,29,Female,5187.22,6029.09,766,1271127.25,60,1.0112,0
34966.51,56,Other,7000.4,4465.03,688,1201455.19,84,0.9162,1
49865.08,29,Female,5924.69,17154.43,738,570859.58,48,0.7587,0
28463.48,36,Male,6726.0,8317.86,650,967031.57,36,1.6408,1
28483.7,56,Male,7617.58,4782.14,850,536486.64,24,1.3132,1
68850.08,53,Female,23085.8,21188.2,627,1864936.24,84,1.1068,1
27600.88,51,Male,7861.67,3358.43,687,577660.72,60,0.8616,1
68401.93,26,Other,16093.31,18813.26,797,1580207.98,48,1.1074,1
61777.57,30,Female,20581.46,4836.35,645,771058.0,36,0.8201,1
25000.0,36,Male,5490.23,6757.82,725,1676757.27,60,1.9482,1
34934.06,24,Female,8394.7,5581.02,760,1397091.9,24,2.264,1
89059.03,42,Male,22177.89,3350.82,622,1116252.72,84,0.5013,0
30013.94,33,Male,6077.67,2870.59,676,1715202.0,84,1.2766,1
38863.0,36,Female,12032.79,5471.76,732,1097732.97,84,0.9341,0
61761.19,49,Female,9035.29,16197.03,749,2071289.45,36,1.5065,1
72525.63,26,Male,17312.63,1852.59,666,1851036.3,84,0.7013,0
43227.43,46,Female,12127.82,9978.68,839,1397533.59,36,1.5698,1
36360.74,31,Female,11853.38,9112.18,751,2204945.64,84,1.6149,1
99826.1,44,Male,32042.14,22847.45,770,2089268.37,12,2.3996,1
116943.93,49,Female,26567.91,31134.49,766,1376414.55,84,0.6949,0
79971.77,23,Female,20855.87,4986.96,618,264274.46,12,0.6152,0
51157.23,30,Male,10157.75,10512.1,712,1458391.25,36,1.3374,1
32724.1,21,Female,7102.58,10779.34,718,952616.77,60,1.1794,1
32363.22,46,Female,10568.74,6918.43,703,1396271.06,24,2.5512,1
63656.52,32,Female,21177.0,13620.44,733,1653113.11,48,1.2178,1
60427.47,34,Male,19569.65,15575.41,583,1647612.58,12,2.9914,1
98794.71,45,Male,13297.05,11521.58,728,1716457.7,24,1.061,1
67861.56,28,Male,21208.16,16637.39,700,1730244.7,84,0.9943,1
25000.0,24,Female,8427.27,8017.05,582,362275.4,36,1.1322,1
82948.38,48,Female,15786.11,316.32,747,560109.59,24,0.5088,0
29761.46,27,Female,6835.06,9063.54,643,1613298.41,24,3.0607,1
40457.79,30,Female,11925.9,3095.68,695,1079613.73,84,0.8282,1
55553.41,56,Male,13361.68,8864.83,703,1930843.95,24,2.02,1
132964.01,22,Female,46320.79,39666.05,599,399782.28,36,0.7451,0
232108.28,46,Female,49654.54,66932.89,607,559655.19,12,0.7154,0
66393.97,34,Female,18489.77,20726.51,755,1440315.14,48,1.1513,1
44730.09,36,Male,13336.18,14722.72,680,1301795.25,60,1.2601,1
64039.34,37,Male,14314.4,10022.47,694,739353.17,12,1.4004,1
76406.86,42,Male,24010.55,17552.74,724,1080023.78,48,0.9093,1
41758.83,24,Male,9877.58,5707.07,605,183955.07,36,0.5174,0
120283.37,39,Male,24407.02,14764.89,693,188891.46,48,0.3663,0
54997.08,22,Female,6982.2,8307.77,712,327824.81,36,0.4732,0
62872.97,59,Female,12471.07,16351.79,834,1484301.89,48,1.0686,0
68388.65,29,Male,19387.1,12002.5,660,2172919.4,12,3.2671,1
60523.88,39,Male,19992.35,17244.52,771,724535.89,84,0.8202,0
74568.26,36,Male,12148.65,19449.38,719,181455.59,84,0.4654,0
36003.57,45,Male,6797.79,258.05,646,1800705.04,84,1.0523,1
37080.6,38,Male,5135.3,8179.36,678,2152845.37,36,2.2598,1
28280.36,43,Male,7711.51,4321.24,776,431614.68,24,1.1368,1
61068.45,41,Male,20766.15,9759.97,770,1025794.47,84,0.7875,0
72364.29,31,Male,18831.94,20727.35,686,480968.42,36,0.7643,0
61628.91,59,Female,15670.33,11811.97,742,355257.83,36,0.6347,0
113237.9,61,Male,26992.8,35100.09,652,1655604.49,48,0.9262,1
48883.83,24,Male,5969.4,12195.63,708,2422087.54,36,1.9937,1
68485.06,45,Female,19338.53,13251.45,692,1727597.5,48,1.1278,1
28400.15,52,Male,7114.59,7500.15,780,2463555.19,12,8.1812,1
40394.55,50,Male,10719.47,542.18,750,1142548.66,36,1.2048,1
69408.8,46,Female,22537.23,657.95,676,2254887.49,24,1.8483,1
74948.09,56,Male,22183.9,2186.41,682,592202.14,24,0.6934,0
42320.06,54,Female,12494.1,6481.23,718,382970.48,12,1.2482,1
47296.92,29,Other,15692.92,3897.62,709,1786048.12,84,1.0608,1
25000.0,32,Male,8687.09,8612.29,701,991379.99,24,2.5402,1
41006.48,22,Female,10059.74,7783.09,697,862450.25,48,0.9787,1
76511.14,58,Female,9733.78,17738.76,809,1711073.39,36,1.0912,0
65355.87,25,Male,14037.3,6377.89,690,900361.7,60,0.6119,0
62964.91,25,Female,18694.3,7091.67,739,1474139.61,36,1.176,1
50256.08,42,Female,5373.95,5900.65,850,818692.26,36,0.7577,0
49194.23,25,Male,5619.06,12030.82,664,1981018.21,60,1.2343,1
35236.56,24,Female,4115.26,5842.12,732,849732.02,84,0.6955,1
69523.09,29,Female,19658.28,12596.84,735,1383985.95,24,1.3918,1
60505.31,49,Male,13631.34,12536.76,719,155622.6,24,0.5524,0
62693.27,42,Male,12051.18,16869.76,722,2000153.88,36,1.5058,1
37683.69,47,Male,4763.38,1191.91,662,1588810.66,24,2.1231,1
25000.0,30,Male,7076.5,6797.65,743,561368.96,48,1.1353,1
84844.58,36,Female,15293.66,16725.6,600,616896.1,48,0.5653,0
38583.55,30,Female,6417.64,9035.63,836,729983.0,60,0.8119,0
31844.25,26,Female,8377.58,3650.72,831,1483672.25,36,1.9031,1
69337.38,25,Male,16623.83,9935.03,698,1415959.2,84,0.7327,0
40295.44,26,Male,7680.42,3260.23,788,757272.93,48,0.7572,0
83280.37,45,Male,21683.87,28544.76,700,1765749.5,12,2.477,1
66736.21,24,Male,11198.7,11608.83,720,2233698.8,24,1.9017,1
68994.68,60,Male,20609.23,24053.4,675,204437.15,84,0.6981,0
25000.0,52,Female,3933.24,4285.63,773,1101271.93,36,1.7709,1
89856.75,55,Female,12553.83,6911.15,682,1524448.28,48,0.6551,0
55861.2,30,Female,16513.12,9921.41,771,1507444.49,60,1.0599,1
40756.13,54,Female,11288.35,564.82,717,146884.83,48,0.384,0
52664.36,56,Male,7671.08,16677.19,718,605358.56,12,1.4782,1
25000.0,26,Female,3226.54,7162.31,623,248393.73,48,0.6723,0
60133.74,36,Male,18617.39,15276.21,723,1465516.17,36,1.3615,1
29299.16,39,Male,8618.34,6253.59,645,1648935.73,60,1.7312,1
25000.0,54,Female,4545.36,5073.55,724,483381.19,60,0.8052,1
25000.0,45,Male,6613.73,8721.37,846,899226.69,12,3.7924,1
85506.2,51,Male,11204.74,8319.68,629,891528.98,36,0.5697,0
35788.01,61,Female,8115.36,9766.17,710,2067525.6,12,5.6056,1
105541.96,37,Male,11048.4,21476.91,678,567182.57,12,0.7831,0
37500.11,50,Male,7421.29,12808.47,652,1415953.89,12,3.8766,1
25000.0,59,Male,2967.77,7243.28,668,1979045.23,48,2.4544,1
28049.83,51,Male,6136.93,9802.96,815,2090987.66,24,4.0427,1
90935.51,39,Male,18680.01,18724.87,832,1699758.63,48,0.8944,0
45344.81,55,Male,9572.12,3246.25,651,818866.61,36,0.8739,1
37266.73,49,Female,4149.01,6569.77,746,2075311.78,84,1.2411,1
53104.08,21,Female,10111.23,13217.02,660,1881198.47,12,3.5702,1
63000.09,24,Female,18214.65,17074.67,675,1790725.92,12,3.0723,1
85707.83,48,Female,16475.49,15.3,586,261604.96,24,0.3347,0
101138.85,38,Male,28196.8,17877.25,850,203835.71,60,0.4994,0
40950.35,46,Male,7877.61,3371.53,791,1768876.71,12,4.0924,1
25259.97,60,Female,5198.75,7735.09,677,2367507.52,48,2.9344,1
39865.53,39,Female,9606.52,2133.48,738,1956937.43,12,4.633,1
55834.11,26,Female,18853.53,13023.85,694,2095541.36,36,1.7997,1
30276.3,21,Male,3851.6,2819.38,781,1407957.47,24,2.3878,1
30376.5,28,Male,3287.6,3790.68,697,831006.75,84,0.7014,1
58214.74,53,Male,14669.49,19164.05,707,1726568.55,60,1.226,1
47842.7,41,Male,16136.11,4026.29,676,1808730.1,84,1.0688,1
49831.3,44,Female,17312.93,1656.94,759,1720859.13,36,1.5113,1
33548.66,45,Female,7415.63,813.55,850,2372101.74,48,2.0727,1
43686.73,39,Female,9480.91,7715.74,701,981229.68,84,0.7782,0
30880.6,49,Female,8067.28,6935.75,700,195178.09,36,0.6928,0
76504.07,30,Male,18277.49,8763.75,718,2280266.45,84,0.8638,0
82258.72,32,Male,21265.69,19872.96,736,485197.89,12,1.0214,1
25000.0,53,Male,7962.5,534.05,700,1773564.01,24,3.6463,1
30799.22,27,Male,8826.33,9241.83,694,2195690.66,12,6.8874,1
25000.0,37,Female,5605.48,7144.96,725,844339.36,24,2.0841,1
35418.45,30,Female,7631.47,12216.66,606,2092996.58,48,2.0877,1
47017.78,51,Male,12219.94,15411.33,684,896939.5,36,1.2122,1
25000.0,26,Male,5348.16,3116.73,589,2006219.03,84,1.7126,1
30917.27,37,Female,6630.05,4320.58,687,267591.67,24,0.7576,1
29673.85,57,Male,3088.35,7747.48,658,1672583.2,36,2.2105,1
54373.58,38,Male,7803.48,2551.7,760,1725131.39,84,0.7337,0
50750.27,46,Female,11273.08,5577.72,672,1279421.99,24,1.507,1
34170.95,36,Male,10444.81,1417.73,696,1749018.07,12,4.8709,1
53552.11,28,Female,9086.82,8526.04,580,2315640.81,24,2.3443,1
37296.69,44,Male,8602.89,7205.78,786,1861251.58,24,2.7498,1
42794.82,33,Male,7970.13,3162.8,649,2407110.47,60,1.4831,1
113179.01,49,Other,14283.3,1054.95,688,1176669.55,84,0.3135,0
95820.37,52,Female,32538.16,24125.13,770,1367897.76,84,0.8358,0
25596.46,44,Female,8028.8,179.22,770,732972.87,48,1.0608,1
74225.74,36,Female,8879.11,25288.03,647,2465444.0,84,1.029,1
73548.35,31,Female,20589.63,5704.6,754,232328.16,12,0.6367,0
27608.21,52,Male,5159.84,6415.18,645,960689.0,12,3.4947,1
73820.28,26,Male,25742.05,11232.72,735,814473.2,36,0.8621,0
105764.05,55,Female,18572.13,2208.97,669,1027628.11,24,0.6493,0
27965.52,53,Female,4465.66,4621.7,654,2302522.87,24,4.1624,1
30984.69,38,Female,7497.45,5604.08,722,983290.9,84,0.9662,1
81538.51,57,Male,25177.59,24391.36,672,2300743.97,24,1.923,1
56148.07,33,Female,8317.2,14392.0,850,1116013.27,12,2.1611,1
64585.04,30,Female,17912.71,1792.61,679,2151445.05,60,1.0294,1
58121.71,57,Male,6704.44,4254.91,642,1352200.24,36,0.9502,1
59596.25,46,Female,19650.89,6505.57,661,847246.82,24,1.1015,1
25254.61,37,Male,3037.34,1028.94,718,1178439.52,60,1.1756,1
82756.58,21,Male,27190.32,13233.99,727,1118514.59,84,0.7199,0
87973.86,45,Female,19591.94,30307.72,740,723793.75,48,0.7799,0
43708.8,54,Male,9267.26,7872.59,779,795132.95,12,1.9999,1
47966.66,59,Male,16468.24,12454.96,611,547489.41,48,0.898,1
25000.0,30,Male,8689.9,5975.71,782,906401.34,12,3.791,1
63394.18,40,Female,16643.8,18857.8,660,1598573.93,36,1.3856,1
65253.09,27,Female,8599.04,4926.82,746,1027739.6,84,0.477,0
47519.93,36,Male,10765.28,12537.62,831,1809575.71,48,1.4746,1
86006.37,57,Male,19978.49,26530.76,668,2468747.61,36,1.4805,1
41479.78,49,Female,9482.76,2489.97,665,1005042.59,36,1.0819,1
65010.43,32,Female,15756.77,7891.02,653,1210334.11,36,0.9733,1
29441.72,37,Female,3081.99,9996.51,698,493864.38,48,0.8778,1
48446.91,40,Female,13458.88,13239.37,802,1041316.69,48,1.1066,0
44928.29,46,Male,12494.49,4443.71,647,1844397.88,48,1.438,1
54866.27,39,Female,7070.48,10829.48,687,621771.52,24,0.8544,0
40751.04,32,Female,9884.57,5766.85,783,536929.72,36,0.8154,0
45901.99,41,Male,11112.43,7871.63,760,1003299.7,84,0.7878,0
74089.09,54,Female,20049.44,9209.88,687,2064758.77,24,1.6938,1
39403.81,27,Male,4781.63,3852.35,706,1596777.26,12,3.8006,1
25000.0,55,Male,6415.65,5904.18,779,2398190.51,48,2.9721,1
117570.33,35,Female,20009.06,32036.7,822,2270897.04,84,0.7734,0
97804.61,21,Male,22177.27,29916.96,830,462729.27,60,0.6355,0
25690.3,46,Male,7535.76,1396.67,809,202126.66,12,1.0431,0
69206.77,55,Female,19129.54,19931.51,676,1057827.36,36,1.0648,1
38120.7,45,Female,4945.24,3399.61,838,1352990.75,36,1.3809,1
55923.7,35,Male,13857.68,8364.38,671,1337369.48,84,0.8068,1
56789.8,42,Male,19437.96,17917.48,612,421857.44,24,1.004,1
43599.29,26,Male,6068.69,6935.61,727,399561.84,48,0.5351,0
33127.44,35,Female,10376.4,2284.87,815,212465.81,84,0.492,0
34708.14,44,Male,9566.85,1942.06,763,2142063.82,48,1.9267,1
31005.01,41,Female,9100.0,5132.7,715,2374585.93,12,7.2279,1
32340.93,27,Male,5513.79,8632.94,738,377644.05,84,0.6374,0
47401.58,49,Male,8151.76,16544.19,754,611493.68,12,1.6611,1
34273.23,52,Male,11190.38,9445.46,729,315670.92,12,1.4161,1
68942.36,52,Male,13096.15,21162.15,700,2206005.21,60,1.1926,1
103117.36,25,Male,11936.23,26990.08,671,2400900.96,60,0.8837,0
36679.5,24,Male,9175.35,11495.44,727,728311.78,36,1.2136,1
55254.34,42,Female,7249.61,1475.44,712,828601.19,36,0.6489,0
62934.05,38,Male,18826.66,20483.53,720,970407.24,36,1.1294,1
62068.95,55,Male,16165.03,8611.58,787,1305913.02,84,0.7594,0
50918.3,37,Female,16226.73,16424.46,703,1737906.35,48,1.5234,1
71064.36,44,Male,21049.92,1883.67,706,1310537.4,36,0.9265,0
62387.77,22,Female,7987.41,15617.84,732,2382403.8,24,2.1582,1
26401.31,33,Male,5155.32,6798.1,850,339744.3,12,1.5901,1
75703.38,35,Male,22229.54,26414.33,649,2016653.23,84,1.0987,1
76392.93,25,Female,15609.78,20557.29,790,902759.42,48,0.7789,0
33468.4,23,Male,11482.72,4481.45,700,1006114.45,60,1.1306,1
49959.55,57,Female,14185.27,9743.96,716,1801190.66,12,3.6654,1
68986.39,57,Male,7165.96,8850.46,634,2330505.06,36,1.3382,1
44149.77,57,Male,14127.77,3028.96,842,1818881.87,60,1.2843,1
83825.21,23,Female,10495.02,7290.77,734,1962065.38,60,0.7211,0
159841.22,55,Female,21599.49,12420.25,762,1901870.18,60,0.4715,0
33090.68,43,Female,9385.28,6356.24,622,870348.65,84,0.9261,1
25000.0,48,Male,7906.05,7928.91,678,1916633.04,12,7.4092,1
57062.89,50,Male,13357.7,18228.99,746,1982849.82,48,1.4516,1
70317.87,38,Female,12113.13,1347.81,709,1380160.77,12,1.9261,1
43676.56,56,Female,8203.72,1221.41,749,1388214.97,24,1.6972,1
101379.92,53,Female,18828.52,8697.55,850,1923329.93,36,0.8926,0
25101.86,46,Male,4560.24,2240.86,752,2060874.07,84,1.6767,1
69317.96,60,Male,11141.3,2302.13,690,909269.06,48,0.533,0
36209.24,37,Female,9132.58,4923.09,677,2023749.32,84,1.3452,1
115808.0,60,Male,37649.34,23822.16,670,2054101.62,48,0.9892,1
132754.61,27,Female,23467.11,26863.79,692,661901.54,36,0.5424,0
33412.04,28,Male,4900.66,6354.98,694,1820681.79,24,2.8766,1
37243.08,51,Male,11532.11,4414.61,727,547681.41,60,0.7479,0
75342.07,32,Male,21506.08,18629.04,754,323317.87,36,0.6732,0
40393.92,51,Male,13439.43,11684.73,748,1478903.23,60,1.418,1
47920.3,39,Male,6774.97,5807.75,728,2280765.28,36,1.8208,1
49647.05,30,Male,6755.12,1486.3,733,185101.66,12,0.4955,0
25000.0,59,Male,5883.93,2592.89,850,2083603.93,84,1.7661,1
48682.8,32,Female,12346.37,2340.62,673,1315530.91,24,1.5611,1
34722.25,40,Female,7640.4,5679.71,717,2166149.08,84,1.4518,1
38308.94,57,Female,9567.34,2090.8,603,2124344.64,24,2.8889,1
100893.02,61,Male,14639.07,16344.23,695,2200688.33,36,1.0212,1
26153.72,27,Female,5751.29,2023.02,661,1945297.49,24,3.7639,1
73614.89,34,Female,19472.84,19033.56,672,2123181.65,60,1.1502,1
42638.74,31,Male,8876.39,411.42,642,522460.5,24,0.7889,1
42621.75,27,Female,11501.98,8275.49,632,829247.56,24,1.3708,1
72779.23,49,Male,15487.26,4317.33,727,681966.81,84,0.4326,0
58106.08,30,Male,10656.65,20.17,766,1881827.93,24,1.6932,1
65205.98,49,Male,11469.81,19836.97,669,468743.49,48,0.6659,0
79546.13,29,Male,16126.03,18696.1,588,537346.7,36,0.6589,1
41537.25,56,Male,4393.49,1438.43,727,2209515.33,12,4.8417,1
36093.99,30,Male,9641.83,8389.16,750,1794117.26,12,4.8927,1
28493.31,39,Female,8869.3,6099.75,763,2200911.95,48,2.5217,1
32444.78,51,Male,6120.93,5375.28,653,434452.62,84,0.5836,0
214174.68,37,Female,23882.25,31428.06,680,1057552.97,48,0.3859,0
91339.61,29,Female,31666.88,28358.61,647,779562.81,12,1.4115,1
25000.0,53,Male,4148.11,2145.05,671,123234.6,60,0.3589,0
25305.35,54,Female,3331.58,3527.78,668,782855.11,12,3.0053,1
62375.82,44,Female,12003.49,7185.1,686,1010999.8,12,1.7401,1
64449.19,29,Female,18344.77,17396.15,703,321327.13,36,0.7178,0
64501.38,27,Female,11189.64,20689.65,727,1459570.14,12,2.4942,1
43153.64,36,Female,10515.5,12834.91,665,1019614.39,12,2.6293,1
46040.32,39,Female,9387.16,12854.29,710,211507.99,24,0.6972,0
57753.53,59,Male,7475.67,19946.71,661,1789549.28,48,1.2757,1
51171.93,26,Male,9342.55,12485.98,605,1850271.6,12,3.6223,1
25000.0,31,Female,7030.44,6571.72,755,2102731.46,12,7.9778,1
43699.86,32,Male,11056.11,15031.92,676,1265297.44,60,1.2265,1
32025.79,33,Female,4161.58,78.36,607,2424781.11,12,6.8241,1
53509.03,32,Female,7535.71,11874.56,756,2293753.95,36,1.7661,1
218082.67,41,Female,56741.48,56404.91,703,1423243.9,84,0.6306,0
58908.51,30,Male,17870.12,18923.74,749,1167884.63,60,1.0556,1
41908.13,40,Female,7852.27,12964.09,747,107282.63,12,0.723,0
77722.55,56,Male,19339.52,22903.77,648,1806386.88,84,0.9415,1
62401.46,48,Male,8902.25,20656.56,780,1455890.81,36,1.2375,1
60478.74,44,Male,10755.79,11375.01,600,2350105.95,48,1.3702,1
66398.2,25,Male,6976.3,160.82,694,1526157.1,12,2.1389,1
137073.39,57,Male,40034.89,530.34,689,2482854.63,48,0.7641,0
27849.1,32,Female,5576.85,5308.7,669,2149166.25,12,7.2115,1
62119.55,55,Female,18886.29,9463.62,799,2388635.05,60,1.2924,1
30847.45,60,Male,8547.62,4871.92,739,886390.65,60,1.0598,1
64715.52,22,Male,19879.71,9069.34,628,458406.39,84,0.5686,0
30966.36,61,Female,5308.09,9946.52,637,2012493.07,36,2.6203,1
39787.84,59,Female,5820.05,5001.71,850,1986873.05,24,2.5994,1
42296.31,29,Male,14506.64,12675.33,689,607477.45,84,0.8886,1
79850.26,42,Female,22304.73,25232.89,668,1935387.17,84,1.0103,1
77592.59,25,Female,23938.13,13565.17,795,1496736.06,36,1.1149,1
26295.19,32,Male,2715.86,4113.31,604,362860.35,12,1.4793,1
50385.92,21,Male,9503.56,13420.65,810,1304280.63,48,1.124,0
34379.31,42,Male,9822.31,8518.85,668,2334731.2,48,2.2887,1
26127.6,58,Male,3122.14,3004.34,753,1315498.11,12,4.6844,1
43980.05,39,Male,10635.92,1578.53,688,1992877.57,24,2.3897,1
42014.02,36,Female,8708.17,3894.63,617,169383.97,24,0.4879,0
164943.5,51,Female,17220.78,7564.3,731,1847395.39,24,0.6723,0
60869.04,23,Male,9677.81,6279.02,781,2372409.73,12,3.7069,1
25000.0,43,Male,4279.95,2290.94,567,1298866.68,60,1.3925,1
36960.79,38,Female,4729.69,8249.61,644,910503.79,84,0.773,1
81690.39,46,Other,21066.66,27290.6,800,1651961.21,60,1.0316,0
139277.19,33,Male,22367.84,33427.96,745,2299026.92,12,1.8595,1
25000.0,38,Female,4235.12,8108.18,750,524247.16,60,0.9497,1
25000.0,23,Female,8113.99,6861.16,780,1068866.1,24,2.5917,1
124926.72,43,Female,27081.71,31825.98,750,475096.67,60,0.5542,0
59564.03,23,Male,11795.59,8632.12,729,1291970.16,12,2.26,1
31756.53,45,Other,8922.56,3610.02,792,1397012.83,84,1.1479,1
64043.29,47,Female,20967.99,18969.44,694,2366088.68,60,1.4269,1
25000.0,47,Other,2656.48,7922.19,718,1090036.37,60,1.3711,1
49103.61,59,Male,10412.9,7766.17,773,1460695.87,60,1.017,1
57751.85,45,Male,14593.62,183.19,670,2224630.18,60,1.0934,1
77818.55,44,Male,13979.38,21585.77,812,871372.0,84,0.6488,0
29526.75,28,Female,8654.35,2946.01,738,1717993.29,12,5.5353,1
51166.67,29,Male,17543.48,177.08,645,1917188.44,36,1.573,1
30862.21,57,Female,10365.28,8695.3,707,893267.76,60,1.2469,1
55697.57,50,Male,9273.4,10086.55,629,494418.85,36,0.6382,0
31329.86,39,Female,4905.77,7513.64,725,1306982.9,84,1.1107,1
39972.6,36,Male,13565.61,12796.89,695,956324.15,12,2.774,1
29794.89,44,Male,6395.69,5643.48,663,739509.84,48,1.0456,1
67884.85,41,Female,10323.55,11955.74,604,2436211.15,36,1.5031,1
75299.26,56,Female,20839.01,7660.32,668,1305167.24,12,1.9104,1
43594.65,60,Male,7459.27,4656.69,708,2155546.47,48,1.5559,1
49967.05,59,Male,8335.09,13930.3,695,568761.79,60,0.6931,0
25000.0,26,Female,7995.31,3929.01,627,2354662.64,84,2.0897,1
42199.42,25,Male,5934.07,2415.25,721,2006635.44,84,1.012,1
47805.58,34,Female,5550.14,1581.65,655,2040861.17,12,3.9223,1
181751.66,24,Female,30406.44,30083.91,779,1035435.7,24,0.5983,0
28113.82,28,Female,7077.27,4575.08,789,1265528.78,48,1.5779,1
101934.79,44,Female,13330.21,23313.55,703,1524050.38,24,1.0563,1
80694.8,31,Male,17583.29,13304.44,822,1995437.29,84,0.8062,0
56405.29,37,Other,14486.81,2832.48,710,2137736.2,84,0.956,1
118102.74,41,Female,36869.82,20990.52,635,287308.74,60,0.5428,0
59044.86,46,Male,9297.64,18739.44,797,2269749.73,60,1.3106,1
59550.48,47,Female,18123.39,3323.18,824,2349991.97,36,1.6521,1
47735.93,36,Male,7576.96,11524.13,784,1522929.77,84,0.9464,0
90380.56,46,Female,24329.69,18785.67,670,548201.47,60,0.6089,0
84815.59,53,Male,17613.52,22222.11,639,2064195.6,36,1.2665,1
35852.24,51,Male,4613.12,1889.78,697,1416610.27,48,1.2026,1
25346.0,26,Female,7060.53,8353.08,850,2061271.49,24,4.3985,1
44289.8,28,Male,6840.15,9625.87,643,2055539.5,48,1.5713,1
32858.99,27,Female,4736.82,9741.87,773,308150.36,24,0.8777,1
47488.26,54,Female,9002.86,4098.82,713,1556851.43,12,3.1734,1
91009.49,34,Female,23964.85,23552.76,781,1259546.32,48,0.8798,0
39001.26,36,Female,6181.67,10661.41,638,2370686.73,12,5.8041,1
47982.34,29,Female,7001.36,6674.46,703,811939.1,24,1.0737,1
50463.79,30,Female,5171.95,6781.51,661,594400.25,84,0.4386,0
74922.94,37,Female,16326.52,17249.41,665,2253008.45,84,0.963,1
25000.0,32,Female,5179.03,817.32,767,456917.37,36,0.8382,0
36194.04,26,Male,5735.56,9318.82,647,1747646.7,48,1.6639,1
54482.88,39,Male,6179.07,817.81,738,820047.55,48,0.5174,0
89325.25,61,Female,18518.37,5958.58,723,1462829.81,36,0.8102,0
38332.32,49,Female,11386.67,8910.36,658,1578926.64,36,1.878,1
25000.0,26,Female,6970.51,860.33,672,1101686.28,60,1.2714,1
66826.55,45,Male,21063.64,22730.7,741,2439915.95,84,1.2805,1
35679.04,44,Male,3653.38,10844.24,718,416399.6,60,0.6601,0
27042.55,45,Male,9237.86,5927.88,722,1039357.81,24,2.3521,1
35876.12,36,Female,6649.75,10284.61,704,1132948.78,84,1.0127,1
44700.38,36,Female,15537.83,13886.31,700,1614512.68,48,1.5918,1
36229.45,26,Female,5911.01,3290.23,718,1077423.42,36,1.2276,1
25000.0,57,Male,5447.1,7432.35,813,332886.43,36,0.9511,0
76767.23,41,Male,14469.23,5233.82,754,2373832.0,84,0.7861,0
92729.09,24,Female,17520.25,13415.1,711,1098589.8,12,1.3807,1
67897.94,54,Male,21087.1,13266.64,649,922416.95,60,0.8013,1
27754.61,48,Female,7954.6,6934.82,692,1172133.1,84,1.2596,1
44322.79,58,Female,15426.01,467.58,660,619829.64,84,0.598,0
48861.22,61,Male,12380.39,4968.13,668,340532.04,12,0.971,1
66131.28,48,Male,14272.07,14084.75,598,456588.35,36,0.6548,0
68471.32,37,Female,8389.0,8564.33,719,499971.58,48,0.4363,0
33959.13,34,Female,11856.5,9211.71,850,574416.25,48,1.0576,0
51072.31,27,Male,12149.22,11648.48,732,1107904.51,12,2.3832,1
61613.74,42,Male,16951.13,5054.82,767,1597358.25,60,0.9208,1
101509.85,21,Male,20473.08,5184.63,782,1609330.81,24,0.9917,0
69720.75,49,Female,16518.86,15350.17,701,100234.17,84,0.4817,0
72731.39,51,Female,24411.89,11467.09,705,2310298.4,48,1.3143,1
51119.09,50,Other,7238.71,3022.93,629,2074833.23,24,2.0925,1
99233.36,35,Male,17176.62,11335.52,732,2413451.29,84,0.7038,0
60167.13,38,Female,8303.96,6381.71,723,963967.23,60,0.5924,0
31871.14,55,Male,9499.32,1206.2,664,1695518.26,12,5.0377,1
98882.25,50,Male,11422.02,18927.86,794,503249.8,60,0.4176,0
69490.94,54,Female,8367.26,18573.33,669,2060879.27,36,1.3586,1
39280.28,31,Female,6859.26,7911.58,850,487282.54,60,0.6458,0
38570.91,47,Male,8815.27,11154.78,746,882365.68,12,2.5396,1
56856.61,44,Male,11460.51,2538.59,718,1278003.65,12,2.2328,1
61795.91,55,Male,6871.96,9421.66,846,1526876.01,60,0.8009,0
54103.07,59,Male,18361.11,11539.93,571,1443119.26,84,1.0094,1
57276.99,28,Female,19372.08,13551.77,701,345030.43,12,1.1072,1
114688.92,38,Female,19478.66,27929.64,691,1112022.41,36,0.7308,0
83765.09,33,Other,23695.59,21371.65,708,2314982.23,24,1.8261,1
53923.29,44,Female,13192.0,12294.53,734,2193684.47,60,1.3572,1
78484.41,43,Male,12508.0,2588.4,706,1517880.46,12,1.9016,1
29253.02,32,Male,4842.63,7118.93,811,1473578.98,84,1.2714,1
59812.12,50,Male,13325.44,15172.77,748,368020.44,84,0.5818,0
121134.06,51,Female,24809.37,42120.49,751,580622.69,84,0.6346,0
43957.43,48,Male,7596.17,10667.45,750,706335.38,24,1.1644,1
32086.26,42,Male,9686.13,7713.24,636,1271669.75,36,1.8398,1
35381.9,48,Male,7796.96,6375.27,733,1855254.52,60,1.5406,1
28429.52,33,Male,7497.21,8636.12,735,1205740.85,12,4.3159,1
33110.94,45,Female,4877.85,11552.15,646,402546.5,24,1.0628,1
40731.05,27,Female,9505.69,11105.96,777,1154437.3,36,1.434,1
25000.0,26,Female,4487.35,5359.38,587,490319.81,48,0.9008,1
49405.11,44,Female,11442.39,1365.27,850,1902753.64,12,3.6631,1
76967.5,39,Other,22721.3,19577.35,717,499602.06,84,0.6607,0
31136.06,39,Male,9098.84,7721.64,664,1258081.57,84,1.2321,1
104782.49,56,Male,19757.28,28443.09,760,1764192.65,36,1.0112,1
63284.52,29,Male,17312.7,2758.85,760,647675.35,24,0.7942,0
82066.92,56,Female,27518.88,18777.43,850,282472.26,84,0.6231,0
35280.4,58,Other,9046.5,3651.64,835,1451918.74,60,1.2547,1
75151.59,60,Female,10303.47,19997.46,633,230086.39,24,0.5459,0
28396.84,49,Female,7665.08,2389.05,702,1510644.74,84,1.2649,1
76505.95,44,Male,9657.05,18314.95,660,1908396.49,60,0.908,0
53418.89,25,Male,16988.68,5515.37,768,890358.38,36,0.9669,0
64642.39,46,Male,14813.78,203.49,811,1272038.58,36,0.8765,0
27233.49,34,Female,5345.53,6036.99,634,2329028.41,24,4.4039,1
31334.19,59,Male,3579.98,1242.22,715,1230661.27,24,1.9844,1
66079.52,49,Female,12898.45,15247.98,678,2491729.75,60,1.2458,1
30510.49,26,Female,9940.37,9884.28,774,476805.79,12,2.031,1
61796.57,27,Male,6503.83,20963.63,746,1801441.37,24,1.8032,1
25000.0,57,Male,5466.55,2064.33,796,1666284.64,84,1.4425,1
74913.33,38,Male,24930.37,21218.35,692,2193531.55,12,3.2039,1
26469.23,43,Male,5259.71,3275.4,712,321863.71,12,1.3972,1
64611.65,58,Male,13377.45,20363.01,745,772495.82,12,1.5789,1
67024.63,21,Male,16396.91,18473.42,702,417230.14,36,0.7241,0
34600.18,24,Male,7464.45,895.2,739,2339428.29,36,2.4552,1
65579.16,55,Male,9322.11,9344.9,802,1123924.78,12,1.7994,1
55838.63,43,Other,5842.89,6592.38,850,2284158.03,12,3.8381,1
37443.15,47,Other,9452.63,10289.88,688,806576.79,36,1.2325,1
29605.71,46,Female,9775.86,4251.38,850,403283.44,60,0.77,0
25000.0,28,Male,3164.78,5990.15,687,811689.46,84,0.9221,1
58385.63,36,Male,8917.71,12310.75,776,1533218.46,48,1.0423,1
25000.0,61,Female,4813.93,8536.84,687,2128558.22,24,4.5023,1
51414.32,23,Male,15536.67,16875.45,653,1024937.66,12,2.3923,1
42970.79,52,Female,7189.66,6432.51,799,2295540.78,36,2.0659,1
68842.14,25,Male,22064.84,17434.44,716,686156.94,12,1.4547,1
42149.46,40,Male,4794.06,12236.45,803,1764497.65,12,4.104,1
41575.91,34,Female,13937.87,13080.2,768,1865712.04,12,4.616,1
70681.23,52,Female,16976.7,1685.53,746,757511.01,12,1.2112,1
57961.2,46,Male,15342.0,6128.1,755,164727.71,60,0.4322,0
57415.98,26,Female,11019.41,6435.21,790,976569.62,24,1.0967,0
61984.14,56,Female,18316.22,9425.07,780,208470.75,24,0.6043,0
25000.0,60,Female,3541.04,1481.07,693,2261809.06,36,3.1628,1
71567.36,25,Male,8031.86,12429.25,747,2388460.63,60,1.0115,0
66584.99,33,Male,13242.37,15456.04,817,1864911.8,60,1.04,0
29485.63,52,Male,9241.5,5132.78,722,1844043.0,24,3.4024,1
43388.94,36,Male,12527.76,10110.82,687,678142.41,36,1.0334,1
48066.77,21,Male,11021.18,1117.77,679,277421.38,60,0.378,0
45832.63,33,Male,11138.91,14052.08,775,2025051.13,36,1.9961,1
57926.48,31,Female,7673.71,19038.94,704,1441988.64,24,1.6214,1
100276.17,28,Male,31102.7,21686.49,743,1735906.07,12,2.0564,1
84194.37,45,Male,24983.83,25972.86,701,1971138.56,84,1.0061,1
25435.23,60,Male,6717.89,1170.18,796,1082642.25,84,1.0389,1
66905.4,52,Female,14488.21,18673.77,729,446911.82,84,0.61,0
95269.66,44,Female,32497.89,3972.92,812,2008088.32,60,0.8411,0
59480.53,48,Female,19019.37,8494.03,810,1189037.53,36,1.117,1
84583.14,34,Female,22085.3,9586.36,714,2084618.15,12,2.5527,1
134072.4,23,Male,25869.3,27479.1,806,1150477.95,24,0.7979,0
81785.46,56,Female,20814.86,8630.83,698,620839.38,48,0.5562,0
55528.65,47,Male,13541.23,12386.21,737,510412.04,84,0.6243,0
82664.39,40,Female,16413.88,10629.45,669,1885412.22,60,0.823,0
52703.86,35,Female,9311.11,15878.44,758,1479733.89,60,1.0884,1
49610.19,47,Male,10008.99,11006.48,739,1071046.96,36,1.1304,1
41121.77,61,Female,10012.24,3098.71,753,1281080.21,24,1.7708,1
107120.18,48,Male,22177.49,12602.19,631,1419132.65,84,0.5515,0
32558.24,45,Female,5401.2,9656.69,590,674599.46,24,1.4282,1
105470.21,53,Female,30611.76,14266.74,646,1007597.39,60,0.6332,0
62939.68,34,Male,14656.57,11803.06,752,801787.52,60,0.6974,0
25000.0,28,Male,2922.97,5678.24,763,1032217.23,84,1.051,1
58913.45,34,Female,11316.04,7171.73,793,1301349.31,84,0.692,0
25000.0,21,Female,8030.71,2572.31,693,516058.09,36,1.0999,1
67020.51,36,Male,19356.14,11148.14,733,1044436.15,36,0.9653,0
76314.31,38,Other,13798.52,5739.47,674,1025186.66,48,0.6032,0
36454.57,27,Male,12195.72,3626.27,808,786409.16,12,2.3406,1
52144.49,35,Female,6213.05,1132.97,673,2496391.18,36,1.7082,1
130232.78,44,Other,44319.34,13855.41,796,276706.02,12,0.6345,0
38067.9,33,Female,6145.16,4272.99,703,1643082.73,60,1.2121,1
28869.65,29,Female,2952.6,9718.73,822,518652.66,48,0.9032,0
102829.93,35,Male,21435.1,21224.62,731,2114857.57,48,0.9464,0
130782.85,55,Female,24815.08,36041.64,730,2294071.69,48,0.9187,0
49111.47,44,Female,11530.01,779.99,670,1063547.16,24,1.26,1
81286.2,53,Female,24320.28,3030.99,850,2076348.28,84,0.7739,0
95869.0,36,Female,29777.65,27331.1,784,699782.68,84,0.7207,0
33818.32,28,Male,6774.06,7380.59,753,436164.42,60,0.699,0
38458.96,49,Male,7978.75,2570.74,735,858107.84,24,1.3142,1
90711.3,43,Female,12431.48,12851.83,677,920017.63,24,0.7514,0
113835.21,51,Male,12736.67,21461.96,763,1053658.11,48,0.5396,0
64954.38,60,Male,16907.87,19178.65,715,995101.46,24,1.2696,1
31574.11,34,Male,3666.05,667.61,723,1086746.69,60,0.8856,1
132393.07,50,Female,37527.81,27650.66,777,1804080.08,60,0.7886,0
37590.8,59,Other,8825.29,9433.88,738,689392.32,24,1.3405,1
41457.79,47,Male,6203.98,14189.43,721,144581.43,84,0.5516,0
58172.55,36,Female,13663.61,16434.1,813,1275233.32,60,0.994,0
106625.74,26,Female,15540.64,10308.53,666,1175898.99,84,0.4313,0
75130.96,53,Female,15753.78,18658.98,612,244155.98,12,0.7453,1
60320.83,38,Male,18089.62,16114.54,668,421123.36,24,0.8924,0
61799.11,36,Female,13316.46,15783.95,729,1323810.15,48,1.0245,1
50099.05,32,Male,6872.33,14380.95,765,663401.82,48,0.7665,0
64800.58,40,Female,18206.19,20496.78,671,2206235.91,60,1.3375,1
25000.0,60,Male,3667.3,861.26,850,515901.97,60,0.6298,0
42264.23,49,Female,12029.98,1549.72,731,148294.32,48,0.412,0
55307.34,50,Male,12158.66,15416.37,729,1174153.05,12,2.3749,1
27570.26,46,Male,5884.47,2435.29,636,2466791.47,48,2.6142,1
59466.1,42,Female,18604.49,1218.43,626,1621294.06,24,1.6041,1
44256.8,53,Male,12265.81,6214.99,604,949671.33,48,0.9722,1
117917.19,59,Female,12761.91,33837.15,809,140483.23,36,0.4342,0
107635.94,49,Male,18733.34,4768.03,798,1263876.26,12,1.2561,1
38835.78,42,Male,12339.3,9132.03,719,595518.41,12,1.9081,1
45459.68,33,Female,4754.24,57.53,641,1654609.81,48,1.0466,1
47241.41,29,Female,11163.78,1814.45,701,1499220.38,36,1.3137,1
39111.44,44,Female,11027.72,4802.79,812,736513.06,24,1.2824,1
54041.77,35,Male,13805.73,1581.31,687,265318.56,48,0.4116,0
33552.24,56,Male,9734.61,9933.66,661,1912046.08,24,3.2422,1
27852.9,33,Male,7838.45,8423.4,695,1505113.83,36,2.353,1
66926.86,47,Female,18271.55,17698.79,700,2121103.0,48,1.3566,1
67155.41,57,Female,20508.25,5699.34,767,723520.04,48,0.6687,0
32788.8,27,Other,8571.73,6004.82,576,1666868.96,24,2.8139,1
76701.59,28,Female,15386.69,4944.64,731,384833.2,48,0.3947,0
35746.62,57,Male,7791.95,3519.16,674,800343.78,36,1.0494,1
55635.83,61,Female,15532.48,10047.93,685,1675693.87,48,1.2382,1
73878.12,34,Female,23572.77,19005.5,769,2081395.13,60,1.1889,1
48203.83,32,Male,8100.88,1596.95,635,870221.2,36,0.7922,1
61535.56,56,Other,11416.03,6390.09,731,2017248.54,12,3.1867,1
37865.1,60,Other,12597.15,12280.31,751,1726605.9,24,2.7823,1
44434.29,37,Female,10869.87,6673.73,757,936819.45,84,0.7558,0
44226.1,60,Female,6401.31,14532.89,765,2203352.65,84,1.3264,1
33749.16,49,Male,8974.7,11710.63,757,1322149.76,36,1.8955,1
44873.96,47,Male,15602.25,8271.66,766,1655792.37,84,1.1638,1
25000.0,21,Male,7646.58,2520.39,662,1289515.22,12,4.9655,1
38346.68,54,Female,10983.84,10613.28,808,1186527.91,12,3.2979,1
42512.88,24,Other,6462.45,2370.47,643,2135146.52,36,1.852,1
43127.24,44,Male,13759.1,3804.53,744,807290.6,12,2.0617,1
43445.01,41,Male,10055.23,11934.69,675,187910.13,12,0.8884,1
47530.07,53,Male,15320.01,7213.93,608,2211478.34,84,1.2708,1
62300.25,27,Female,11367.11,4394.55,682,2080057.49,60,0.9789,1
75906.57,21,Other,8768.18,17298.65,712,979745.14,48,0.677,0
35423.03,61,Male,7757.43,9084.83,810,545082.73,84,0.7389,0
26860.16,23,Male,4497.99,1175.8,838,1721280.74,84,1.3085,1
29114.1,35,Other,8117.22,2822.41,711,289026.17,60,0.5916,0
38422.5,51,Male,13035.86,2975.7,629,1117011.41,48,1.1681,1
41111.34,36,Male,11212.85,5465.72,635,306069.57,12,1.0637,1
33356.3,30,Female,10731.84,8912.99,770,1534983.22,48,1.7783,1
25640.84,49,Female,5468.06,6405.03,766,165300.12,60,0.6032,0
39024.29,26,Female,11430.61,9049.08,680,1610172.1,24,2.4479,1
53675.57,49,Female,16680.27,118.08,643,1715693.38,24,1.8027,1
66006.91,37,Female,18331.37,3283.85,784,1269146.74,48,0.8244,0
37096.89,42,Female,8418.93,2899.28,640,520017.59,24,0.9584,1
39874.85,44,Female,10226.56,3795.47,691,343345.45,36,0.6336,0
30842.56,37,Female,8485.61,1580.66,750,851901.64,24,1.6137,1
48256.24,41,Female,7878.85,6930.1,589,1216496.03,48,0.9584,1
32073.51,31,Female,9698.86,843.96,781,1641299.96,12,4.8515,1
65288.02,27,Male,22040.01,17138.61,850,103000.31,60,0.6344,0
25000.0,59,Male,5407.75,6892.56,727,1806553.41,24,3.86,1
40953.2,25,Female,11273.06,8231.32,717,1810508.64,48,1.6189,1
56985.59,41,Male,16198.52,1789.16,722,1166890.74,60,0.7609,0
53740.24,38,Male,14271.36,16741.65,734,924175.47,36,1.1401,1
188436.59,55,Female,44617.79,63686.39,672,2121540.56,12,1.5698,1
58390.01,40,Male,18708.86,4135.6,646,1983009.96,84,0.9727,1
29672.4,35,Other,6297.42,7317.92,697,2459862.61,60,2.2613,1
46735.9,25,Male,5387.52,13772.07,729,992633.93,84,0.7736,0
25000.0,33,Female,7778.48,4723.63,655,2276398.25,60,2.4799,1
47084.55,32,Male,12641.98,5328.23,632,309764.53,48,0.5517,0
32320.98,41,Female,10094.32,5413.62,691,1087518.56,36,1.5814,1
77473.8,57,Male,10430.83,13890.59,633,1216897.88,24,1.046,1
37243.39,26,Other,4010.68,5222.38,763,1158098.36,36,1.2659,1
46240.76,27,Male,15425.62,15048.82,496,1600235.65,12,3.7176,1
35675.56,46,Male,4885.13,9288.46,644,508498.81,84,0.6413,0
116941.1,28,Female,35364.52,9876.33,811,2179485.21,24,1.2555,0
41746.82,29,Other,12766.28,8555.8,705,1424233.64,84,1.0949,1
122550.51,47,Male,33968.1,29539.72,731,2270102.92,36,1.1247,0
73649.74,24,Female,9781.83,3612.87,711,106315.95,12,0.3095,0
62382.08,41,Male,16646.64,7825.77,679,1611971.47,60,0.9541,1
58945.38,51,Female,18996.43,18682.26,791,1089898.83,60,1.0412,0
59688.74,41,Female,12318.74,11848.85,682,1312237.75,84,0.7813,0
25000.0,60,Male,5084.48,1898.73,666,1885130.83,84,1.5704,1
42640.44,45,Female,8984.96,1832.46,762,645164.2,60,0.5827,0
74800.44,59,Male,9018.54,13567.26,594,591758.64,84,0.4374,0
47836.84,35,Female,15451.61,9169.84,701,1787218.76,60,1.327,1
25000.0,55,Female,7932.39,2926.13,686,1351277.82,84,1.3598,1
47753.03,61,Other,16688.6,10536.5,700,660733.84,24,1.215,1
114927.04,57,Female,28306.05,2762.8,688,1261644.72,84,0.4583,0
91440.69,48,Male,26316.44,4645.09,744,1202940.17,60,0.6246,0
47524.37,34,Male,7160.4,9086.46,791,1759466.63,24,2.0674,1
78883.29,24,Male,21052.55,1706.68,749,106386.65,24,0.3514,0
40812.61,40,Male,10710.59,12583.27,698,1508224.64,36,1.7806,1
25000.0,54,Male,8132.55,1243.78,761,1553627.56,60,1.7262,1
30877.0,32,Female,9500.8,7283.02,768,1889224.33,48,2.1249,1
107092.09,53,Male,35834.79,14663.18,743,2234153.12,84,0.8287,0
42744.83,44,Female,13559.02,5981.1,788,1156455.51,60,1.0454,1
43404.05,40,Male,13766.61,11619.76,567,922048.54,48,1.1339,1
42196.01,25,Other,4891.82,7376.36,721,345568.91,60,0.4688,0
127015.99,58,Male,39564.27,32259.45,740,908406.03,24,0.8988,1
110523.06,50,Male,27837.4,19542.35,623,264363.19,60,0.4807,0
148655.99,44,Male,29004.44,30848.63,734,2026768.49,60,0.6991,0
45273.51,60,Male,5167.0,12054.08,779,2036814.75,60,1.3586,1
56829.58,27,Male,15310.94,12079.59,705,1101370.38,60,0.9033,1
25000.0,56,Female,4551.26,5386.63,762,723138.96,36,1.3445,1
102587.07,58,Female,22255.66,28337.3,786,383248.18,84,0.5571,0
27340.11,36,Male,7393.64,9081.85,807,2142969.2,36,3.1687,1
54632.69,35,Male,17916.44,7203.36,795,2205988.67,24,2.3418,1
28320.71,43,Female,8676.31,5720.53,808,739095.08,24,1.7247,1
36518.22,32,Female,7765.57,1102.69,687,1592225.32,48,1.3697,1
32253.08,49,Female,6352.11,4050.39,694,720768.8,24,1.3641,1
36172.79,35,Other,5785.65,5216.74,559,640303.91,36,0.8837,1
37437.89,49,Male,7229.51,10944.33,650,150899.32,24,0.6733,0
37267.08,41,Female,4761.3,6696.42,799,1485182.6,48,1.3375,1
74359.52,35,Female,25488.69,19026.61,680,459859.7,48,0.7585,1
28213.86,34,Female,6869.49,187.7,745,129690.84,36,0.4006,0
54735.66,36,Female,7222.45,8898.51,735,351642.79,24,0.594,0
90127.41,35,Female,16962.11,28431.7,800,853046.06,84,0.6657,0
37926.37,24,Male,8979.44,2977.59,588,1705991.66,48,1.4778,1
34236.26,47,Other,7984.63,377.72,742,586295.33,24,1.0424,1
43684.02,43,Female,4756.13,6626.56,741,2230217.35,24,2.6401,1
88420.81,49,Female,29860.61,21800.25,664,792372.18,84,0.7377,0
54016.99,61,Female,9120.44,8592.06,782,894943.09,36,0.8703,0
37586.22,29,Male,3910.7,6051.1,629,623145.23,36,0.8078,1
62438.56,27,Female,7437.12,14637.58,789,709132.81,24,0.8829,0
28250.15,24,Female,6922.66,2515.28,579,277924.27,60,0.548,0
68918.49,25,Female,9265.84,18136.69,661,807449.39,60,0.6523,0
60132.37,25,Male,6640.49,3222.48,710,2163081.9,12,3.3433,1
42028.19,31,Male,8191.57,5821.44,734,1752218.9,12,4.0182,1
32231.74,61,Male,8241.34,7400.5,598,2200643.69,12,6.5196,1
31465.89,48,Female,4026.37,9122.88,787,351661.63,36,0.7838,0
64049.32,36,Male,11422.04,17743.96,768,1193479.91,24,1.3238,1
90625.44,61,Other,18527.48,22891.08,843,650211.7,84,0.5799,0
35644.36,50,Female,4985.4,4479.92,765,1830917.42,84,1.1451,1
61647.83,24,Female,13964.37,2638.93,672,2428570.78,48,1.2875,1
25000.0,22,Male,3032.59,1897.3,650,2056862.75,24,4.0318,1
36595.89,23,Female,4085.19,11077.28,692,184667.6,24,0.6495,0
48265.41,41,Female,11099.06,14482.81,850,859983.27,12,2.1048,1
31106.07,26,Male,5038.38,10359.76,723,168591.26,24,0.7476,0
30691.68,38,Male,3800.96,816.28,725,196400.72,84,0.26,0
35105.4,25,Female,7230.95,6595.71,809,290836.73,12,1.1261,1
56732.15,29,Male,18652.69,12880.41,644,763184.63,24,1.1828,1
44637.76,40,Other,12545.36,11102.75,755,830086.64,48,1.0104,1
25000.0,48,Female,7597.6,5633.8,753,1061088.43,60,1.4521,1
25000.0,46,Male,7949.46,6737.6,782,1071834.63,60,1.5197,1
36191.06,38,Female,12419.21,4553.38,775,1951381.63,36,2.2342,1
61626.26,39,Female,17921.63,3870.22,716,439367.78,48,0.5379,0
25000.0,23,Male,6302.55,1790.1,630,478577.48,84,0.6515,1
38182.59,29,Female,7306.49,160.08,683,1603813.72,24,2.1533,1
37679.67,56,Female,5479.03,4620.0,774,1472181.17,48,1.2778,1
98141.82,51,Female,26661.7,3151.37,840,469611.29,24,0.5268,0
40436.54,37,Male,14101.74,4549.96,640,2145434.62,48,1.8325,1
59367.04,43,Male,12873.13,13053.24,636,889742.59,48,0.8241,1
52608.27,54,Female,14778.71,16469.93,617,980721.64,60,0.9993,1
25000.0,61,Male,5594.33,7346.55,670,1109104.19,48,1.6643,1
71977.12,61,Female,14970.04,6365.37,781,874484.49,36,0.6942,0
54595.04,25,Male,11059.67,2562.1,805,1437892.13,24,1.477,1
63204.72,35,Female,14294.14,4271.08,584,1032754.54,12,1.7379,1
349101.8,23,Male,66931.16,118640.62,641,722643.34,48,0.5851,0
25000.0,39,Other,7179.83,4807.9,629,2270739.68,12,8.5072,1
116116.39,48,Male,36990.97,7417.02,663,840041.78,60,0.5397,0
42458.24,23,Female,13617.26,12493.81,705,1776373.42,12,4.3127,1
56594.35,58,Male,8881.05,7827.96,694,933344.25,36,0.8352,0
47917.87,24,Female,15524.3,15081.08,753,1144527.97,36,1.4207,1
39651.41,44,Other,7350.89,3617.68,594,666264.46,60,0.642,0
36867.42,51,Female,6537.59,5073.98,686,1905591.09,84,1.2,1
57800.6,31,Female,16281.79,10215.2,808,1869287.8,36,1.5172,1
25000.0,57,Female,4404.35,7810.38,811,153375.87,24,0.7745,0
71345.5,21,Female,8079.28,21693.68,828,244465.7,84,0.476,0
39811.17,29,Male,7699.66,8003.01,745,2313703.49,36,2.2971,1
27860.5,37,Male,7811.15,2162.57,677,2233184.43,84,1.7305,1
39143.65,21,Male,7113.95,5526.1,731,1314609.26,48,1.1909,1
91910.87,23,Male,23656.92,31384.95,850,1284057.74,36,1.0562,0
37508.86,46,Male,9940.97,7978.91,685,2049818.02,84,1.4135,1
58643.19,51,Female,16621.48,16032.12,839,432280.35,24,0.9004,0
34013.81,46,Female,11030.09,5355.56,561,1668877.89,60,1.5485,1
71607.92,43,Female,14904.55,13333.58,757,1242359.19,36,0.9623,0
69061.58,50,Female,9779.67,10368.49,762,1883994.47,24,1.5632,1
123538.04,30,Female,22203.67,30393.12,744,172246.7,48,0.4618,0
44901.12,28,Female,9341.31,13381.2,748,1522541.32,12,3.503,1
68482.08,45,Female,19070.4,12160.86,754,1436147.72,12,2.3095,1
51484.38,42,Female,5317.33,8665.01,757,2118035.99,60,1.1661,1
93707.72,35,Male,16768.65,11160.61,698,1724407.11,60,0.6982,0
34220.62,61,Female,10093.74,2121.13,702,2212384.86,12,6.0709,1
71146.94,30,Male,19047.06,23388.61,631,2229455.97,12,3.366,1
44473.61,40,Male,12583.14,4920.02,767,1079593.6,60,0.9214,0
47472.5,61,Male,14381.92,13303.79,804,429841.92,12,1.3835,1
51322.07,43,Female,15181.53,12849.58,833,1612680.77,36,1.5749,1
55610.1,21,Female,15045.08,15394.05,666,2196990.64,84,1.2238,1
46253.18,22,Female,9709.25,15164.98,607,279888.03,24,0.8198,1
54576.39,39,Female,18877.95,11907.46,744,1439015.86,84,1.0155,1
107910.67,34,Female,26143.33,33914.45,644,375998.86,60,0.6323,0
80235.78,28,Male,12090.91,4709.36,757,164790.38,24,0.3051,0
75703.32,58,Male,13112.06,16605.48,576,1731124.85,48,0.9836,1
39035.64,32,Male,10671.98,10551.19,790,1736439.07,48,1.6934,1
31425.65,46,Female,10407.7,2987.77,729,1541579.31,36,2.0323,1
79035.33,47,Female,11434.83,20491.0,595,2162134.73,48,1.111,1
75964.65,49,Male,9160.32,20697.85,739,294103.46,60,0.4772,0
102368.6,35,Female,32797.14,29780.64,726,352624.63,36,0.7241,0
36243.3,21,Male,11917.5,3968.97,753,2174885.05,84,1.4658,1
43705.34,48,Male,7390.35,10426.45,772,1307864.13,36,1.3873,1
25000.0,23,Female,4858.04,2662.22,562,755326.74,60,0.9577,1
40286.21,38,Female,10677.74,10420.6,689,1871576.75,12,4.6297,1
80683.17,54,Male,14723.27,13073.96,714,2246568.93,24,1.6423,1
38822.39,52,Female,12395.59,8119.33,700,1755047.89,60,1.5113,1
67524.1,49,Female,8568.45,9827.73,697,2000638.23,12,2.8911,1
44566.98,45,Female,4879.89,2526.68,788,777993.38,12,1.709,1
57643.25,46,Female,8768.78,3591.77,607,793060.86,48,0.57,0
27616.1,59,Male,4736.77,749.75,701,2173897.31,84,1.5465,1
51154.45,28,Male,6559.62,11066.01,706,1575670.84,36,1.353,1
25000.0,39,Female,2910.57,7425.59,712,661990.6,36,1.2804,1
44647.43,42,Male,12898.73,325.61,656,1357988.36,48,1.0823,1
25000.0,49,Other,3526.73,579.6,850,1746065.13,48,1.9694,1
89589.85,53,Other,29428.52,14344.54,783,624517.8,36,0.7168,0
72308.99,58,Male,13883.32,18670.34,850,1671775.38,60,0.9529,0
61903.72,55,Female,16568.62,3416.94,761,201147.64,60,0.3935,0
104872.76,23,Female,16396.91,9971.09,769,828859.9,60,0.4233,0
30501.82,39,Male,4882.75,2476.81,719,1717532.35,60,1.4656,1
117439.85,30,Male,28617.43,16402.58,821,458437.76,48,0.4842,0
78127.37,47,Male,18763.13,6152.49,756,633277.67,24,0.6967,0
43552.5,35,Other,12725.27,5374.79,707,2209823.9,24,2.7804,1
86492.25,31,Male,25035.47,22054.65,840,1718370.64,36,1.1949,1
28193.68,46,Female,7546.66,6029.31,635,1297404.9,24,2.6263,1
32459.32,44,Female,6890.55,922.29,672,606144.14,60,0.6467,0
36159.87,33,Female,11667.35,8071.28,850,919383.18,48,1.203,1
37628.28,52,Male,9619.47,6283.06,763,1478393.2,60,1.2769,1
28903.59,57,Male,10045.43,9454.31,548,472750.23,12,2.1202,1
90358.61,24,Male,27545.14,9149.4,786,1256185.79,48,0.7654,0
43069.6,33,Male,4784.06,10946.5,653,1081538.55,12,2.5846,1
58469.03,29,Male,10533.11,14956.45,682,1244049.62,12,2.3165,1
36857.87,54,Male,8955.32,2857.42,850,353345.97,36,0.6344,0
25000.0,57,Male,7009.18,7903.21,827,355593.01,12,1.8536,1
56107.72,27,Female,13330.3,9645.71,849,2413866.29,24,2.4147,1
25000.0,21,Male,7413.32,5940.23,680,2450482.56,24,5.1026,1
47367.09,32,Male,8083.85,2418.06,701,1122795.18,12,2.3167,1
25000.0,41,Female,3649.45,2255.78,734,1993589.09,36,2.8469,1
132407.29,31,Female,15025.47,27161.7,776,1673899.42,12,1.4359,1
77317.95,34,Male,18813.65,8633.29,697,380600.45,48,0.4822,0
51682.62,54,Female,14065.42,9038.9,842,812028.78,48,0.8531,0
92212.72,54,Male,16740.06,12070.81,751,852763.38,48,0.5515,0
32107.41,45,Female,8135.89,7198.28,816,1529858.64,48,1.7091,1
64327.32,24,Male,7271.52,10967.86,669,1491944.11,12,2.3334,1
54171.23,46,Male,6761.83,87.4,692,2316420.86,60,1.0562,1
55938.61,36,Female,15407.66,12719.78,735,1996087.15,60,1.2787,1
92612.25,30,Female,17783.17,13682.77,690,2156434.4,84,0.7384,0
70703.2,22,Other,18936.68,8455.71,788,2238948.67,48,1.2059,1
56633.83,55,Male,17439.27,1866.16,789,2023064.01,84,0.9525,0
25000.0,39,Male,7828.89,1928.23,704,898915.03,84,1.0059,1
30332.56,26,Female,4338.83,2375.65,762,616031.13,36,0.8863,1
46103.56,39,Female,10215.23,15093.35,850,1472241.61,36,1.5944,1
51363.66,28,Female,14560.66,7775.41,787,1754963.96,12,3.4546,1
27858.63,34,Male,8176.37,410.16,762,1027763.13,60,1.1103,1
163707.79,30,Female,48485.17,7953.88,804,2136012.76,12,1.4979,0
104631.2,23,Female,16431.47,2894.25,829,2405359.82,24,1.2562,1
66241.28,58,Female,9812.57,13652.61,818,1466549.74,48,0.9264,0
50818.64,49,Female,12577.77,3319.35,715,1195820.95,24,1.4096,1
44085.91,35,Male,12576.45,7692.78,778,2122929.08,24,2.7041,1
30456.08,43,Female,5475.54,3944.72,700,158246.91,84,0.3983,0
50957.14,43,Male,6429.58,14337.14,716,409630.28,36,0.6707,0
55763.58,38,Male,15568.44,6255.08,751,2129578.38,60,1.2217,1
26347.26,39,Female,4608.78,4225.91,625,1856868.61,84,1.5421,1
57935.65,48,Male,8203.15,14625.85,743,1098728.08,84,0.7188,0
45359.3,46,Other,6211.09,6879.78,675,2233244.46,48,1.5611,1
25000.0,30,Other,4468.18,6940.64,642,943499.89,12,3.7919,1
31882.34,24,Female,7912.22,7383.62,771,1621228.86,48,1.794,1
39862.74,22,Female,7558.0,5727.68,703,1622402.73,12,3.9304,1
125975.64,23,Female,13248.29,22221.31,734,542396.54,12,0.6621,0
64749.2,27,Male,8043.61,21918.98,704,783644.17,60,0.7259,0
25141.1,36,Male,4340.0,5821.77,679,2298416.61,24,4.6651,1
62506.02,51,Male,16559.48,19798.68,727,540195.65,12,1.3455,1
25000.0,30,Female,3115.72,1564.14,631,516579.09,60,0.6365,0
84233.29,39,Female,20229.82,14246.6,713,1251077.14,24,1.1015,1
38732.63,48,Male,5034.14,12318.2,848,321273.68,84,0.59,0
46778.64,37,Male,7152.63,5281.97,642,2247102.85,84,1.0883,1
95120.36,48,Male,13606.69,32215.6,812,340357.93,24,0.6485,0
25755.88,39,Female,3008.47,875.11,850,1579737.94,48,1.736,1
25000.0,57,Female,6695.81,7898.37,668,915476.46,48,1.5302,1
36614.53,43,Female,7903.28,5705.43,741,2030254.93,48,1.8048,1
82387.53,40,Female,25355.86,2126.46,635,1515545.79,36,0.9358,1
25000.0,33,Female,3118.07,7695.81,625,1031934.74,24,2.3564,1
25000.0,33,Female,3404.58,2204.48,730,2461295.16,36,3.4475,1
39121.23,31,Female,6909.37,304.66,746,258954.37,48,0.3555,0
64593.59,35,Female,18826.87,3070.29,683,1486687.13,60,0.8394,1
89333.41,37,Female,15761.96,20608.34,646,2474963.95,48,1.1232,1
38887.16,48,Male,7859.28,13308.51,669,1758286.34,12,4.5405,1
39906.19,39,Female,6999.58,1556.81,777,1875447.12,60,1.2362,1
87286.44,24,Male,10479.27,14112.63,778,177018.75,60,0.3258,0
25000.0,42,Male,8371.46,1580.57,761,151271.59,24,0.6801,0
40365.86,42,Male,9572.15,10525.91,694,186664.27,36,0.6493,0
53917.58,57,Other,16011.27,2227.91,650,2480137.37,12,4.4037,1
61365.89,59,Female,16236.76,5151.34,805,2450847.43,60,1.2169,1
37990.7,54,Male,8683.29,2611.56,826,902821.42,36,1.0753,1
49872.27,53,Other,6105.34,9644.4,685,798356.36,36,0.8399,1
25000.0,60,Male,6517.08,7640.36,709,450300.99,12,2.1582,1
35273.1,53,Female,4897.41,6309.71,624,889936.72,12,2.5476,1
61497.66,32,Female,12520.66,1253.64,754,988359.83,48,0.6394,0
29997.01,22,Female,7717.58,5914.99,850,1895878.76,48,2.088,1
50488.06,48,Male,14922.11,14092.85,781,2179104.53,60,1.5131,1
61293.94,30,Male,16626.67,2835.13,850,1892164.29,60,0.9887,1
41304.44,42,Female,11064.77,1051.15,694,1651540.24,60,1.1627,1
53382.16,37,Male,7327.26,3508.95,635,1938160.19,48,1.1414,1
30291.84,46,Male,5650.4,7910.12,817,1872393.95,60,1.7916,1
44209.47,23,Female,4895.23,9155.26,731,1241799.26,60,0.9285,1
66510.03,27,Male,18614.11,12584.24,661,906043.37,48,0.8212,1
53023.29,28,Male,17929.64,4629.89,841,778673.72,48,0.805,0
36560.89,40,Female,6070.12,4251.4,680,1730453.1,60,1.3114,1
54836.33,32,Male,6685.87,18537.96,647,2402329.9,60,1.4125,1
70073.85,55,Female,15338.64,5901.54,759,1494531.33,36,1.0014,1
25000.0,37,Male,7854.36,7889.4,635,2290063.61,24,4.8991,1
87512.51,48,Other,20827.41,17781.32,786,134150.49,48,0.4808,0
41434.64,61,Male,4628.01,1788.06,645,2006729.55,24,2.4121,1
60642.12,30,Female,20834.7,9918.58,736,2148646.38,48,1.4229,1
89198.85,42,Female,27398.54,29613.31,740,1614385.21,84,0.949,0
25000.0,58,Female,3322.46,3662.45,737,2341746.4,36,3.346,1
34381.69,53,Male,11361.41,10389.64,636,1515791.18,24,2.6874,1
42434.87,42,Female,9024.71,3808.53,707,677288.57,36,0.825,0
33127.64,57,Male,6392.79,6619.66,809,617721.35,12,2.0408,1
116712.43,33,Female,25123.91,34470.81,706,1434007.04,24,1.0833,0
31939.99,47,Female,9858.05,10292.37,645,2275561.43,24,3.9515,1
37131.71,35,Female,9835.07,6313.81,691,273683.07,84,0.5611,0
54295.39,42,Other,6233.77,12156.24,638,1550537.23,24,1.6697,1
26874.29,50,Male,9121.16,28.03,578,1947528.34,12,6.7453,1
40221.61,60,Female,5508.19,3564.77,708,376964.97,12,1.0539,1
57453.24,57,Female,16454.15,5604.52,726,380247.26,36,0.6006,0
41505.03,54,Male,10751.22,1358.15,765,978707.19,12,2.3758,1
46784.47,54,Female,6871.8,4579.88,750,757314.82,48,0.6631,0
37621.61,55,Male,5367.97,4228.39,759,575953.98,60,0.5879,0
25000.0,39,Male,7939.55,8476.7,717,576866.02,24,1.7321,1
57572.29,28,Male,11797.93,13472.54,850,413605.68,36,0.6741,0
117885.2,59,Male,31079.74,17576.89,665,1566049.63,36,0.8477,0
49473.91,53,Male,11181.98,17109.02,699,1751501.45,36,1.7309,1
54865.06,48,Male,15463.08,2942.49,827,1787046.94,36,1.4018,1
69311.17,57,Male,15235.33,11548.48,694,1377649.54,24,1.3128,1
25986.56,45,Male,4465.66,5885.22,712,2386975.05,36,3.4055,1
114835.66,56,Female,21915.91,2233.92,746,2213278.67,24,1.1086,0
54239.48,37,Male,17072.93,13611.38,795,2398314.74,36,2.0133,1
110849.47,44,Female,24055.3,3874.59,729,1033109.15,36,0.5571,0
33978.51,41,Male,5211.02,1668.3,662,2206679.58,60,1.6145,1
121665.53,22,Male,40593.87,6800.05,693,1930899.28,48,0.7997,0
72227.62,51,Female,21606.9,23482.02,755,915934.97,12,1.745,1
64635.56,53,Female,7363.06,15456.46,700,355823.82,12,0.8396,0
55105.91,50,Male,19272.51,12641.27,689,1738291.0,12,3.3671,1
43292.54,32,Male,11850.54,8417.05,659,427485.58,48,0.7234,1
89345.47,32,Male,12514.32,9156.31,797,805061.94,24,0.6625,0
52584.67,44,Male,8376.31,11427.25,712,1300874.98,12,2.563,1
25000.0,44,Female,6827.78,3588.81,712,1731718.08,12,6.5387,1
28040.54,31,Male,8270.29,1427.14,764,2322946.38,12,7.6676,1
44670.88,33,Female,7136.57,10781.72,631,1523776.11,24,1.991,1
57239.5,47,Male,9401.14,2596.03,722,1711391.44,48,0.9823,1
47653.23,28,Female,8424.15,3180.09,817,844033.24,48,0.7013,0
90173.01,30,Male,22498.58,25807.04,715,1749502.28,84,0.8679,1
25000.0,28,Female,3573.85,5776.02,734,1150696.29,84,1.1621,1
52669.61,40,Female,6639.57,11631.92,732,2156634.84,24,2.2553,1
25000.0,28,Other,6742.9,3659.27,788,1041881.23,60,1.3222,1
71672.05,29,Female,21127.09,9940.78,733,1223852.85,36,0.9925,1
46759.4,27,Female,10531.73,11296.69,850,1138210.62,24,1.6013,1
60464.09,34,Male,11546.11,15660.32,735,2046694.8,36,1.5582,1
31826.63,48,Male,6620.28,5683.43,691,2388878.07,48,2.3265,1
92942.14,22,Female,18319.08,31530.09,818,885463.12,36,0.8482,0
82525.48,28,Male,28058.35,27604.35,706,1240066.96,84,0.9318,1
65628.95,33,Male,19165.13,9473.56,681,1794223.04,12,2.8526,1
45946.89,41,Female,6984.93,13196.76,642,2248915.89,36,2.0417,1
65508.07,48,Female,12842.68,12455.95,751,1284881.67,84,0.722,0
34425.53,55,Female,8124.53,6166.11,690,361344.42,36,0.7588,1
75190.32,43,Male,19041.68,1446.47,669,984811.32,48,0.611,0
111830.59,35,Female,24272.38,22465.78,683,1420868.53,60,0.6942,0
83726.04,22,Female,25329.78,26390.64,696,1102059.05,36,1.0487,1
34036.84,32,Male,9935.41,9293.65,774,547733.74,48,0.9809,1
58730.16,56,Male,13290.02,16163.19,751,188774.79,12,0.7856,0
25679.01,23,Female,8053.13,1437.39,710,1749780.8,36,2.6004,1
65263.95,25,Male,18781.16,8187.84,756,2482569.26,36,1.6586,1
61408.39,23,Female,18093.7,5012.26,713,2306095.92,12,3.6953,1
25000.0,39,Female,8477.5,2764.26,733,1739850.19,84,1.6413,1
27422.2,22,Male,4569.0,5562.28,676,2119671.54,84,1.693,1
42549.81,57,Male,7102.07,5432.52,677,713746.28,84,0.5818,0
42174.46,37,Female,13590.22,8276.49,729,1593842.65,24,2.2799,1
26776.01,34,Male,7846.89,4109.46,729,245450.12,60,0.6458,0
59545.1,48,Male,19747.32,5973.29,785,1797241.43,12,3.0996,1
55588.79,47,Female,6436.21,1856.18,752,2427693.61,84,0.897,1
44483.14,30,Male,11429.46,13885.12,688,2165913.54,12,4.8724,1
33594.05,23,Female,4574.07,133.73,636,1382658.1,12,3.7777,1
82814.1,56,Other,18713.86,47.9,777,1992976.53,24,1.3482,1
112162.45,58,Male,15583.48,32457.48,741,2365357.14,12,2.2922,1
38492.52,45,Female,5081.77,13429.42,782,618442.19,24,1.2297,1
36095.25,42,Female,3719.33,9185.74,749,2003820.43,60,1.5646,1
62667.85,59,Female,16140.71,335.01,837,747632.7,24,0.8189,0
40985.98,50,Female,7777.32,3251.89,705,2204673.81,60,1.4386,1
45720.47,41,Female,5774.36,15551.27,722,336050.81,60,0.6262,0
70956.8,50,Female,12822.56,20081.59,771,527724.21,60,0.6254,0
25000.0,48,Male,3555.9,4959.5,776,1829479.51,48,2.232,1
94764.6,51,Female,31786.29,7856.1,741,519466.01,60,0.5375,0
50834.99,46,Male,9150.36,255.68,616,479330.32,24,0.6245,0
39904.86,42,Male,7322.08,291.37,605,1433120.51,48,1.119,1
46881.71,41,Male,14531.67,10041.75,694,2103969.37,12,4.4906,1
48108.53,21,Male,12601.5,367.6,721,744321.82,12,1.637,1
25000.0,57,Female,6938.57,8694.26,598,2118731.64,36,3.3999,1
103514.72,33,Female,26810.36,6644.02,718,2039088.15,60,0.7515,0
50044.25,41,Male,16842.34,12448.38,762,1489852.96,36,1.56,1
61175.44,29,Male,9283.39,3320.05,716,1651750.61,60,0.7931,0
78887.25,37,Male,27394.37,14912.27,739,197058.85,60,0.5906,0
29419.67,41,Male,9053.58,830.05,758,981125.34,84,0.907,1
62114.58,51,Other,15357.4,16669.84,615,732147.83,24,1.065,1
42880.8,59,Male,11388.84,8778.66,762,460009.27,24,0.9703,1
74860.78,42,Male,19628.98,2257.68,672,1035182.39,12,1.5145,1
25000.0,32,Female,2864.98,7425.13,704,951770.07,48,1.3956,1
46651.15,26,Female,7207.8,8931.67,677,1849340.03,12,3.8496,1
36264.32,36,Male,12343.2,11697.32,789,1535431.22,60,1.5835,1
60847.83,46,Female,14213.51,19521.09,643,2291440.17,84,1.1992,1
62008.21,25,Female,12066.08,19977.66,809,448978.2,48,0.7039,0
34412.91,29,Female,9997.28,936.89,850,243396.65,36,0.5493,0
34334.74,60,Male,7935.78,1453.57,619,1383058.69,60,1.1493,1
46382.03,34,Female,4790.83,16034.13,681,102465.13,24,0.552,0
31309.56,50,Male,8893.78,5343.3,759,1990525.46,12,6.0736,1
74681.81,46,Female,21139.01,6226.59,655,1314334.93,12,1.9219,1
40757.55,49,Female,5758.52,10979.37,702,1271357.38,36,1.4319,1
25000.0,39,Female,8479.13,2312.5,731,969990.35,12,3.8608,1
40643.29,28,Female,6339.42,10344.75,673,999937.21,12,2.5849,1
29165.1,43,Male,6254.09,8546.83,725,1134720.83,48,1.5131,1
25000.0,55,Female,3217.1,6862.3,781,138477.63,60,0.5236,0
26404.42,51,Female,6622.77,2532.63,714,300509.89,48,0.6409,0
51777.15,55,Male,10037.66,7278.13,652,1312115.25,48,0.9894,1
95255.73,52,Male,17936.02,13777.58,795,460293.44,12,0.76,0
57330.74,25,Female,17585.87,9857.76,810,1969030.26,60,1.2254,1
36197.61,36,Female,3706.29,2120.47,743,758764.42,12,2.0136,1
61571.36,37,Other,18439.8,9750.72,656,334959.13,84,0.551,0
38966.39,52,Male,9463.46,6966.18,662,664503.82,84,0.7136,0
34637.76,58,Female,12002.84,6446.02,566,957035.75,12,2.9746,1
27524.14,52,Male,6808.39,7898.47,681,184759.86,48,0.7078,1
25000.0,40,Female,2846.12,4526.68,789,440021.26,84,0.5963,0
40337.55,22,Female,4544.48,3258.24,675,877232.21,24,1.207,1
53051.94,40,Male,17018.44,12313.09,657,845153.14,84,0.8257,0
46708.81,38,Male,14493.91,13034.56,786,2020928.07,24,2.6059,1
39815.7,21,Female,7424.53,4450.6,794,2123813.14,48,1.6769,1
30550.21,49,Male,7775.28,6899.98,685,564204.64,48,0.9577,1
66444.55,49,Female,14777.13,3417.13,753,397455.72,12,0.8025,0
25372.83,39,Female,8672.2,3036.47,663,1621989.96,60,1.8514,1
72259.13,60,Female,24386.75,22994.91,697,2031096.53,84,1.137,1
29699.68,26,Female,10274.89,9472.95,601,2412935.43,12,7.8454,1
33650.47,59,Male,10654.15,6775.98,743,116311.08,12,0.8235,0
25000.0,28,Male,8184.7,6145.58,713,1092827.47,36,2.0043,1
38150.68,44,Female,5887.4,11403.44,676,1861570.8,12,4.7658,1
79830.13,40,Other,24567.86,26782.5,714,2088542.32,60,1.2121,1
63437.73,34,Male,17585.84,10877.05,706,249486.28,12,0.7963,1
79954.34,25,Male,27240.18,15715.15,666,1733474.85,48,1.0976,1
63644.7,61,Male,15453.92,9258.68,745,793452.92,60,0.6594,0
28230.69,60,Female,3424.15,711.23,700,279032.7,84,0.3157,0
41548.03,54,Male,10359.99,6148.33,711,1273846.2,48,1.1897,1
33186.57,36,Male,9014.97,9183.37,625,479568.02,36,1.0215,1
95347.89,27,Male,14786.57,26860.45,711,1868818.04,36,1.0785,1
26946.42,36,Male,5349.63,8416.23,708,1879028.32,60,2.027,1
76638.04,27,Female,19130.84,1380.51,666,2120962.64,84,0.7415,0
76609.54,47,Male,14825.97,14134.78,754,1006164.84,24,0.9902,0
122370.68,34,Female,23707.72,4600.96,582,131943.51,24,0.2816,0
39940.92,34,Female,5322.99,2806.24,688,723366.25,60,0.5973,0
69993.74,53,Female,23460.97,22053.33,740,1222748.08,60,1.0301,1
153403.34,53,Male,44122.42,26673.3,850,1765627.07,48,0.759,0
35996.58,40,Female,3610.85,9556.76,631,1016897.41,36,1.2907,1
25000.0,56,Male,7285.08,563.36,725,1386516.15,60,1.5198,1
25000.0,27,Female,7123.72,3647.23,755,1358232.61,12,5.2326,1
70007.38,52,Other,7171.05,16520.63,724,495957.64,48,0.5215,0
25000.0,23,Female,4810.03,1167.31,639,1595318.8,36,2.3282,1
40694.18,59,Male,10242.19,4640.61,688,1154204.15,48,1.0988,1
61001.67,49,Male,13004.8,1378.13,561,2039004.88,36,1.3301,1
53776.28,44,Female,15836.93,12259.32,720,1757466.9,12,3.4109,1
60640.75,42,Female,12514.1,20606.45,627,367526.05,36,0.7446,1
54783.53,26,Male,7585.64,15857.97,749,1273020.18,48,1.0285,1
92914.31,44,Male,31972.18,31694.75,677,1785986.46,36,1.3145,1
30450.02,60,Male,4887.53,9012.04,671,308828.14,48,0.7186,1
34944.01,43,Female,9764.16,10459.39,730,2001992.88,60,1.8244,1
33311.91,58,Male,4523.39,6729.41,736,632810.84,12,2.0167,1
74242.79,30,Female,13530.98,13466.77,776,1307403.51,48,0.8188,0
76895.24,36,Male,16186.98,10933.66,703,2357347.09,24,1.7815,1
61427.49,31,Male,9094.83,17588.73,713,1471202.16,24,1.5507,1
88587.57,52,Female,18823.96,5645.12,629,1117730.68,84,0.4923,0
27200.2,26,Male,3788.73,535.27,814,116307.83,84,0.2322,0
112827.12,44,Male,27050.49,37431.85,659,420192.69,36,0.6934,0
104989.89,53,Male,27919.78,138.83,767,1488793.32,60,0.5756,0
70813.93,32,Female,8186.7,24210.59,767,1285180.1,60,0.8521,0
119479.42,47,Female,37968.53,30479.04,745,973190.02,24,0.9525,0
25000.0,58,Male,3657.13,2874.37,704,2315718.12,36,3.2938,1
37713.6,38,Female,5896.17,9211.05,696,897958.09,60,0.9183,1
33939.96,59,Female,9005.54,9715.53,715,1389161.82,60,1.4415,1
70314.95,33,Other,15271.55,6038.42,596,1464912.18,36,0.9851,1
28996.48,60,Female,6519.83,7823.64,718,1365924.14,48,1.7122,1
71592.64,50,Other,9453.0,20155.43,816,1246204.94,24,1.2249,1
97272.16,61,Female,29321.13,8489.34,705,908952.97,84,0.5487,0
69397.18,33,Female,17645.17,1018.35,717,2281032.72,60,0.9836,0
56493.2,54,Male,7561.36,4036.03,653,1181927.83,48,0.746,1
29913.45,56,Male,5788.25,2100.71,732,1368277.28,48,1.4459,1
32098.82,50,Male,9713.18,732.95,669,1675547.16,48,1.6746,1
91565.46,45,Male,22166.97,23267.02,775,262374.5,48,0.5702,0
72379.22,22,Male,9203.9,9625.8,794,1975091.54,12,2.6719,1
48073.69,56,Female,9287.56,14880.5,808,1330017.54,12,2.9479,1
39777.04,38,Female,6391.12,3510.72,626,1677224.65,84,0.9709,1
25000.0,25,Female,5734.16,3965.78,766,1952828.96,36,2.9453,1
28697.74,39,Male,8920.41,6418.43,762,2197838.54,24,4.104,1
127479.33,38,Female,26651.69,39150.53,693,1041329.0,36,0.7836,0
25842.41,52,Female,5383.89,4745.12,797,2047431.74,12,7.3942,1
53892.14,41,Male,17587.04,7045.51,746,721208.55,36,0.8952,0
81123.02,30,Female,19797.78,24617.21,809,1684805.56,36,1.2274,1
26174.44,57,Female,6322.38,2842.18,637,346497.52,48,0.6923,1
53763.78,42,Male,8896.69,1494.54,673,148073.12,60,0.2532,0
78351.29,33,Female,19739.1,12204.37,726,329831.5,12,0.7798,0
49328.12,37,Male,12034.96,13554.51,796,866517.97,12,2.0713,1
205705.65,29,Male,40979.21,2216.13,749,174627.07,36,0.2378,0
25000.0,44,Female,8691.85,5126.47,658,1613179.05,60,1.9557,1
83230.09,34,Male,26672.98,17317.05,835,859706.89,36,0.8667,0
44963.18,28,Female,12922.26,14612.57,700,1867302.56,24,2.548,1
72110.87,57,Male,16898.2,7230.03,660,210196.33,12,0.5922,0
61123.62,39,Other,13173.05,5965.23,669,620083.76,48,0.5753,0
33976.42,48,Male,4968.18,5238.12,633,1079208.22,48,1.1213,1
54967.54,61,Male,9698.16,6866.56,573,1018363.75,48,0.7802,1
25000.0,50,Female,7337.25,6443.03,712,414396.81,84,0.835,0
66278.69,27,Female,14146.34,14887.07,618,2485928.35,84,1.0803,1
56901.63,46,Male,18240.81,15114.34,740,782654.99,12,1.8018,1
67462.7,60,Female,9240.89,19362.78,783,1830477.0,12,2.8221,1
83204.7,31,Female,18894.69,26878.73,744,628064.07,48,0.7452,0
58912.58,34,Female,15419.86,8885.66,722,2206842.91,12,3.7233,1
52788.29,41,Male,12099.72,18193.17,619,1030619.94,48,1.0785,1
31554.32,28,Female,10170.17,2381.76,774,2262165.97,24,3.7392,1
34333.94,23,Male,11927.3,8584.44,846,920403.81,24,1.8469,1
88731.24,48,Female,11442.66,16584.16,811,120745.17,24,0.3793,0
100525.6,49,Female,13318.51,28741.8,633,1340849.03,36,0.8551,0
43518.65,43,Male,5769.75,7261.94,714,1359491.05,36,1.3222,1
50161.41,38,Female,13558.34,13763.21,701,387602.04,60,0.7127,0
31185.01,55,Male,6023.98,10152.56,694,663912.58,60,0.9816,1
88113.27,33,Female,24965.02,22583.69,721,1980389.42,60,1.0283,0
68371.3,32,Female,13767.78,18571.9,850,188213.98,24,0.6013,0
129392.89,25,Female,33241.25,3042.21,726,1274864.05,24,0.7396,0
31597.66,59,Male,9241.19,2266.66,691,1372979.5,24,2.3894,1
40578.6,31,Male,9619.32,13837.56,739,1752908.95,12,4.396,1
55034.91,31,Male,12926.37,13352.32,634,189895.04,12,0.7824,1
67727.31,51,Female,8266.7,13308.9,673,1505551.19,24,1.3546,1
44009.74,51,Male,8920.57,5652.69,784,107435.29,48,0.3942,0
31682.49,33,Male,7491.14,492.22,732,736428.08,60,0.7574,1
76168.54,34,Male,16413.95,9840.79,850,1299242.21,36,0.9031,0
70302.85,45,Male,22862.17,12276.25,737,2287075.21,60,1.2071,1
31003.73,53,Male,10126.83,2294.61,639,403815.56,48,0.7373,1
96540.84,53,Female,29491.23,5850.17,616,506293.91,84,0.4559,0
88000.64,35,Male,17056.68,15659.34,785,1706200.15,12,2.0854,1
52425.49,36,Male,14643.74,10750.71,652,999668.07,24,1.3731,1
51011.12,58,Male,10142.14,4283.47,646,1596211.36,12,3.0484,1
64668.46,26,Female,10227.21,13294.95,686,2493890.0,12,3.7721,1
31861.33,45,Female,5917.47,10040.11,784,2468491.99,48,2.5033,1
49762.44,35,Female,5859.09,8241.19,696,948912.59,12,1.9687,1
25000.0,24,Female,4573.61,7502.16,665,1309420.85,12,5.1122,1
75980.18,24,Female,16349.84,24658.99,798,2271256.38,60,1.1897,0
25000.0,50,Male,8471.76,808.45,787,321202.39,60,0.6506,0
103954.64,54,Male,18540.58,3486.02,828,1185529.37,84,0.4072,0
41561.93,47,Male,13533.12,6924.86,807,1006185.64,48,1.1179,1
44097.86,51,Male,6932.83,9076.92,788,807718.65,24,1.2167,1
35815.39,52,Female,5291.45,5338.61,671,2486090.11,60,1.806,1
42445.69,59,Male,9751.85,4849.75,762,1860518.31,84,1.0945,1
99634.69,29,Female,26714.83,22352.84,798,1032992.78,12,1.4088,1
25000.0,61,Male,2777.08,18.21,840,2089652.54,84,1.543,1
92826.06,28,Female,14412.77,31451.85,731,1275198.64,84,0.7293,0
58047.2,34,Female,12417.51,4715.04,688,2194778.59,36,1.533,1
26808.9,53,Female,4899.36,8605.24,662,739311.63,60,1.1033,1
28633.82,43,Male,7964.65,1092.53,783,636640.55,84,0.697,0
113345.56,41,Female,25819.0,9445.14,676,693488.03,84,0.4159,0
30553.87,32,Female,4280.28,2511.7,726,1392353.38,36,1.7142,1
27538.07,22,Male,8911.77,9601.25,662,799152.14,24,2.0248,1
86565.56,33,Male,14995.44,139.39,709,453087.24,12,0.6374,0
58062.57,24,Female,16419.09,12998.66,748,2487107.0,60,1.438,1
30669.91,40,Male,9046.98,9335.62,737,2261039.75,24,4.0354,1
54628.58,34,Male,18616.84,12853.87,767,1624029.85,48,1.3444,1
29352.23,50,Female,6593.3,3726.47,630,2239702.9,24,3.908,1
85000.35,49,Male,21586.59,28509.82,712,2345110.57,48,1.3024,1
83340.13,28,Female,15311.17,26063.15,689,1722659.9,48,1.0307,1
63959.36,32,Male,17239.91,9714.42,656,1344831.47,60,0.8786,1
58737.32,61,Male,12678.21,11786.52,671,2216804.3,36,1.6521,1
118254.46,58,Male,24764.03,40044.71,661,1462712.79,48,0.8677,1
49013.11,46,Male,15383.59,16855.42,742,404321.3,12,1.3868,1
27148.12,22,Female,3055.31,4274.15,746,980454.4,60,1.0552,1
61373.72,60,Female,19669.7,18201.76,776,1170210.28,84,0.9435,0
139110.45,34,Male,43544.0,14703.01,741,2344885.64,84,0.7073,0
29514.01,26,Male,6687.63,3840.79,730,1682045.13,48,1.8297,1
40915.68,60,Female,9105.81,2360.33,725,2200666.15,60,1.4497,1
60368.52,51,Male,11497.3,4419.86,763,1918220.08,12,3.072,1
47717.22,37,Female,16631.52,10970.46,583,843666.13,60,0.9629,1
29996.87,45,Female,3833.37,5362.65,716,1824901.58,60,1.6293,1
85899.13,52,Male,21264.66,6948.91,740,568719.37,84,0.4418,0
156376.27,32,Female,42287.33,22051.93,836,1079549.95,48,0.5899,0
54071.67,33,Male,18037.36,7062.53,647,2034620.46,24,2.218,1
31193.53,39,Female,9203.68,10779.74,645,1568629.99,60,1.734,1
25000.0,45,Female,6524.05,7468.7,572,2080990.01,48,2.7111,1
55769.81,51,Male,7205.63,7572.88,629,711288.6,84,0.4834,0
85130.33,57,Male,16467.05,27230.71,710,1899397.2,12,2.4852,1
62167.27,45,Female,8374.58,7455.25,672,585578.47,12,1.0871,1
48961.92,36,Female,15682.66,11445.61,671,1408730.01,24,1.8951,1
36510.83,58,Female,10493.41,12352.62,721,1140483.03,12,3.3865,1
28393.58,43,Male,8216.65,3878.49,757,1435542.06,48,1.7327,1
74412.24,34,Other,19575.19,17707.12,720,425280.22,24,0.7674,0
77411.13,26,Male,17553.82,8017.73,721,966946.9,84,0.5442,0
25000.0,45,Female,3437.32,2330.23,746,1700569.19,48,1.9888,1
108544.93,43,Female,19801.17,21812.63,600,1440473.91,84,0.6106,0
65318.83,32,Male,8767.68,22387.55,728,1417527.42,84,0.8486,0
98695.77,33,Male,27756.04,15652.84,715,1325992.27,24,1.066,1
25057.69,56,Male,3509.51,8223.26,719,2365323.78,24,4.8678,1
25000.0,59,Male,6888.21,8000.68,682,2342967.28,48,3.0178,1
45502.17,54,Female,12425.0,4041.36,706,964347.93,24,1.3497,1
63031.65,26,Male,13540.84,8864.57,746,944548.03,48,0.7428,0
120352.52,58,Other,16104.03,27098.08,824,1431756.3,12,1.4104,1
69775.59,60,Male,12468.91,12651.43,610,329455.08,12,0.7773,1
43419.3,28,Female,7816.48,1458.26,757,827216.08,60,0.6278,0
29343.18,28,Female,8072.2,10205.39,799,654082.16,36,1.3527,1
90671.67,60,Female,11645.48,23885.54,637,636135.2,36,0.6216,0
30261.98,53,Male,9298.51,4635.92,708,1632413.26,12,5.228,1
110661.83,54,Female,32119.8,23942.68,737,1022440.8,60,0.7075,0
42523.31,35,Female,6232.93,1303.36,850,510794.5,36,0.5705,0
108585.27,56,Male,30381.19,18823.86,850,2230172.43,48,0.984,0
68834.86,55,Female,18387.74,22425.8,637,2197956.85,48,1.4182,1
45775.41,42,Female,13138.92,14364.8,700,2169911.02,24,2.8102,1
37808.98,43,Female,5566.7,4464.61,732,1037787.86,36,1.1639,1
41338.36,60,Female,5762.47,7688.06,756,236757.89,84,0.4234,0
60727.89,42,Female,9663.08,14822.72,733,356180.84,48,0.5548,0
50948.89,25,Male,9755.08,6063.08,658,762515.39,36,0.8004,1
36428.05,51,Male,10870.72,827.2,655,627928.01,24,1.1245,1
45124.67,33,Male,12837.11,7982.76,619,2197565.49,12,4.7656,1
50985.09,48,Female,16894.57,10736.06,588,2467259.63,60,1.5941,1
25000.0,40,Male,2866.43,51.11,618,2060016.79,84,1.5276,1
61641.1,53,Female,6342.19,2061.98,795,1851637.37,24,1.5364,1
30035.62,36,Female,8253.33,2179.14,766,1512697.94,24,2.6947,1
27538.32,49,Male,4676.61,3354.67,755,1947779.92,24,3.5882,1
25000.0,43,Female,4587.99,4734.2,705,2372879.95,60,2.4366,1
25000.0,44,Female,5917.51,2571.13,717,1543227.21,48,1.935,1
25000.0,54,Male,3140.08,2416.61,702,471071.79,36,0.8392,1
34388.91,27,Male,8964.28,10463.59,616,493259.96,12,1.8327,1
130174.3,58,Female,23598.89,6608.65,762,1501270.73,12,1.2513,0
37686.61,57,Female,9729.88,6535.27,775,900324.5,84,0.8406,0
53576.99,24,Female,16528.6,17867.32,645,2284593.7,60,1.5691,1
59888.55,54,Male,8550.76,13100.9,645,1567941.6,12,2.6755,1
52340.86,42,Female,17414.76,13138.7,742,1723582.27,84,1.1476,1
47158.91,25,Female,10972.56,7117.83,742,113969.7,84,0.425,0
26966.57,43,Male,8918.71,188.13,767,1297236.52,60,1.3836,1
101261.72,35,Male,15384.95,22899.9,811,1134795.33,60,0.6217,0
121006.35,51,Female,30389.62,26763.4,651,1794092.46,36,0.9577,0
25000.0,29,Female,5024.29,966.24,714,1018332.78,36,1.5732,1
29377.54,45,Male,8623.94,4751.99,654,2443780.08,60,2.264,1
42620.68,45,Male,10718.13,13654.18,659,1708487.64,36,1.8842,1
30264.51,41,Female,6768.02,2172.38,692,1683804.0,48,1.7334,1
63131.98,29,Female,20722.84,10188.53,813,2306418.75,24,2.1924,1
34059.49,58,Female,6617.05,5496.73,791,2488491.6,12,6.8131,1
144715.94,42,Female,22430.25,41065.54,715,574769.65,12,0.7898,0
88900.61,43,Male,22405.2,25656.85,579,2045279.54,12,2.574,1
54518.04,24,Female,13957.01,14487.86,745,489566.79,12,1.3154,1
81919.57,49,Male,17184.57,10478.25,744,1196904.29,48,0.7153,0
85216.49,35,Male,18888.45,2148.56,659,340444.97,48,0.3501,0
36976.07,21,Male,12567.74,4522.88,773,1596090.35,24,2.4741,1
32594.26,50,Female,9229.76,7755.05,658,1224443.59,60,1.3379,1
50974.03,49,Male,6506.86,12537.64,773,1608877.48,36,1.4069,1
75419.27,40,Female,11541.6,25472.86,735,1727105.81,24,1.5581,1
52550.52,53,Male,18071.82,8343.68,625,1586637.4,12,3.1711,1
25000.0,61,Other,7040.41,5533.81,696,805669.89,36,1.558,1
32813.25,56,Female,10787.73,6192.41,729,2108701.98,24,3.5127,1
47240.82,42,Female,8312.75,2490.37,739,1424046.88,12,2.8929,1
47200.85,33,Female,13474.27,7619.2,787,1275642.82,24,1.7065,1
131435.44,27,Male,36604.86,25063.73,795,2468953.13,12,2.1294,1
25000.0,28,Male,4341.81,8319.06,704,780418.98,84,1.0409,1
63120.11,48,Male,15003.91,8097.59,756,1367272.73,12,2.2805,1
103213.67,29,Male,26510.82,35405.87,824,1737578.99,84,0.8881,0
152622.81,45,Female,33620.2,28968.58,653,400542.24,48,0.4779,0
40046.69,36,Male,12286.11,3398.53,680,950175.34,12,2.4887,1
62674.8,30,Male,19317.46,4204.38,612,2024052.92,24,1.8805,1
65178.19,31,Male,20377.97,3232.4,678,668219.76,36,0.6979,0
54054.11,51,Male,16262.5,8569.01,733,1283896.88,48,1.0733,0
46656.96,32,Male,10358.82,358.06,582,1613513.45,84,0.8218,1
60960.88,51,Male,11909.29,9495.62,748,1710789.65,36,1.2699,1
25000.0,34,Male,7696.1,8648.54,689,1847945.06,84,1.9194,1
68942.96,52,Male,15343.28,16169.7,715,2178345.56,60,1.1441,1
52213.11,37,Male,8437.27,13884.78,644,1042862.66,36,1.0814,1
43860.2,55,Male,9949.07,1826.86,713,1795916.62,60,1.1588,1
136411.47,21,Male,18478.63,22587.73,829,1857219.15,60,0.5971,0
34980.04,49,Male,9546.31,3504.23,694,820657.91,48,0.9794,1
40073.16,24,Female,7372.67,12540.26,576,2423579.08,36,2.4769,1
132690.77,43,Female,21915.83,8419.54,798,2176526.02,84,0.5095,0
32337.06,48,Female,10966.38,5191.93,755,795667.19,12,2.6744,1
37232.69,36,Male,10954.61,7663.11,726,1720164.82,48,1.6941,1
45546.42,32,Male,13516.69,8194.46,756,1822721.52,48,1.511,1
74635.18,41,Other,19101.42,21687.88,725,1135560.73,12,1.8912,1
54388.13,37,Female,16849.07,4405.91,826,2172983.89,36,1.6988,1
25685.64,60,Female,7443.46,3392.74,768,1756550.45,84,1.5928,1
37568.29,33,Female,9380.56,10415.04,690,1679571.24,48,1.6824,1
36182.21,52,Female,12312.12,6687.38,816,630016.89,60,0.9037,0
47164.16,57,Male,6975.52,6637.93,838,1078821.55,12,2.3103,1
60652.85,35,Female,20369.95,625.02,779,1141413.97,84,0.6684,0
60421.66,32,Male,12106.06,15932.28,746,1860786.63,24,1.8994,1
25000.0,35,Male,5802.49,8506.59,664,1584146.91,48,2.2101,1
83447.29,54,Male,10905.3,18116.45,764,306065.42,84,0.4106,0
55619.24,26,Male,13072.01,16674.06,745,838475.08,60,0.8626,1
97955.25,37,Female,24763.25,17720.74,718,1235314.01,36,0.8466,0
61212.04,40,Female,21389.04,4963.58,765,1868159.07,36,1.4297,1
85021.67,29,Male,29230.29,429.76,725,1884565.91,12,2.3079,1
61899.83,25,Male,21144.94,14155.83,755,1277303.94,60,1.0189,1
96096.95,43,Female,17979.45,16585.19,787,380637.72,12,0.7098,0
63648.14,53,Female,22137.88,17422.68,633,802968.17,48,0.9476,1
46678.66,58,Female,9983.14,11349.4,653,711261.72,12,1.8037,1
152697.99,34,Female,47788.22,52800.42,660,1974463.38,24,1.2614,0
76459.66,37,Other,11780.9,13656.41,846,531967.15,12,0.9476,0
65308.16,39,Male,14789.57,9764.3,761,1215810.93,12,2.0213,1
25896.1,53,Female,8843.6,2598.9,767,1709725.13,48,2.1482,1
25741.15,21,Male,8668.53,4296.24,793,2415486.77,60,2.5439,1
56746.98,33,Male,15374.67,17336.49,651,2498177.39,84,1.3302,1
52720.55,47,Female,15787.36,783.11,587,2387013.14,84,1.0896,1
36059.97,26,Male,5196.48,12342.07,715,1823781.63,24,2.8436,1
52601.05,26,Male,14750.1,18287.15,778,1891458.0,12,3.8061,1
108479.17,53,Male,27609.33,22697.91,707,1922104.23,48,0.9217,0
69404.1,50,Male,8528.93,8053.68,630,2170251.7,48,1.0471,1
27708.53,55,Male,3554.72,2163.13,661,2384285.11,84,1.6797,1
46362.47,43,Female,5893.18,4486.57,643,1169694.75,48,0.8759,1
32778.13,30,Male,9213.58,574.83,680,1099626.11,60,1.028,1
40382.43,39,Other,5468.94,6715.15,644,1205114.71,12,2.9393,1
39862.53,48,Female,8647.5,799.78,729,1683561.21,36,1.6197,1
38606.55,43,Male,7306.11,9708.23,684,1961068.95,84,1.3105,1
26171.66,24,Male,6219.07,3406.9,761,2189306.54,84,1.8001,1
45989.7,40,Female,12721.63,3209.05,656,1194905.81,24,1.5574,1
37037.87,39,Male,10043.95,7063.08,736,972094.3,36,1.3211,1
25000.0,47,Female,5722.0,8520.39,717,2460046.28,60,2.7092,1
136828.83,54,Male,29566.48,33289.89,745,656530.29,84,0.5415,0
84489.69,24,Female,16851.8,14541.64,754,632811.6,12,1.0335,0
40613.25,58,Male,12812.57,11043.56,761,1816977.89,36,2.0521,1
49484.24,27,Female,9041.41,12772.71,773,531177.51,36,0.7923,0
27287.2,27,Female,4498.06,8516.54,755,1058581.6,84,1.1412,1
114446.35,46,Female,32712.07,8198.26,739,801728.37,36,0.5868,0
126581.84,46,Male,24043.06,38051.41,676,504905.1,24,0.6765,0
53015.88,39,Male,16527.68,5585.71,775,1491297.37,12,2.9032,1
81778.15,29,Male,14881.35,26933.6,674,996427.58,48,0.8262,0
53511.05,40,Male,14741.56,5264.03,701,1209362.01,12,2.3713,1
25125.47,36,Male,2795.89,8150.63,663,570071.21,84,0.8242,1
39898.27,37,Female,7835.65,13458.75,662,1942880.33,36,2.128,1
52363.44,42,Male,9729.52,2666.45,699,855309.0,12,1.6804,1
39055.0,33,Female,11879.35,13320.68,704,922523.63,48,1.2557,1
43944.09,32,Other,15018.5,1318.46,667,705169.51,24,1.1197,1
46830.98,30,Male,10078.98,3582.51,721,1142568.57,12,2.448,1
47077.98,21,Female,14415.71,7318.7,730,1212583.91,12,2.7381,1
50318.56,52,Female,13833.76,17498.74,684,1371200.6,24,1.8928,1
28845.16,50,Male,9860.62,4932.44,850,2422163.88,24,4.4266,1
34251.72,28,Female,10370.64,6598.36,741,2271260.34,84,1.6308,1
25789.12,41,Female,3078.43,6268.01,727,1562542.31,36,2.346,1
79930.1,42,Female,22246.18,27088.53,676,193368.32,36,0.6964,0
25000.0,38,Male,5846.87,6854.32,728,1569424.82,84,1.5829,1
87272.89,22,Male,9085.89,6846.9,735,315204.66,24,0.3509,0
98044.3,29,Female,15964.38,10397.29,719,1804826.17,48,0.7446,0
42146.62,23,Female,13926.88,1440.15,812,1036186.35,36,1.1695,0
25000.0,46,Male,8287.88,5638.96,609,2110471.58,48,2.7389,1
40918.79,41,Male,12263.88,2588.49,695,2362070.19,24,3.0534,1
47472.6,50,Female,16399.17,4276.89,766,1101064.82,12,2.4854,1
29575.48,48,Female,8921.04,9193.24,661,1205332.71,84,1.3103,1
37888.04,56,Male,3885.46,4333.05,619,1516354.19,24,2.0823,1
105355.71,46,Other,18116.82,20894.81,686,573118.53,24,0.6238,0
68354.56,54,Other,7358.78,9511.41,787,2325598.82,60,0.9865,0
30875.49,28,Male,3813.96,800.01,663,1139199.82,24,1.8691,1
25000.0,30,Female,3867.76,3175.06,696,500368.81,36,0.937,1
41626.46,34,Female,9402.99,5945.25,747,1930556.4,12,4.4677,1
44058.41,60,Female,13741.07,13812.11,682,625963.29,48,0.9926,1
62824.45,35,Female,19820.59,7134.2,691,444470.26,60,0.5829,0
37509.2,37,Other,9529.23,4978.76,677,1450892.98,84,1.0491,1
63306.91,38,Male,21020.68,17346.97,683,1711588.61,36,1.4912,1
129001.2,52,Male,29027.28,34267.21,644,1466950.58,12,1.4957,1
73699.44,58,Female,23750.31,20591.61,703,1675625.56,48,1.1893,1
47856.19,43,Male,10218.08,15975.34,789,377257.63,12,1.2441,1
44731.12,43,Male,7573.26,12455.16,822,1242443.29,36,1.3571,1
41013.78,55,Female,13497.77,5851.14,801,956844.75,84,0.8712,0
88461.3,59,Male,17425.44,25435.1,728,2436084.68,84,0.956,0
35822.92,35,Female,8090.64,6377.77,827,219097.44,12,0.9444,0
50141.85,44,Female,9136.61,4873.78,850,815906.09,24,1.0378,0
50291.88,48,Male,13363.03,5331.99,731,2360469.27,12,4.52,1
38143.4,36,Male,13302.81,2988.34,655,2460390.84,24,3.4335,1
25000.0,36,Female,2659.46,1268.69,805,2079763.86,84,1.5816,1
57612.06,60,Female,18721.73,3720.11,641,282395.79,36,0.55,0
47548.14,59,Other,4801.48,1051.4,662,1447252.07,60,0.7849,1
62951.52,26,Male,12027.33,19575.27,584,1060295.18,24,1.287,1
37541.41,22,Male,5336.58,12232.97,767,2035486.16,84,1.3964,1
90256.48,33,Female,26114.4,18535.94,569,232058.17,12,0.7219,1
31622.15,29,Female,3562.32,9302.33,784,573109.0,84,0.7171,0
115383.9,54,Female,27504.2,7413.4,837,1274068.16,12,1.2785,0
25000.0,37,Female,4343.29,7889.65,832,478354.39,12,2.1804,1
60924.16,47,Female,8128.35,10797.38,637,1762516.34,84,0.806,1
62175.44,49,Female,18214.58,1461.6,598,2069841.33,36,1.4063,1
32932.7,57,Male,5083.3,1628.83,678,1790847.74,48,1.6093,1
60608.9,42,Female,9450.07,6554.35,777,1156680.91,12,1.9508,1
92944.64,44,Male,15686.19,1416.96,798,2208130.4,12,2.2837,1
25000.0,27,Female,6167.29,2706.32,763,430446.72,24,1.1574,1
63030.4,54,Male,16697.79,1322.1,754,724812.6,60,0.5359,0
25000.0,32,Female,2610.02,2065.24,850,1274895.24,84,1.0602,0
30247.46,43,Male,4853.73,2812.54,688,247212.64,12,0.9758,1
110700.45,35,Female,22997.21,38526.98,669,329645.88,36,0.6533,0
36647.81,53,Other,6706.34,3021.29,642,1053864.09,48,1.0087,1
27256.85,33,Male,8750.61,2281.81,748,2365327.11,48,2.6476,1
44401.62,43,Male,13184.05,10673.09,708,2280192.86,48,1.8646,1
137854.38,58,Female,35355.86,41463.17,773,1218339.66,36,0.8466,0
25000.0,52,Male,4612.77,3386.73,690,441180.51,48,0.7761,1
28979.53,55,Male,7974.24,8881.25,760,527458.37,84,0.8933,0
103643.86,21,Female,32223.86,12338.77,695,1006110.53,48,0.6809,0
124101.02,25,Male,30864.87,8557.45,709,604178.07,24,0.5446,0
46550.1,33,Male,13784.2,5370.65,715,299141.43,48,0.5776,0
26382.96,25,Male,7579.2,5626.82,609,1717065.96,24,3.5339,1
139793.52,52,Male,33960.64,17963.48,710,1495476.73,24,0.87,0
108795.06,41,Male,19370.5,25622.63,756,799112.22,24,0.7559,0
68835.4,44,Male,19717.59,5708.35,655,1969476.12,36,1.3061,1
32656.49,38,Female,4953.96,8012.19,844,1962277.33,12,5.7078,1
47833.68,41,Male,14104.82,5816.74,720,1278404.73,60,0.9976,1
45243.76,30,Male,13624.55,7218.82,679,331678.13,84,0.5862,0
57839.41,44,Male,17672.03,11290.88,677,2304326.56,84,1.1829,1
101265.47,60,Other,22099.06,24321.81,809,1704785.26,48,0.8935,0
76092.77,41,Female,11270.88,6357.54,666,692921.97,60,0.4297,0
28604.29,45,Female,3573.56,8369.07,739,1565090.91,12,5.2533,1
97562.48,43,Female,27887.29,24648.67,777,1072051.59,24,1.0506,0
57329.24,42,Female,18435.1,4697.23,756,1624839.14,24,1.7245,1
69115.4,24,Female,18157.28,23585.02,683,1237290.15,24,1.4383,1
102055.33,54,Male,13883.61,23746.13,774,1265133.16,24,0.9465,0
28119.26,26,Female,9384.07,4452.67,730,1866117.02,48,2.2073,1
48150.52,48,Male,16721.5,2654.76,608,1572941.79,12,3.2896,1
37581.71,51,Male,7829.95,7013.77,799,291886.46,12,1.0814,1
25000.0,55,Female,6217.66,1441.79,680,256896.57,12,1.2146,1
58299.86,59,Female,17158.06,8763.76,708,832022.17,60,0.7549,0
172090.93,43,Male,48890.59,24617.5,740,1132590.39,84,0.5398,0
25000.0,26,Male,8548.67,6299.47,685,760534.14,24,2.0118,1
48235.94,36,Male,6208.97,3247.92,769,1663503.66,36,1.3251,1
67526.23,22,Male,16556.16,19424.26,648,568259.04,84,0.6769,0
52132.25,44,Other,14231.21,5950.7,682,1789938.63,12,3.4217,1
46324.95,37,Male,14940.94,7198.71,799,1955561.78,60,1.3958,1
25601.13,21,Male,8154.66,6920.48,721,398366.34,48,0.991,1
55071.82,26,Male,18972.24,12054.52,651,1661934.98,24,1.9699,1
33577.72,25,Male,7656.38,3619.98,725,2407446.34,60,1.8947,1
25000.0,49,Female,7692.26,3379.28,746,562777.16,84,0.8283,1
89080.53,32,Other,18423.67,9533.88,616,2282326.79,36,1.1526,1
79157.35,59,Male,16273.05,16478.15,827,1554515.08,36,1.0567,0
50303.53,23,Male,8216.43,5856.27,836,1518267.68,48,1.0598,0
54969.7,21,Female,16741.53,13961.98,727,224614.44,12,0.9197,1
83881.39,47,Female,29061.02,17021.67,706,1895920.67,12,2.547,1
54839.71,44,Female,8998.4,2796.68,721,1247855.33,60,0.7098,0
77034.51,39,Female,8784.47,8365.49,778,1830818.54,84,0.6296,0
42245.74,28,Female,12837.87,3274.32,749,2042034.65,60,1.4324,1
94465.68,22,Male,24094.18,12904.92,735,1357111.3,84,0.6377,0
57549.05,50,Female,19562.34,10393.04,809,732746.35,12,1.6458,1
54015.48,50,Female,8807.75,9580.56,793,439773.98,12,1.06,0
25977.07,59,Female,3058.98,6860.11,657,485207.51,60,0.788,1
56583.8,52,Male,12624.44,3746.42,777,2180643.17,24,2.0855,1
32338.78,21,Female,3924.85,10712.72,794,396587.43,84,0.6626,0
35626.99,58,Female,5894.4,4275.09,738,1023265.78,84,0.7772,0
32607.98,33,Male,4287.77,3426.68,758,902259.15,36,1.1425,1
28764.08,31,Male,4488.15,6897.99,700,2177093.6,36,2.8738,1
141830.18,30,Female,17946.65,39986.3,641,1246464.4,48,0.6356,0
95384.32,46,Female,32285.35,12635.1,842,2491471.4,36,1.3261,0
128050.98,40,Female,21722.66,33472.07,632,1868931.39,84,0.6809,0
26596.97,37,Other,5611.28,8226.64,829,2142216.58,60,2.2715,1
50798.74,37,Female,16491.96,13633.43,715,336813.44,24,0.9021,1
25674.31,24,Male,6914.87,307.29,801,707445.41,60,0.8804,0
34618.81,25,Female,8810.81,10024.89,721,425070.87,12,1.6293,1
30975.02,43,Male,8561.21,8396.35,780,1212692.73,84,1.2178,1
91107.19,30,Female,27988.64,21342.0,749,1823889.97,12,2.3108,1
40210.57,48,Female,12843.95,10696.33,676,505752.56,84,0.8008,1
83632.68,53,Male,21799.69,28669.19,728,412404.51,36,0.7649,0
66307.64,46,Female,21384.34,10005.13,710,1575061.0,24,1.5805,1
155099.07,49,Female,36269.82,3649.19,761,652750.61,84,0.3294,0
25000.0,47,Male,4233.07,4032.79,729,1250380.17,48,1.6233,1
92006.69,38,Other,29443.91,1495.27,738,222682.55,60,0.3889,0
86961.47,60,Female,20467.97,8955.96,653,1733470.75,48,0.8536,1
30131.02,30,Male,9838.82,6189.15,636,1399159.32,48,1.7321,1
81110.42,25,Other,8925.55,8789.77,724,1653814.96,48,0.7454,0
57992.7,30,Male,11562.52,13911.77,731,760975.31,48,0.7784,0
43750.66,41,Male,14741.84,12586.85,651,768647.14,60,1.0066,1
32468.71,44,Male,5273.33,4777.89,757,2023265.28,12,5.817,1
34215.88,58,Female,11475.46,10779.66,759,1824549.55,60,1.8098,1
136612.82,23,Male,46240.11,3817.46,730,1491348.76,12,1.3312,1
49037.54,60,Female,15718.28,14418.98,721,1607544.34,12,3.5119,1
72479.93,51,Female,17461.65,21019.22,637,325706.03,60,0.6286,0
33009.49,61,Female,8639.73,3720.1,636,2154811.13,60,1.7937,1
33192.31,57,Female,10535.38,3470.27,745,1947776.88,60,1.6978,1
84203.55,22,Male,24753.68,8991.53,666,1517179.68,84,0.7093,0
25000.0,22,Male,6438.09,7099.69,670,2304628.31,12,8.689,1
39830.69,59,Male,13764.09,11593.87,738,504730.98,60,0.9122,1
49861.96,54,Female,13533.49,5754.21,850,1747977.73,24,2.0207,1
51828.02,40,Female,17822.13,10749.48,694,2411156.27,36,2.0744,1
44821.95,53,Male,5125.26,2179.54,850,844021.51,36,0.7795,0
59749.13,24,Other,8050.6,9803.19,715,136701.55,24,0.4054,0
69315.78,31,Female,14754.88,24231.24,756,1863681.92,36,1.4427,1
70779.08,25,Female,13888.26,3934.87,782,116752.78,12,0.3976,0
29944.41,45,Male,8854.08,9930.97,787,2194080.76,60,2.2204,1
42528.19,57,Female,5960.48,12268.92,742,235123.01,60,0.5488,0
89088.13,54,Male,30648.44,30314.48,705,1666635.35,84,1.0046,1
76674.43,29,Male,13706.82,4819.18,773,1005241.95,60,0.5267,0
25000.0,26,Female,5180.77,1868.29,747,588017.57,24,1.3782,1
58439.07,38,Female,9857.87,345.0,691,2255820.16,24,1.9737,1
25000.0,34,Female,6121.02,6341.14,811,1890990.04,12,7.1836,1
50184.8,39,Female,5754.05,11313.32,749,917057.36,24,1.1918,1
126612.12,34,Male,17398.96,7890.83,671,781967.42,84,0.3055,0
30517.44,60,Male,8741.7,8450.3,663,1866429.51,60,1.8931,1
32300.52,37,Male,4736.07,3382.46,847,2107769.83,84,1.3687,1
71826.94,55,Male,11411.76,3393.71,687,1818041.11,12,2.4432,1
25000.0,49,Female,7456.14,3697.42,768,1635974.14,12,6.2297,1
35725.59,37,Male,4405.87,1137.48,744,647019.34,60,0.5489,0
66053.52,28,Male,13829.52,6085.86,766,2146729.56,48,1.1415,0
35698.25,21,Male,3775.66,4639.58,844,1899188.76,60,1.3925,1
43565.25,56,Female,8133.71,12989.09,784,1341458.3,12,3.2063,1
71117.79,27,Male,19539.28,19727.51,774,1327810.63,48,1.0347,1
60522.66,25,Male,7415.59,9378.83,707,1466015.27,60,0.8041,0
56016.93,44,Female,18042.14,14205.96,676,2087863.35,60,1.3861,1
41375.28,48,Female,13545.22,8234.81,850,1881422.92,48,1.7017,1
58984.53,37,Male,7446.66,7036.54,717,2154987.99,48,1.1898,1
46079.97,57,Female,16021.23,11706.89,713,1317478.65,36,1.5378,1
61629.92,40,Male,10747.17,14743.4,738,1599157.74,84,0.8579,0
38236.05,23,Other,4627.53,8285.1,732,2150972.34,48,1.7917,1
44744.13,57,Male,4531.09,9677.46,823,657568.14,24,1.0025,1
29882.28,46,Male,6040.13,7143.17,755,1165649.63,48,1.4494,1
48170.22,35,Male,12401.54,6483.27,634,1589565.37,12,3.3085,1
32679.38,28,Female,5981.79,9940.3,677,2296351.02,48,2.3034,1
28084.6,33,Female,8683.18,1595.42,720,138006.43,60,0.4728,0
55788.92,23,Male,15573.56,17258.86,786,610175.58,24,1.0983,1
54522.56,21,Male,10225.18,6531.73,621,662681.22,48,0.6215,0
72506.89,29,Female,20561.32,3172.98,752,883870.43,24,0.8955,0
39515.06,51,Female,13242.36,8298.54,767,776287.89,84,0.8815,1
60115.71,61,Male,7410.7,7910.95,777,1516333.09,36,1.0807,0
64563.13,46,Male,11397.07,18427.93,714,2225488.63,24,2.0685,1
61229.65,37,Male,13215.29,9231.9,788,1628746.82,60,0.945,1
32440.83,54,Female,7282.89,7591.05,667,679663.74,36,1.1444,1
52821.93,29,Male,12442.15,5698.97,781,2173006.84,48,1.4067,1
58810.17,33,Male,10301.0,4311.28,715,1616909.89,84,0.7192,1
49197.06,25,Male,13126.51,6681.81,722,625509.1,84,0.6203,0
25000.0,61,Male,6531.78,5309.57,722,967999.69,84,1.1366,1
53116.6,33,Female,12984.64,12213.17,762,1995915.54,24,2.2257,1
148192.22,21,Other,19033.87,29990.01,648,1873434.84,36,0.7447,0
40944.81,45,Female,8976.82,14159.51,777,1483797.69,48,1.5017,1
34062.81,24,Female,6439.8,8239.17,776,447442.01,84,0.6559,0
59081.57,56,Male,13160.99,19262.47,700,2027894.31,84,1.1365,1
57307.63,30,Male,18938.26,2365.47,720,838102.07,84,0.6222,0
88997.86,48,Male,19591.35,1911.72,664,1951835.05,84,0.6171,0
26135.92,26,Male,2704.94,2844.85,644,1654159.28,48,1.8481,1
70663.9,47,Female,14818.87,3378.17,732,734008.68,24,0.7416,0
65855.03,32,Male,20096.45,12120.88,733,609686.15,84,0.6477,0
45657.66,23,Female,13469.71,8293.41,698,414183.82,84,0.632,0
58066.47,53,Male,13259.33,11686.84,638,680670.97,24,0.976,1
82020.85,30,Female,13323.65,21393.48,749,478789.65,36,0.6144,0
75823.06,51,Male,16398.42,25777.22,696,1580922.99,24,1.528,1
27680.69,35,Female,6668.99,8508.78,671,1537079.49,48,1.9835,1
73871.26,27,Male,25852.57,3060.38,802,1506812.94,60,0.8349,0
47460.62,56,Male,12389.34,5623.12,656,1640535.54,36,1.5112,1
50839.91,34,Male,13908.08,4552.11,756,2055482.88,60,1.2422,1
50848.12,34,Male,11332.19,3146.79,622,2292526.51,84,1.0567,1
45473.2,23,Male,8577.26,8669.63,626,652901.29,60,0.6915,1
88952.14,23,Male,26973.69,17224.92,751,1510658.78,48,0.9358,0
47011.19,42,Male,10517.96,3739.07,698,288006.93,60,0.4365,0
28007.48,39,Female,9765.44,6978.46,644,388341.85,12,1.8233,1
40264.89,55,Female,8627.97,10328.75,781,1670414.35,36,1.829,1
53602.31,32,Female,6271.47,393.6,744,1267793.35,48,0.7356,0
90636.06,25,Female,24530.15,12554.47,581,1919997.01,24,1.3965,1
66273.63,30,Female,7400.14,20647.5,782,1121625.95,48,0.8606,0
32039.74,61,Male,5210.48,5834.81,650,406236.18,24,0.9357,1
169837.09,53,Female,32003.18,20664.03,608,2192928.77,48,0.6438,0
55959.73,33,Female,15941.3,4968.48,666,298932.33,12,0.8458,1
92753.0,55,Female,20735.77,7900.15,717,553515.14,36,0.5041,0
45439.76,52,Male,4869.39,1586.7,725,764744.48,84,0.4302,0
64002.64,31,Male,16270.27,18306.63,613,2488673.46,84,1.206,1
74587.95,58,Female,15130.84,2262.26,628,1100463.57,60,0.554,0
90138.02,44,Male,29786.89,9221.41,670,1304100.47,48,0.8067,1
83173.51,55,Female,18704.94,1329.65,674,1947272.2,36,1.0074,1
75818.57,39,Other,21020.23,20735.26,769,1627397.4,36,1.2534,1
41875.52,26,Male,6478.86,575.76,693,2119409.66,36,1.8254,1
36832.17,60,Female,10690.29,3974.39,768,1267440.3,36,1.5247,1
57890.22,55,Male,16223.09,11615.91,791,2433226.45,36,1.857,1
78163.97,24,Male,25483.05,11204.53,756,2012349.67,60,1.0291,0
43854.81,53,Female,4756.29,4332.63,520,1063276.93,84,0.6224,1
83498.67,33,Male,17691.3,8042.27,700,1015052.38,60,0.5725,0
101347.29,56,Female,27342.37,28298.86,709,2330778.86,48,1.1434,0
31003.01,39,Female,3837.89,10568.69,716,1742597.53,84,1.4271,1
32258.59,32,Female,6537.24,3929.56,584,1591440.72,84,1.1692,1
45698.12,31,Female,15333.39,626.11,670,1918793.53,24,2.3062,1
57171.24,26,Female,11947.85,731.68,631,1446001.19,48,0.8755,1
37711.35,32,Male,13061.37,10020.84,659,482000.26,36,1.0305,1
96384.56,47,Female,11008.06,18633.97,703,866117.11,24,0.7264,0
60598.99,61,Female,16934.84,16619.72,671,1439067.67,84,0.9603,1
49997.26,45,Male,12262.03,12205.53,664,143602.77,48,0.5636,0
25000.0,23,Male,5628.37,7940.68,707,1149641.69,24,2.6861,1
25389.53,23,Other,8701.29,7871.73,688,1913926.91,84,1.9435,1
56415.8,40,Male,7470.16,15565.94,732,494161.61,60,0.5988,0
25000.0,48,Other,8099.99,4157.91,692,254941.48,36,0.8242,1
81333.94,43,Male,22188.72,8771.4,618,2106469.94,24,1.5878,1
45293.69,23,Other,7462.09,8037.79,652,1581457.28,12,3.4281,1
248089.91,44,Male,80732.74,43595.61,698,523789.53,36,0.5703,0
155431.15,60,Female,32224.56,33199.54,690,2035131.95,60,0.7056,0
44769.19,26,Female,13589.99,2916.0,628,1679510.73,60,1.1844,1
46482.51,40,Male,9166.78,10666.2,763,901886.25,48,0.9281,0
80643.28,31,Female,25219.79,12887.63,740,1002871.05,84,0.6855,0
114873.44,52,Female,29770.29,24935.77,680,474131.59,12,0.841,0
25000.0,47,Male,3381.54,2096.54,709,2104613.43,24,4.1428,1
25000.0,41,Male,6560.39,3800.96,650,1321615.96,48,1.7808,1
35917.6,33,Female,5309.92,2642.47,775,1436845.78,60,1.0912,1
65602.48,42,Male,13316.03,20097.77,850,2220380.6,24,2.0868,1
62845.64,55,Male,8960.15,10733.18,678,137993.48,60,0.3611,0
83690.92,42,Other,8829.73,6590.12,799,260615.35,60,0.252,0
26907.26,48,Male,4116.05,388.08,664,487789.56,12,1.7696,1
25000.0,41,Male,5852.33,5912.71,685,172090.75,36,0.696,0
75282.81,38,Male,16591.6,5655.67,813,1679574.78,24,1.3353,1
32399.62,51,Female,7302.04,11221.73,712,1621310.72,12,4.9944,1
25000.0,57,Male,4048.04,4669.88,764,605924.57,84,0.7637,0
52708.49,41,Male,14299.3,5331.04,702,458575.47,60,0.5616,0
72881.33,34,Male,20120.05,16776.34,602,449643.28,60,0.6404,1
46118.59,45,Male,8739.1,4442.46,850,2387779.39,12,4.8618,1
38990.6,47,Female,12488.4,11194.04,705,1764410.87,84,1.3822,1
45266.34,60,Male,11814.78,4883.45,730,1505029.19,24,1.9185,1
40729.53,43,Female,11333.39,14087.8,672,873968.49,60,1.0907,1
25000.0,51,Female,4233.37,5295.02,770,1139303.67,84,1.1614,1
34291.74,49,Female,3434.42,10134.71,765,314574.11,24,0.8233,0
63617.25,50,Female,20124.93,1621.31,618,2495564.53,12,3.8088,1
57574.74,46,Male,17595.19,7018.64,731,1912205.11,60,1.1496,1
53318.03,40,Female,6973.89,13762.48,777,1591487.58,48,1.1604,1
29804.83,58,Female,5768.02,6833.37,798,1510641.27,48,1.7328,1
44767.98,39,Other,11878.5,3043.56,762,1310354.49,60,0.9697,1
25000.0,47,Female,6575.69,3116.78,767,717825.83,36,1.3277,1
53596.46,45,Female,16887.58,4941.87,684,643336.97,60,0.6683,0
100150.45,60,Female,13527.03,21500.25,640,1418877.9,60,0.6578,0
25000.0,58,Female,5187.12,3014.97,699,268481.95,60,0.5616,0
36571.93,43,Female,4546.11,3955.95,638,278729.92,12,0.9061,1
57788.98,49,Female,11407.48,4194.46,671,1445952.65,60,0.814,0
91713.17,35,Male,9517.71,13129.61,670,2307548.92,60,0.794,0
39178.67,23,Female,12716.15,2680.84,658,2294252.44,12,5.5685,1
34678.49,30,Female,8037.12,11683.16,754,125987.92,60,0.6477,0
25000.0,35,Male,7811.26,1351.89,654,357746.12,48,0.7364,1
51622.82,36,Female,5935.39,16501.58,839,1499386.47,48,1.1853,0
136085.42,37,Male,21346.97,20408.13,784,2136341.73,84,0.5756,0
56312.92,39,Male,9282.9,7447.56,797,2390677.81,60,1.2201,1
48477.76,31,Female,9534.26,3924.85,675,2165397.34,12,4.2255,1
57586.37,25,Male,17317.18,12813.81,733,1726271.52,60,1.175,1
48749.68,25,Female,9586.11,11696.75,652,581260.19,60,0.6958,0
32646.5,34,Female,4934.95,5342.59,734,274291.54,84,0.4587,0
73986.65,46,Male,8600.77,1442.55,605,214037.88,24,0.2706,0
54878.71,28,Male,6578.47,17642.33,789,1568984.28,84,0.9309,0
49454.42,25,Male,14342.36,16968.56,678,186852.65,36,0.7568,0
30101.1,27,Male,6357.37,4541.21,739,1874175.9,12,5.8649,1
94066.19,36,Female,26483.89,20203.66,751,1809929.77,36,1.1263,1
68346.89,34,Male,18492.74,10771.78,683,291065.98,24,0.6267,0
37180.5,57,Male,4976.26,4188.68,668,2275893.68,36,2.2505,1
80895.42,61,Other,10979.29,2189.16,712,1352630.29,60,0.5263,0
38223.84,24,Male,11040.4,6101.43,772,2270652.56,48,1.9838,1
33156.64,56,Male,9294.37,9497.21,710,2263864.13,12,6.6013,1
33528.41,37,Female,6521.53,199.86,759,572881.75,12,1.7106,1
25000.0,56,Male,2983.89,5093.44,771,1013386.31,60,1.2044,1
62054.68,26,Female,6393.15,19129.61,707,423103.2,84,0.528,0
25000.0,36,Female,4300.98,1903.56,712,1959947.22,36,2.8148,1
26523.28,49,Male,2713.48,1701.19,729,1309899.8,12,4.5313,1
25000.0,56,Female,3937.95,6757.42,794,2329138.18,84,2.023,1
46955.95,58,Other,9620.11,4192.24,697,599716.52,24,0.8894,1
45471.44,57,Female,5927.38,3055.43,793,1752082.39,24,1.9934,1
41633.15,30,Male,5248.67,5507.91,736,2474168.39,36,2.204,1
29106.34,61,Female,9433.64,3998.5,672,1696915.03,24,3.1787,1
27279.29,56,Female,6720.73,8345.7,717,265057.44,48,0.8034,1
61832.53,49,Female,20628.19,13383.97,647,1512218.44,60,1.0818,1
37224.56,34,Male,6940.76,5289.11,632,531622.6,12,1.5908,1
57421.79,24,Female,15462.9,10739.93,759,173206.67,84,0.508,0
31488.44,56,Male,4760.2,10513.61,771,903905.67,60,1.1092,1
53665.81,33,Female,13662.51,2126.52,717,738649.8,36,0.7448,0
94055.38,38,Female,12452.6,6837.87,723,1993050.16,60,0.6658,0
65715.03,53,Female,6605.69,22138.41,682,996833.3,12,1.7781,1
39886.5,41,Female,13277.53,13364.52,731,1859101.07,84,1.466,1
55748.15,36,Male,13308.4,3456.83,848,138973.58,12,0.5211,0
43463.09,35,Male,14418.24,2207.41,785,135549.12,36,0.4846,0
49214.33,25,Female,9028.76,7253.2,715,170352.3,12,0.6368,0
41655.74,26,Male,7579.12,724.87,709,626460.26,24,0.9003,1
45153.92,58,Male,9038.18,10350.01,695,997570.68,84,0.8077,0
54504.94,23,Female,15071.18,1478.37,628,1558829.93,84,0.7933,1
29831.51,32,Female,7202.88,605.89,688,2466193.33,60,2.0592,1
29497.49,56,Male,9773.66,5009.13,763,950582.96,48,1.334,1
25000.0,53,Female,2659.01,8380.63,659,233581.38,48,0.6831,0
25000.0,56,Female,6926.22,3734.46,701,567760.39,48,1.0134,1
26671.71,53,Female,4869.77,3327.79,647,2254844.4,36,3.0751,1
53089.33,51,Male,7701.05,18543.3,771,1778510.06,48,1.3602,1
31369.97,41,Female,7139.77,5840.75,637,1996481.98,84,1.5035,1
63373.89,47,Female,14339.35,8323.18,758,398003.69,84,0.4651,0
49879.08,47,Female,6696.4,6736.23,786,423968.77,60,0.4541,0
25000.0,28,Female,3761.85,1705.9,698,369390.42,12,1.5246,1
68015.29,57,Female,13741.89,12193.65,675,2157205.99,24,1.8596,1
73526.36,52,Male,14867.24,11293.6,750,603922.26,48,0.5681,0
29824.0,46,Female,5350.11,2826.67,824,1643564.19,48,1.6985,1
60481.68,22,Male,8294.23,3398.41,807,1338799.28,48,0.7654,0
31944.36,32,Female,3229.36,3479.81,715,1406535.79,24,2.2622,1
51474.16,42,Male,17632.92,9164.42,662,569044.86,60,0.761,1
26049.42,37,Male,8749.34,531.84,704,1624590.62,48,1.9682,1
25000.0,27,Female,5522.81,1345.26,610,203441.28,12,0.9939,1
40481.14,24,Male,14118.32,13426.79,683,2484333.46,36,2.6896,1
46080.06,57,Male,12368.51,8755.18,749,164221.38,24,0.6245,0
40181.43,58,Male,4709.84,892.32,696,220375.7,60,0.2587,0
27118.86,52,Female,3509.98,6578.51,680,879153.81,84,0.9271,1
40136.86,31,Other,13206.14,868.2,716,2095900.85,12,4.9658,1
56086.33,21,Male,14442.96,14504.26,702,717254.11,24,1.1122,1
47932.71,45,Other,14897.29,12581.71,769,1232644.03,84,1.0136,1
53704.42,44,Male,17430.7,12238.04,633,143145.59,24,0.6767,0
35064.43,37,Male,7433.15,8986.02,754,289310.36,36,0.7384,0
88067.51,28,Male,9875.14,2711.42,717,1559118.52,36,0.7225,0
27225.61,47,Male,4004.07,6925.47,748,566460.33,84,0.7577,1
62553.67,38,Other,7296.45,2992.62,629,1766210.95,84,0.6479,1
88516.61,47,Female,13028.31,10518.17,777,1984938.82,60,0.7536,0
62345.95,42,Male,12633.36,20571.72,755,2140802.08,48,1.4201,1
44299.91,36,Female,5739.02,7797.07,828,421118.41,84,0.4683,0
37641.09,22,Male,5333.11,12745.24,665,1193220.52,36,1.5181,1
82293.21,25,Female,17401.35,2561.2,681,2372995.48,60,0.8695,0
25000.0,38,Female,4626.07,4178.62,604,1953000.5,24,3.9932,1
30180.09,23,Male,6546.5,659.16,666,380704.92,48,0.5648,0
40183.88,47,Female,8329.84,8863.5,813,1306000.59,12,3.3003,1
91019.3,37,Male,23766.92,2507.35,739,2313713.4,24,1.4734,1
59271.5,36,Male,19814.31,3638.01,672,1156093.13,60,0.8198,1
30211.48,26,Female,3835.83,2736.88,728,2109802.26,12,6.3896,1
41975.7,27,Female,5239.2,11000.17,715,1290024.93,24,1.8193,1
36056.36,34,Male,11292.91,2069.16,595,356348.03,36,0.6941,1
34375.71,58,Female,7789.51,10186.25,607,454851.82,60,0.8106,1
79973.03,60,Male,23320.24,3692.07,791,212021.81,12,0.5721,0
25000.0,35,Other,3846.39,308.39,767,568755.38,84,0.5557,0
109577.84,53,Female,33664.03,15150.88,623,2244673.84,36,1.1161,1
74169.99,47,Female,24547.42,25425.81,711,1660475.31,84,1.0571,0
84578.12,49,Male,21894.8,3266.39,673,1873256.64,84,0.6767,0
38891.47,57,Male,4918.59,1384.59,790,1591987.5,12,3.7799,1
45480.08,25,Female,14727.53,11957.09,749,1027694.3,48,1.1708,1
25000.0,49,Female,7453.05,2731.41,648,620466.72,48,1.0488,1
37709.56,52,Male,10849.77,9466.93,727,2321475.0,60,1.8773,1
62744.58,26,Other,6850.58,4392.35,717,1335591.48,12,2.0605,1
93716.69,22,Female,28090.7,15090.75,717,1254639.71,48,0.8068,0
28181.52,26,Female,3790.07,2616.69,686,2490649.81,24,4.3465,1
40833.05,24,Other,6353.48,6453.05,721,1021431.97,24,1.4795,1
45449.2,49,Male,11102.5,12234.2,664,2149900.76,48,1.736,1
25000.0,45,Male,4156.13,6667.59,642,2169625.74,84,1.9189,1
65885.56,29,Male,17481.88,11893.68,638,658408.5,84,0.617,0
34132.48,23,Other,8601.99,11090.67,651,327615.26,48,0.825,1
44458.21,46,Male,5647.85,4104.58,747,2441488.28,60,1.4134,1
39105.77,47,Male,10324.07,3289.15,749,1122152.47,84,0.8394,0
33035.26,56,Male,10934.3,7097.04,814,105328.77,60,0.6151,0
48848.43,52,Male,6852.33,10622.28,705,1297642.8,24,1.5959,1
44011.01,21,Female,10970.43,716.9,765,1586320.87,36,1.4456,1
40703.57,36,Female,7549.14,8658.55,723,1962611.79,12,4.6597,1
34056.26,31,Male,7318.79,4463.16,739,2363061.08,36,2.6176,1
57512.77,46,Female,9877.82,15045.62,772,2296409.51,60,1.3015,1
112062.12,60,Male,21127.37,31695.31,757,2356325.97,84,0.8314,0
52572.25,21,Female,5637.21,10159.79,727,177100.36,36,0.4108,0
80664.92,46,Male,27860.69,48.14,680,1808257.92,60,0.8334,0
25000.0,48,Female,6405.0,5568.2,737,642059.11,36,1.3197,1
53044.2,29,Male,11944.3,13903.33,808,550126.45,24,0.9707,0
28319.78,42,Male,5548.66,2467.9,731,2020764.56,60,1.8345,1
25000.0,28,Female,5871.09,4065.65,694,1101111.25,24,2.4503,1
33870.99,47,Male,6605.74,11448.54,773,2299840.18,36,2.756,1
88960.67,59,Female,16900.48,9282.2,629,201844.22,48,0.353,0
78826.77,39,Female,17025.53,6156.66,696,2025233.99,48,0.9581,1
55353.9,45,Female,9354.57,4085.07,656,428402.59,12,0.9268,1
25000.0,58,Female,3625.31,4889.51,712,523785.28,48,0.8821,1
44438.42,41,Other,10627.51,14772.46,801,1245644.12,12,3.049,1
57002.48,44,Female,17710.18,12143.9,761,1049415.86,36,1.1265,1
53517.72,44,Male,7396.53,5681.61,598,1266813.53,12,2.3364,1
25000.0,39,Female,2704.59,5587.49,679,2356063.65,12,8.661,1
31408.73,22,Male,5078.88,6868.93,622,1677733.45,12,5.1014,1
47475.12,34,Female,16375.6,9918.68,788,796742.52,24,1.336,1
64096.53,52,Male,19689.78,3576.53,682,514980.91,12,1.0731,1
25000.0,52,Male,6224.16,5552.46,724,1108111.06,84,1.23,1
45203.87,48,Male,15021.8,6805.78,728,1183938.47,60,1.0523,1
52655.42,59,Female,11127.13,342.64,733,1543106.58,36,1.1773,1
74967.2,60,Male,25925.17,14162.62,531,738406.49,24,0.9938,1
69315.84,60,Female,12066.19,24000.15,743,1942022.19,60,1.1295,1
65597.03,33,Female,10500.54,8029.66,684,336304.59,36,0.4503,0
32860.6,32,Female,8527.72,11105.1,774,1445088.07,24,2.6471,1
25000.0,28,Female,4863.46,841.8,733,1596475.97,36,2.3189,1
40274.49,35,Male,10334.09,10324.67,761,596395.79,48,0.8957,0
80887.61,46,Male,14256.35,3236.76,672,2082427.24,36,1.0591,1
98393.23,32,Female,25039.07,9421.16,646,1577037.1,48,0.7645,0
69931.72,47,Female,11814.02,13971.96,777,1649733.32,48,0.9784,0
60758.99,38,Female,6850.15,12605.84,756,1294584.41,84,0.685,0
59267.7,56,Male,19441.82,16080.75,734,2283026.12,36,1.8605,1
37121.09,47,Male,11908.49,7994.36,734,1765426.2,48,1.7653,1
45934.41,29,Female,15741.7,9543.57,747,1016405.36,84,0.9293,0
112931.28,59,Male,31522.71,36061.62,636,672654.13,24,0.8761,1
30598.95,21,Male,8282.53,4842.48,789,270548.02,48,0.6575,0
109906.95,27,Male,26350.28,8665.4,709,496866.01,12,0.7181,0
41730.43,46,Male,5486.95,2363.03,711,2482439.09,24,2.9607,1
95103.02,27,Male,14009.52,13314.24,692,1076240.55,84,0.4811,0
25000.0,27,Male,4309.19,6236.59,559,2256849.35,24,4.6293,1
65706.43,28,Female,21192.89,978.38,757,509366.46,24,0.6987,0
33915.08,36,Female,4858.08,1531.9,655,1120866.09,12,3.1094,1
25000.0,23,Female,8267.96,928.49,727,2405244.32,12,8.871,1
54680.75,30,Male,12614.65,11200.67,666,318717.4,12,0.9507,1
81205.31,27,Male,22647.54,6902.66,697,1525562.28,12,2.0243,1
32129.48,41,Female,4098.47,1869.64,694,2306012.56,84,1.4147,1
25000.0,57,Female,4181.46,5186.74,665,2379240.1,12,8.786,1
46820.56,51,Male,15901.65,12475.73,705,2130417.95,84,1.3852,1
46923.9,43,Male,7814.59,5455.1,688,2154242.64,84,1.0689,1
64483.19,47,Male,11228.49,13049.57,652,1665239.09,60,0.938,0
78810.17,42,Male,11774.19,2706.62,796,629015.46,60,0.3573,0
47585.93,59,Male,6294.12,15575.68,667,1853628.51,12,3.9023,1
123964.64,47,Female,19625.39,14617.13,756,2448122.71,84,0.6144,0
54836.83,24,Female,14289.48,19145.02,763,1362240.44,24,1.7675,1
41224.45,44,Female,8815.52,14119.61,780,725673.66,48,1.0113,1
25000.0,43,Male,5960.97,6814.71,684,1476330.56,48,2.0373,1
42987.74,39,Female,5613.82,301.92,707,1757464.85,60,1.0265,1
41431.91,23,Male,12451.49,7881.02,709,599872.74,12,1.7704,1
79233.34,47,Male,23454.94,2408.12,754,1826054.43,36,1.0809,1
61774.25,23,Female,6510.85,19353.77,704,1509838.86,48,1.0504,1
27182.14,48,Male,5324.4,7512.4,749,1569639.78,84,1.461,1
53429.97,37,Female,6261.6,18183.24,703,834371.03,84,0.7249,0
68580.64,51,Female,20438.84,14603.15,792,472640.34,48,0.6891,0
105241.78,30,Male,29922.07,19234.04,719,1596279.75,24,1.174,1
76401.07,42,Female,24868.32,13877.56,711,1506959.17,48,1.0169,1
71712.71,50,Male,11409.56,9699.64,742,911229.25,60,0.5706,0
50515.88,41,Male,10814.13,8286.7,826,810144.8,12,1.7955,1
59525.26,56,Male,8697.95,13238.08,680,933386.71,12,1.7544,1
91560.25,43,Male,17653.61,29897.32,787,1275720.01,84,0.7579,0
25175.12,58,Female,5804.4,5250.51,666,2439567.36,48,2.9437,1
41162.39,32,Male,4665.05,12348.33,722,1932555.09,36,1.9504,1
33313.42,45,Female,9285.04,10059.75,668,2144175.37,60,1.9801,1
59253.29,40,Female,13973.31,10759.89,695,1313558.97,84,0.797,0
90681.72,27,Female,27861.03,11028.2,675,1362696.67,48,0.8172,0
36370.48,49,Female,6108.25,8141.56,765,590379.19,60,0.7447,0
25000.0,49,Male,8145.76,3901.43,687,1830510.01,36,2.879,1
39890.35,33,Female,13948.6,1137.05,754,1111801.61,84,0.8554,1
77399.6,23,Male,25528.29,10234.8,685,1881872.46,60,0.9907,1
64139.45,22,Female,18887.34,22315.74,719,1081732.92,84,0.9312,0
60723.93,36,Male,18404.95,1031.04,814,360441.25,60,0.4491,0
42616.78,50,Other,10374.46,10391.4,671,515328.85,60,0.7502,0
25860.83,58,Female,3815.47,7613.84,672,2047768.19,84,1.7978,1
63427.14,26,Male,17078.4,14401.39,703,720679.57,12,1.5005,1
32301.18,27,Female,8985.81,6441.24,718,734450.61,36,1.222,1
146100.26,25,Female,50601.28,36180.86,760,2330483.42,84,0.8671,0
65202.53,27,Male,15343.81,9797.98,722,1678325.49,12,2.6606,1
36668.59,54,Male,6154.54,1172.54,735,374338.13,24,0.6756,0
36109.36,52,Female,9782.68,12162.72,644,444604.65,48,0.926,1
46794.82,33,Female,16136.91,7080.3,739,753681.84,84,0.7719,0
43488.38,50,Female,6275.52,10127.84,741,1525589.65,12,3.4777,1
85683.61,45,Male,15551.53,15933.61,763,1906781.13,84,0.7485,0
53809.65,41,Male,12670.57,1029.68,698,758791.46,84,0.4961,0
34002.32,41,Male,4847.16,11338.46,719,2189540.89,84,1.5786,1
126149.17,48,Male,13315.7,34992.27,765,362032.43,60,0.4453,0
50244.39,40,Male,9257.32,2621.97,651,598238.0,24,0.7914,0
71999.89,54,Male,22776.64,24737.51,603,2429115.81,36,1.7645,1
36166.43,25,Male,4009.67,9327.88,647,423387.67,36,0.752,1
58780.05,38,Male,12181.12,9717.08,678,2231467.14,84,1.0226,1
57271.31,59,Male,16640.19,12254.89,789,1789444.18,12,3.266,1
25000.0,31,Male,8457.39,933.95,850,275409.02,84,0.5643,0
134273.97,37,Male,46508.32,26337.04,660,1260896.39,60,0.7467,0
93463.12,42,Male,19205.96,2409.61,714,1345550.45,60,0.5443,0
40191.16,57,Female,13568.38,7664.43,685,2337135.12,84,1.524,1
28250.46,40,Female,3075.2,5464.87,751,1110651.02,36,1.5894,1
58324.69,26,Other,16708.81,17850.48,738,1172232.68,60,1.0295,1
51192.53,54,Female,13345.2,12991.13,663,369961.01,48,0.7012,0
58561.6,34,Male,9509.26,5114.97,679,1634014.15,12,2.7158,1
53948.69,43,Female,12237.16,16775.3,710,606152.74,12,1.5308,1
63140.68,40,Female,8359.1,12668.23,799,286079.82,60,0.4315,0
101078.51,33,Female,32132.79,21452.18,677,2492605.6,36,1.3375,1
65124.21,61,Female,12339.38,3851.67,619,747111.11,84,0.445,0
29003.51,52,Female,7439.72,8707.46,804,438527.6,48,0.9475,1
96885.14,46,Male,13534.28,31568.84,752,1778776.9,48,0.94,0
111335.93,34,Male,16871.98,30199.51,644,2072037.17,84,0.7414,0
237050.47,56,Other,82490.98,78052.04,739,253785.98,48,0.7049,0
27952.25,28,Female,8057.84,2957.49,772,352943.94,24,0.9826,1
55350.5,60,Male,18846.46,16682.18,726,316417.18,60,0.7662,0
25000.0,42,Male,4349.07,4277.82,808,212702.33,48,0.565,0
64639.09,42,Male,9123.21,3708.41,756,1682695.55,60,0.7645,0
37268.35,36,Male,8413.97,8723.78,739,1511951.66,36,1.788,1
128248.22,47,Female,28684.9,30708.02,733,1690735.98,36,0.8947,0
33279.36,30,Female,4783.46,3342.03,728,1313601.19,84,0.92,1
25000.0,45,Female,7082.62,240.57,777,2062018.44,36,2.9932,1
38729.94,51,Female,7375.9,2709.03,710,1412003.93,24,1.9596,1
25000.0,41,Male,3664.78,3498.05,781,2304992.64,36,3.305,1
71364.06,47,Female,13059.33,4185.29,740,1265556.48,60,0.6272,0
25000.0,37,Male,6022.87,1697.76,726,1997580.79,12,7.3708,1
49723.29,53,Male,14002.96,6811.43,699,1077664.85,12,2.3341,1
25000.0,51,Other,5511.82,8415.63,700,1144537.35,60,1.5525,1
41766.55,46,Male,9664.73,11171.94,740,2137580.91,12,5.0222,1
111489.88,41,Female,15021.75,12477.05,785,358383.6,48,0.3297,0
58707.57,56,Male,19295.58,19553.23,752,1455802.61,12,2.8534,1
31832.82,21,Female,10574.26,7193.47,673,1843207.52,24,3.2569,1
48261.93,24,Male,13072.06,7693.31,616,1901009.48,36,1.7198,1
49464.4,24,Male,5164.47,8107.47,768,1519584.47,12,2.9835,1
62088.44,46,Male,14545.37,8925.87,850,1175354.76,12,2.0511,1
25000.0,24,Female,6432.62,2038.68,702,725877.87,84,0.836,1
65925.7,29,Male,22985.89,8921.15,689,2282622.96,24,2.0977,1
25000.0,50,Female,8725.42,4619.09,773,987491.07,84,1.2101,1
35776.9,24,Female,11248.36,6611.91,664,2017581.01,24,3.1276,1
38401.93,25,Male,4453.0,10238.26,817,175997.47,12,0.7876,0
67283.04,43,Female,22763.14,8449.35,746,657206.12,48,0.7164,0
49578.64,36,Other,12551.59,12438.26,718,929403.5,12,2.1609,1
25000.0,42,Female,7505.54,5058.3,669,1711777.75,48,2.2722,1
29956.55,57,Male,6045.18,10084.75,777,866393.94,84,1.0337,1
54140.62,28,Male,9740.84,7300.85,691,199273.12,36,0.4353,0
47120.64,53,Male,10169.15,14863.06,766,517282.04,60,0.7699,0
36696.55,58,Male,5017.1,10540.16,745,721996.85,36,1.0681,1
38545.06,36,Male,7295.29,8602.58,803,522513.95,12,1.6105,1
69430.67,25,Female,21829.31,15905.18,730,588938.94,12,1.2932,1
37841.2,36,Male,4143.14,1121.14,850,1945496.66,48,1.4679,1
46908.51,27,Female,6460.22,15600.77,756,1088880.75,24,1.5522,1
145069.51,21,Female,19044.59,5429.61,729,1072430.19,84,0.2953,0
25000.0,29,Female,5019.22,4928.29,694,2419855.21,84,2.0553,1
25000.0,38,Male,8731.17,2888.12,776,1172084.41,84,1.2675,1
72532.85,23,Male,10396.82,10912.44,696,2326379.52,48,1.1227,1
34915.23,44,Male,4761.41,7456.64,669,817751.44,24,1.4415,1
41809.6,48,Male,13745.49,13299.55,689,1061503.02,24,1.8302,1
33170.69,30,Female,10631.62,5312.24,707,1051080.05,24,1.9575,1
43049.24,29,Male,4651.91,14882.35,850,1410589.2,24,1.981,1
109018.08,33,Female,31389.19,22619.53,739,1502193.5,12,1.7132,1
73208.31,55,Male,19317.22,4113.86,677,695500.07,60,0.5266,0
75441.42,43,Female,22024.01,5017.1,790,2004602.2,84,0.8134,0
25000.0,37,Male,5590.64,6265.97,732,1291662.29,60,1.5976,1
27568.34,27,Female,9589.5,486.28,804,116904.53,36,0.5043,0
25000.0,36,Female,2774.04,4202.99,844,1519217.52,36,2.2686,1
32705.86,60,Female,5186.92,1696.67,623,2015342.66,36,2.2278,1
79090.78,56,Female,15749.86,11992.26,565,701120.17,48,0.5799,0
63479.56,40,Female,13485.88,16661.55,849,190890.42,36,0.5734,0
43881.29,44,Female,14495.83,7046.66,675,2037228.77,84,1.2859,1
48477.25,25,Male,11634.59,2773.28,609,2443064.12,36,1.9471,1
34736.88,26,Male,3865.44,3062.89,685,283752.68,36,0.4669,0
54305.43,48,Male,10967.84,6985.79,657,2351288.34,12,4.1573,1
71893.36,25,Male,14675.06,1750.35,669,962258.59,36,0.6667,0
25000.0,59,Male,8534.32,5112.95,775,2359455.06,60,2.5979,1
56944.01,58,Male,14224.57,12108.39,696,1657214.38,12,3.0346,1
78136.88,22,Male,20230.64,1699.73,614,2236586.35,24,1.6148,1
39832.95,59,Female,11086.04,5608.84,722,1985999.26,48,1.7077,1
69588.2,41,Male,20355.23,10083.35,664,167194.58,12,0.6498,0
200251.07,60,Female,51817.52,23396.7,703,257062.01,12,0.4891,0
46528.89,57,Male,7411.99,9082.85,707,1361787.05,60,0.9909,1
59674.11,38,Male,19006.89,7225.65,774,411085.65,84,0.5576,0
33893.26,32,Female,9592.81,4939.71,687,1206482.17,84,1.0383,1
53670.86,37,Male,15321.29,14981.32,765,2391112.72,36,2.0232,1
61705.96,57,Female,21543.97,3501.09,616,807417.49,24,1.0157,1
54036.83,58,Female,16245.18,11709.25,778,1273390.51,60,1.0297,1
29441.26,35,Female,9046.94,5209.87,804,1022223.11,60,1.2392,1
54348.97,27,Male,18361.87,5803.11,705,1611584.71,12,3.0654,1
101833.86,34,Male,14031.03,25930.68,666,565227.83,24,0.6511,0
61348.0,21,Male,13768.45,11835.01,649,723854.3,60,0.6739,1
79300.01,58,Female,19439.74,13249.17,718,2161042.84,84,0.8788,0
43542.56,23,Male,7938.63,10175.21,799,2047206.94,48,1.6312,1
71321.29,57,Male,22098.96,20027.13,692,1994055.25,48,1.3133,1
56366.7,51,Female,16380.44,19189.15,792,1950207.06,60,1.3833,1
30471.42,33,Male,8538.73,6712.02,645,1202649.98,12,3.9888,1
57483.92,38,Female,20078.41,17593.18,697,1849337.85,48,1.4868,1
29856.32,37,Female,4921.67,11.41,717,1029291.56,12,3.2122,1
35723.35,37,Male,10140.58,6629.63,734,341702.99,36,0.7826,0
53888.06,31,Male,12817.33,4048.43,698,1044099.14,36,0.9473,1
56875.62,40,Female,10137.93,1875.04,801,480791.31,12,0.9583,0
27048.42,30,Female,3790.75,5036.14,802,1038044.03,60,1.1608,1
83032.96,49,Female,26900.27,21703.92,708,813820.52,36,0.9062,0
65251.42,54,Female,16238.72,9415.48,686,1537985.6,84,0.7967,0
34462.8,37,Female,10553.66,8082.82,680,967697.0,36,1.4601,1
25000.0,33,Female,5908.41,4285.04,787,1793415.19,84,1.636,1
45594.74,59,Male,7066.92,6975.09,676,1329152.03,48,1.0614,1
39223.37,47,Female,7232.29,3984.7,625,2306781.47,60,1.5647,1
51873.86,46,Male,10135.36,6946.31,634,318461.04,12,0.8719,1
40881.86,48,Male,14032.03,5005.1,763,1750502.05,36,1.8675,1
25000.0,33,Female,2535.21,5654.14,631,1713752.51,60,1.818,1
40369.37,32,Female,13984.62,1639.26,694,2381503.71,36,2.3184,1
42074.22,48,Male,14520.46,1364.16,726,991724.48,48,0.9867,1
67294.28,22,Female,23488.24,15545.28,610,833051.13,60,0.8492,1
34575.48,57,Female,7577.12,6610.98,731,513744.27,24,1.1029,1
113474.94,54,Female,38689.54,17085.93,698,736692.44,48,0.6593,0
25000.0,43,Male,4972.49,1333.88,596,1304537.85,12,4.8641,1
94427.13,49,Male,10063.44,13584.24,732,2110511.11,60,0.7364,0
43819.78,55,Other,6839.69,12112.05,745,782287.85,84,0.7382,1
75341.96,31,Male,25339.31,23459.03,732,478581.08,36,0.8557,0
51016.31,53,Female,5277.19,12545.0,752,753108.33,84,0.6021,0
86662.61,31,Female,20495.58,1817.25,736,342224.74,60,0.3433,0
40389.25,29,Female,4802.3,9477.07,767,2324069.0,12,5.4392,1
28302.06,34,Female,4856.61,2387.14,658,2194297.96,84,1.5835,1
99733.02,29,Female,12169.74,11004.34,629,840380.12,84,0.3766,0
46316.78,59,Female,14584.33,3175.28,644,692770.76,84,0.6395,0
54763.5,23,Female,13568.63,14869.09,667,2272953.55,60,1.4217,1
90887.34,49,Female,29586.25,20632.4,850,104252.68,36,0.5901,0
29261.34,39,Female,7961.67,6266.09,667,1541386.07,84,1.3882,1
66022.14,56,Other,22629.57,15435.34,686,2298409.03,48,1.4763,1
36499.46,52,Male,8302.51,3024.72,704,1320537.97,48,1.2454,1
45886.0,27,Other,11915.57,7141.03,696,107120.7,36,0.4917,0
50824.79,48,Female,12405.17,11264.75,837,625291.43,24,1.0391,1
25000.0,38,Male,5526.63,5570.2,607,2313859.83,24,4.7576,1
33209.18,25,Female,10344.32,9203.86,850,140853.82,48,0.6983,0
96330.13,43,Female,25154.81,9679.87,729,1047471.44,84,0.5478,0
76350.94,42,Female,22930.33,20585.56,782,1995387.34,12,2.8797,1
47509.27,46,Male,14090.82,7319.5,721,2111418.38,60,1.4169,1
55357.18,32,Other,8179.65,12984.61,772,1246259.04,36,1.1194,1
42314.23,60,Female,11109.22,6749.2,658,657961.0,12,1.7963,1
96595.91,39,Female,14480.89,32071.15,631,1539291.32,84,0.7548,0
44348.04,21,Female,10902.08,2783.1,850,733067.28,60,0.668,0
55045.81,23,Female,14827.07,13004.67,844,712634.22,48,0.8402,0
86943.61,47,Female,30370.17,17544.11,651,2038239.43,36,1.3186,1
33233.52,38,Female,3577.11,2009.16,766,470238.0,12,1.4186,1
106872.8,50,Male,13125.11,2469.0,795,113251.55,60,0.169,0
25000.0,22,Female,2981.42,6992.51,762,908260.52,48,1.3379,1
110726.79,25,Female,22099.99,6101.93,706,1278337.49,48,0.5531,0
40686.93,49,Female,12425.67,2655.93,850,1792192.94,60,1.3284,1
43418.92,53,Female,13503.9,14868.9,764,1974676.62,24,2.7732,1
25000.0,40,Other,7106.12,6276.03,659,1692446.11,24,3.6905,1
39050.18,50,Female,12660.83,3423.54,694,1603621.31,60,1.3048,1
29146.69,25,Male,5267.24,6028.47,650,1697796.93,60,1.654,1
36176.93,41,Male,4414.98,6762.88,713,751663.64,60,0.7607,0
45768.19,35,Other,5242.21,13527.5,710,1017667.18,48,0.9848,1
79133.83,40,Male,24771.52,20199.88,769,1579447.6,84,0.91,0
54382.72,28,Male,15369.05,15830.94,768,257369.58,84,0.6547,0
57173.07,51,Male,15702.8,4232.37,745,808780.84,36,0.8118,0
28345.97,32,Female,5241.71,6351.67,743,1075405.47,48,1.3895,1
31559.28,41,Male,6153.31,444.49,787,1380257.64,48,1.3394,1
120494.88,50,Other,40911.43,2907.45,705,1267557.06,24,0.854,0
33941.7,47,Male,3935.58,8476.41,564,1823516.51,60,1.5338,1
112207.39,46,Other,32925.34,959.04,850,1236224.02,48,0.5867,0
43411.05,53,Male,7701.48,8808.87,660,2269911.96,48,1.7318,1
49076.91,46,Male,5386.86,14435.57,765,1012764.02,60,0.8526,0
83715.76,46,Male,23912.78,11132.49,697,1360892.09,84,0.697,0
92590.91,56,Male,16918.95,1453.14,810,107704.94,36,0.2365,0
46378.61,60,Male,13010.91,11587.54,657,845147.1,24,1.3797,1
40371.46,21,Male,11179.41,13136.48,673,2179775.15,12,5.3743,1
47669.15,35,Male,11140.12,11965.43,687,900583.35,84,0.8082,1
58045.29,21,Male,17085.24,11751.65,756,707647.2,48,0.8119,1
76546.36,31,Male,18773.73,6162.75,734,1404488.71,36,0.9265,0
49124.59,22,Female,8432.69,264.36,756,288952.24,12,0.6969,0
66798.98,21,Female,18939.44,16241.19,728,1375852.32,84,0.8793,0
111210.48,51,Male,27500.68,8992.39,780,828797.92,84,0.4557,0
59317.21,36,Male,6120.46,17816.34,781,1019446.94,60,0.7772,0
57286.85,42,Female,18641.77,9350.79,818,1999276.01,12,3.5731,1
25000.0,38,Female,5910.27,4643.06,742,1688713.64,60,1.8908,1
25000.0,37,Male,7928.92,6596.94,742,1170654.62,84,1.3828,1
59527.15,50,Male,19089.42,16239.05,834,1486039.15,84,1.0209,0
46750.86,30,Male,9875.73,10515.57,797,1940461.01,84,1.1469,1
37896.3,55,Male,8599.24,12447.08,753,1889880.99,36,2.188,1
55368.44,41,Female,11291.76,19035.92,629,544772.11,84,0.7162,0
47562.42,36,Female,10100.32,15762.66,610,822206.13,12,2.0716,1
86153.87,26,Female,27895.48,24852.18,759,935768.63,24,1.1185,0
51177.51,23,Male,15201.56,12639.25,762,550101.5,36,0.8959,1
33743.34,61,Female,4441.68,7833.99,673,129187.49,12,0.7022,0
80425.22,41,Male,20313.56,2920.45,743,517521.45,48,0.4552,0
43977.55,33,Male,15347.14,4178.73,660,2039786.38,12,4.5434,1
63784.68,38,Male,15875.22,126.99,757,1410209.08,12,2.2049,1
38611.08,44,Male,11446.95,1856.94,758,919979.26,24,1.4551,1
35421.94,47,Female,10352.61,5445.43,758,1560026.67,36,1.8879,1
51127.82,24,Male,9590.53,2622.23,741,1875601.9,48,1.187,1
49336.25,42,Female,9520.04,15569.64,700,950626.68,84,0.8385,1
62312.26,44,Female,17510.94,17571.73,706,1218579.62,36,1.2033,1
42859.27,60,Female,9643.16,1074.23,795,254111.72,36,0.4442,0
25000.0,30,Female,6066.07,2178.0,746,1533017.29,48,1.9146,1
39482.51,22,Male,10985.08,11318.65,751,955377.03,48,1.1903,1
72904.76,60,Male,21462.71,20491.06,725,1140456.75,24,1.3046,1
42247.99,26,Female,7092.56,13980.18,762,1114241.48,60,1.0722,1
43339.0,38,Female,5924.37,15131.45,782,1617782.29,24,2.2256,1
80272.97,37,Male,13883.1,27428.83,679,1473916.84,84,0.829,0
34338.19,58,Male,7790.81,4929.19,758,1113054.51,48,1.2082,1
25000.0,43,Female,4638.38,2190.37,705,140692.05,12,0.7705,1
45237.63,50,Male,10951.61,12008.04,740,1590310.28,12,3.6146,1
38480.74,41,Male,4362.42,4030.68,774,2210985.94,36,2.0992,1
30238.67,30,Male,6877.41,8534.57,625,1946923.77,36,2.6176,1
44905.28,33,Female,8621.65,8392.09,649,2455877.52,60,1.568,1
62677.19,32,Male,14645.57,17416.4,677,433780.81,60,0.662,0
48793.66,29,Male,10033.6,4711.42,672,634048.13,60,0.5847,0
57153.19,24,Male,9776.42,10162.38,709,1394241.92,60,0.8793,1
121382.72,59,Male,39574.04,23961.96,830,666116.09,12,1.0085,0
41297.64,44,Other,6037.35,13631.85,796,182919.48,48,0.5908,0
56340.8,54,Female,15231.25,5257.11,682,1065491.86,84,0.6875,0
38001.97,59,Other,12584.78,12458.6,776,790347.36,84,1.0151,1
32106.7,61,Male,7534.4,9044.48,717,733026.03,60,1.0128,1
36590.58,25,Male,11676.13,9360.34,742,2387614.76,24,3.6162,1
38585.07,35,Female,5062.86,10626.51,656,672289.88,84,0.705,1
58673.17,24,Female,13110.36,12432.77,634,410638.17,60,0.5875,0
158663.03,59,Male,33994.56,13554.27,767,400766.22,12,0.5229,0
34268.38,28,Male,3496.39,2272.79,722,2035177.78,36,2.1127,1
39802.59,44,Female,8390.96,12068.92,753,1815635.38,24,2.6401,1
47497.79,48,Male,9131.8,12054.88,823,410766.87,60,0.6341,0
59748.5,47,Female,15979.72,4458.52,704,627407.49,12,1.2701,1
55925.48,21,Other,18711.68,12039.79,705,1893623.22,36,1.6584,1
93157.59,54,Male,11313.78,14592.32,834,759079.35,60,0.4553,0
25000.0,37,Female,4546.73,1388.23,721,2455700.98,12,8.919,1
25000.0,57,Male,5275.4,4653.75,667,1397368.16,12,5.3372,1
38256.2,58,Male,8179.04,3769.45,767,560819.13,48,0.6912,0
84850.83,46,Female,24920.9,2858.24,704,2161140.29,12,2.5785,1
25000.0,44,Male,5271.22,4085.89,666,866741.31,60,1.1281,1
25000.0,59,Female,2669.76,5163.45,725,793137.65,12,3.1173,1
65224.45,41,Male,18101.48,1070.81,773,885858.96,24,0.927,0
55371.96,50,Female,17785.88,7792.63,644,1943673.4,12,3.5643,1
28421.35,33,Female,6493.6,2563.08,643,515711.08,12,1.9224,1
29948.37,57,Female,7345.65,321.28,714,1016285.87,84,0.837,1
30185.84,23,Female,4248.18,1327.63,648,173998.65,24,0.4534,0
51806.33,52,Male,8038.35,2521.0,637,2083903.88,60,1.0784,1
35840.81,55,Female,5691.25,2294.03,720,917725.04,36,1.0611,1
62757.41,39,Female,13033.8,17646.26,791,695615.01,48,0.7753,0
25000.0,34,Male,8300.91,3845.55,771,1491743.78,84,1.5075,1
31938.71,42,Male,7360.15,1644.21,713,1791980.52,36,2.1188,1
27916.5,37,Male,4132.32,979.98,803,2050950.49,60,1.7805,1
43123.77,24,Other,7181.05,4496.91,832,934683.87,60,0.7421,0
37458.02,60,Male,7341.91,10462.23,751,2049522.04,84,1.4122,1
73051.64,39,Female,18687.69,9318.54,696,1215714.4,24,1.159,1
25000.0,57,Male,5250.21,1399.1,821,342741.44,36,0.7148,0
50148.59,22,Other,9935.0,7093.05,818,2131137.96,12,4.0955,1
64806.96,35,Female,15630.28,12595.82,736,1414323.48,24,1.4527,1
124035.58,22,Female,19902.59,1284.32,799,1545926.97,24,0.7517,0
38527.09,31,Female,4612.69,8463.43,669,2349979.05,48,1.9159,1
57654.83,43,Female,6117.38,7972.81,585,1441963.56,24,1.4101,1
25000.0,30,Male,4070.37,85.1,656,113400.47,36,0.3147,0
25000.0,23,Male,3072.45,5896.53,733,2189478.02,60,2.2629,1
74786.09,25,Other,13767.01,18646.84,715,783402.59,84,0.6128,0
48884.71,23,Male,14334.63,10759.23,782,1304240.61,48,1.2029,1
88367.22,58,Female,24660.96,10575.4,623,591727.85,84,0.5134,0
25000.0,33,Female,6318.3,4634.04,624,812760.56,84,0.9948,1
63573.44,39,Other,19906.44,8614.53,769,1747957.24,12,2.8787,1
124792.66,60,Female,21279.26,30601.36,626,1130976.04,36,0.7124,0
60466.99,55,Female,19425.83,12350.57,702,1605113.51,12,2.8716,1
56291.05,44,Male,11247.5,1611.6,721,2076581.66,24,1.9478,1
49230.96,44,Male,9857.19,11081.04,677,917972.85,36,1.0358,1
25000.0,37,Female,5033.45,6013.34,757,1464016.09,84,1.4446,1
96547.12,60,Male,12022.39,12526.58,585,1966210.94,48,0.7806,1
36118.89,30,Other,12420.3,11071.34,839,1816295.66,84,1.5114,1
63085.21,22,Female,8492.95,18613.61,698,1395624.25,48,1.0015,1
25000.0,43,Male,4630.54,1532.71,708,1020120.43,12,3.8529,1
27180.91,26,Female,4887.81,8602.57,850,1078004.75,60,1.3586,1
100462.89,22,Male,11921.92,15501.96,631,1139524.51,84,0.4672,0
41206.4,41,Male,5689.16,10438.09,652,937229.27,48,0.9792,1
101380.67,55,Other,11275.01,28886.8,811,1777781.52,12,1.946,1
47140.35,49,Female,8160.05,8333.91,618,400996.61,60,0.5348,0
25000.0,27,Female,7916.61,3492.14,752,2421889.89,36,3.6279,1
76575.6,49,Female,14155.81,24535.43,680,1969565.2,48,1.17,1
36499.5,57,Male,4778.62,2949.11,614,815591.33,48,0.7892,1
69518.24,43,Female,18173.7,6252.44,754,202114.17,84,0.4011,0
49642.64,53,Female,17332.74,6283.13,756,1807127.61,84,1.099,1
25000.0,28,Female,3952.02,7520.33,720,1862461.71,12,7.0432,1
53217.76,32,Female,9041.31,17486.07,850,2412694.27,48,1.6702,1
146988.79,30,Female,50411.53,11321.62,669,708893.34,12,0.8462,0
62723.61,35,Male,9075.73,18964.77,776,298540.22,48,0.5701,0
47631.1,44,Female,10850.53,4304.47,741,2296323.42,12,4.5791,1
83924.4,46,Female,13420.61,28511.17,783,720757.68,48,0.7216,0
54466.13,59,Male,18142.01,11388.47,687,1831675.47,36,1.6432,1
54435.25,23,Male,18800.86,135.01,629,245583.13,84,0.4251,0
28401.22,22,Female,8624.73,339.27,675,1925403.53,36,2.5351,1
55101.05,26,Female,9846.33,2844.29,715,404862.15,12,0.8797,0
82266.7,41,Male,16525.07,5400.86,764,1769407.24,36,0.9707,0
32272.44,29,Female,5182.19,8670.53,721,1377623.31,12,4.202,1
99932.27,30,Male,32247.09,7791.52,733,2393171.51,84,0.8107,0
46823.8,56,Female,15388.15,15882.61,832,188602.34,12,1.0238,0
31448.77,23,Female,6438.12,7001.73,718,800916.99,84,0.8634,1
80726.0,61,Male,21322.42,19566.46,685,266821.4,24,0.6606,0
42472.11,44,Male,6005.06,3237.89,748,2210074.32,36,1.9212,1
71664.98,42,Male,14958.92,22391.52,608,1525362.77,24,1.5132,1
42366.82,34,Female,10925.33,9902.61,608,1383927.07,84,1.0509,1
47576.15,47,Male,9341.61,14393.78,711,415498.94,84,0.6484,0
62741.61,53,Female,11883.25,21003.91,659,1273677.42,24,1.4703,1
56695.41,42,Male,5683.7,2493.14,680,1056888.77,84,0.4634,0
25000.0,49,Male,7526.83,845.14,780,857804.48,48,1.2217,1
27983.72,39,Female,9020.12,7868.82,754,1953253.49,12,6.7725,1
78018.79,39,Male,26710.97,23650.94,714,247062.5,60,0.7144,0
45886.75,26,Male,12839.93,9375.42,725,1652045.75,24,2.1621,1
37727.12,39,Male,8948.8,4832.85,692,2075183.27,48,1.7869,1
25000.0,33,Male,4183.03,5710.51,775,2277537.48,36,3.3783,1
28570.55,46,Female,9994.69,3056.55,771,1890199.83,60,1.8953,1
25000.0,42,Female,6185.96,2085.87,784,777893.63,84,0.8637,0
46600.18,41,Female,12595.49,7961.68,781,1541217.91,12,3.3642,1
36343.88,56,Female,9834.71,2749.55,723,439368.67,48,0.6587,0
30233.51,22,Male,9412.08,5118.42,674,380945.5,60,0.7546,1
47379.19,50,Male,4852.49,15863.13,709,1632697.94,12,3.4829,1
58805.19,47,Other,9118.43,17284.28,727,2142658.37,12,3.6693,1
139608.72,27,Female,37189.46,46010.96,676,261395.5,60,0.6367,0
25000.0,40,Male,8094.66,7055.38,825,354408.96,48,0.9724,1
87525.94,51,Male,23748.83,10867.47,826,1457457.54,84,0.6806,0
79741.93,43,Male,16217.34,22663.92,712,623708.47,60,0.6576,0
33204.93,33,Female,6321.85,10725.87,787,1568363.49,24,2.7148,1
54264.09,37,Male,15437.43,17986.51,756,614905.18,12,1.6175,1
38994.79,24,Female,11125.58,9324.41,687,379556.74,36,0.8431,1
53790.08,34,Female,13542.43,3979.3,746,1409379.96,84,0.7744,0
104251.91,40,Female,18021.69,1449.64,669,2169268.33,60,0.6392,0
66356.91,33,Male,21983.29,3418.71,662,1744292.73,60,0.9543,1
63215.46,23,Male,15043.38,21363.12,750,2064940.33,12,3.4629,1
39531.19,46,Male,11765.4,6393.53,751,739204.42,12,2.112,1
25000.0,46,Other,3839.43,7481.13,850,2226348.76,60,2.3891,1
44168.44,38,Female,8215.78,7189.1,709,1004894.02,36,1.0936,1
89617.34,52,Male,28556.11,20727.25,685,2145874.4,12,2.6662,1
25000.0,34,Male,2813.17,211.23,779,1230821.42,12,4.4723,1
28924.82,23,Female,6597.14,2529.55,718,742858.35,24,1.5125,1
52215.46,21,Male,11509.66,7973.0,677,724621.19,48,0.7318,1
29961.62,46,Female,8623.18,6613.16,681,1462402.92,24,2.7834,1
32982.69,44,Male,5622.67,1980.03,708,289624.65,36,0.518,0
39664.06,55,Female,6138.68,10613.82,788,2332134.87,48,1.942,1
25000.0,34,Female,8288.33,3188.54,748,751512.39,60,1.1127,1
30119.83,23,Male,7316.93,8617.35,665,905499.56,36,1.5133,1
69683.16,33,Female,8792.09,2389.38,839,659923.73,36,0.4705,0
25496.98,34,Female,3780.16,6066.11,661,107219.11,24,0.5822,0
25000.0,41,Female,8742.66,2566.62,672,1762120.57,48,2.2741,1
35774.39,46,Female,5326.89,9959.02,795,1517326.96,36,1.8159,1
70684.23,23,Male,17856.17,9949.49,817,2043146.9,48,1.1405,1
44424.18,60,Male,9108.38,10345.16,742,198425.86,84,0.5144,0
38859.56,24,Male,12489.45,12707.34,636,2328773.55,60,1.9514,1
50120.2,56,Male,14474.32,361.83,726,894128.66,48,0.7571,0
25000.0,21,Female,6230.95,97.27,631,2291367.67,24,4.525,1
62777.55,60,Female,6446.3,16924.69,850,357115.56,24,0.6374,0
59380.28,53,Male,18998.65,13434.05,738,1885409.4,36,1.5857,1
39948.47,27,Male,8435.79,4096.43,772,1490459.76,48,1.278,1
81061.41,31,Female,26984.89,14026.77,695,959658.92,24,1.0577,1
27896.37,47,Female,6245.57,409.45,837,289941.75,12,1.1572,1
86159.41,34,Male,23569.43,5803.35,687,1551367.62,24,1.1801,1
52957.6,42,Male,6213.15,7868.11,664,163455.72,60,0.333,0
41428.47,36,Male,11860.47,12093.62,739,1303077.04,12,3.3581,1
48536.1,32,Female,8954.86,8148.41,777,1550100.58,48,1.1778,1
46460.96,30,Male,8727.21,9535.04,850,1858056.99,84,1.0778,0
90232.18,44,Female,11699.86,27594.25,824,2479203.12,36,1.335,1
28614.26,38,Male,3911.98,3092.82,797,724224.91,12,2.4817,1
33481.23,42,Male,4902.98,8211.1,675,873735.57,24,1.608,1
82302.06,29,Male,14983.22,24820.95,674,918748.83,36,0.8491,0
36396.67,37,Female,11755.85,2581.09,662,1855798.51,84,1.2669,1
76900.41,58,Other,14769.88,9594.66,710,2336366.24,84,0.837,0
114659.02,60,Male,32229.58,39320.43,595,2438377.0,36,1.3203,1
40098.83,33,Male,4839.4,13799.07,808,2369947.28,36,2.3998,1
68918.59,57,Female,17076.28,5384.64,653,2210519.22,36,1.376,1
27533.37,26,Female,6070.36,640.32,645,2478345.7,48,2.5701,1
71493.85,41,Male,24628.88,6779.23,693,1002269.74,48,0.8016,1
54160.76,56,Male,16873.89,7539.51,632,2375971.17,48,1.5846,1
62101.11,27,Male,13271.47,9585.43,761,1926447.91,24,1.8139,1
35497.37,56,Female,10428.62,7688.1,657,504303.66,48,0.8775,1
25000.0,45,Female,3706.49,7870.65,752,209116.45,36,0.7369,0
63046.39,31,Other,15167.96,7289.54,780,614761.5,12,1.218,1
25000.0,34,Male,2966.37,7437.36,684,1969002.7,12,7.3771,1
41828.15,49,Female,7822.79,1368.52,673,1616072.51,84,0.8813,1
78479.36,30,Female,12279.32,1150.2,667,638455.02,12,0.8901,1
53957.33,25,Male,15093.35,9518.93,649,1880611.49,12,3.5366,1
129854.69,28,Female,28895.61,2711.6,692,439173.37,12,0.5423,0
81842.72,25,Male,23551.68,11242.85,724,2072419.35,84,0.8587,1
35349.9,44,Female,8088.9,11095.36,630,2005986.34,60,1.7765,1
49694.86,60,Male,6043.94,4200.16,678,2434182.33,12,4.5353,1
47873.37,46,Female,13588.47,11829.1,730,460670.96,12,1.3814,1
25000.0,26,Other,7707.68,2645.7,722,2275871.19,12,8.4599,1
30632.0,36,Female,9982.44,481.6,546,918646.39,84,0.8551,1
37035.03,56,Male,8999.44,7215.97,761,1098543.68,24,1.8203,1
25000.0,32,Female,7209.91,7304.97,800,1224268.15,60,1.6453,1
50198.82,31,Male,14457.82,7194.19,682,1604569.73,12,3.2564,1
43280.79,23,Other,6013.32,9350.94,607,2487432.09,84,1.3391,1
25000.0,57,Male,3526.38,7875.21,670,1539901.13,84,1.5107,1
60000.4,26,Male,7063.33,16583.69,668,2324118.08,48,1.3952,1
70118.11,39,Male,12619.75,4757.99,797,712067.69,24,0.7211,0
54913.65,38,Male,11991.89,14095.48,648,1056187.99,84,0.8044,0
41687.89,36,Male,14568.85,7323.0,696,1310798.87,84,1.0635,1
65888.62,43,Other,13688.25,17202.75,829,874964.78,60,0.7576,0
68879.25,57,Female,19393.68,11921.65,730,2444481.05,48,1.3719,1
57165.27,29,Other,15626.08,2560.17,732,1841640.53,48,1.1508,1
32457.73,23,Female,4905.03,6474.29,713,1249315.25,24,2.1445,1
56291.59,28,Female,6452.52,9696.05,783,1903131.28,84,0.8658,0
89120.11,58,Female,21077.06,16155.04,746,1221862.0,48,0.7721,0
36376.76,24,Female,10006.39,11190.07,840,141340.79,36,0.7099,0
139940.09,32,Male,48917.87,43828.25,847,1403664.18,24,1.1303,0
37691.3,51,Male,7148.26,5983.04,740,1600444.53,24,2.3274,1
49821.58,45,Male,16146.73,7946.85,717,2454897.8,36,2.0968,1
35022.89,36,Male,6846.38,6315.17,730,197902.84,24,0.6392,0
54810.41,34,Male,14927.78,9967.62,683,1329032.7,48,1.0809,1
25000.0,33,Male,6239.08,8315.89,728,335571.42,48,0.9291,0
37308.6,61,Female,4225.0,8479.88,626,457590.16,48,0.6575,1
28394.18,27,Male,3395.86,2757.36,673,1565112.01,36,2.0213,1
52452.81,32,Male,5517.56,9758.21,771,655762.51,48,0.6143,0
80597.56,57,Male,15531.84,17693.44,754,1898017.87,36,1.1832,1
67710.94,24,Male,19395.82,15161.84,711,1334076.86,36,1.1554,1
25000.0,22,Male,3579.72,5120.97,747,623710.92,36,1.1648,1
136084.98,55,Female,34220.37,8465.53,817,1285100.03,24,0.7538,0
56819.79,23,Female,9784.76,668.07,694,102116.14,60,0.223,0
33248.02,24,Male,9949.41,3931.41,626,2170576.1,84,1.5353,1
53027.4,58,Male,15886.96,7934.64,760,130428.1,36,0.5298,0
53535.21,32,Male,15731.52,1158.05,754,116823.74,48,0.3719,0
35121.74,39,Female,8120.44,10018.08,769,1567609.46,36,1.9777,1
54119.96,30,Female,9262.18,6517.51,642,2436450.22,84,1.0624,1
36180.08,21,Male,10939.44,11569.36,622,2154240.36,12,5.8846,1
40047.4,37,Male,5867.95,2164.3,737,704845.39,24,1.0209,1
34782.18,36,Male,5997.84,693.11,732,572000.35,48,0.6174,0
25000.0,29,Female,3649.67,4220.27,696,1602669.23,24,3.3027,1
52728.86,29,Female,14160.47,3490.4,814,2074330.59,24,2.1683,1
65686.57,29,Male,17837.78,21551.09,719,968988.81,12,1.9034,1
63414.12,32,Female,16686.0,228.68,800,1137651.02,36,0.8541,0
73862.65,61,Male,15060.62,10667.01,777,377174.83,48,0.4803,0
57651.42,35,Male,7208.89,18699.91,649,466783.41,60,0.6254,0
37557.83,22,Female,12311.17,5053.27,662,1464043.83,24,2.2792,1
74595.24,31,Male,16928.1,2430.93,636,346374.75,84,0.339,0
25000.0,31,Male,5043.58,2650.33,748,584910.7,60,0.8165,1
31246.55,28,Female,7724.34,5446.39,726,663224.86,60,0.883,1
30269.62,52,Female,4485.89,1961.57,807,1165418.88,36,1.4735,1
84122.39,26,Female,11199.82,13736.9,758,209468.71,60,0.3506,0
78542.43,40,Male,15816.98,22990.95,635,1299450.33,48,0.9217,1
62545.69,59,Male,9807.49,19102.47,689,2328818.58,36,1.6812,1
83781.29,55,Male,13494.87,1444.49,582,158712.79,84,0.2108,0
31582.51,28,Male,10205.19,1778.61,739,1614363.68,60,1.4908,1
58354.84,54,Male,13578.58,5622.58,850,2106021.68,36,1.5106,1
46046.76,39,Male,10170.22,9587.08,728,849906.02,48,0.9061,0
74864.95,27,Male,20390.96,9459.05,733,415644.51,24,0.6575,0
46276.42,51,Female,15636.2,13670.72,718,204015.49,12,1.0229,1
40438.14,38,Male,5178.09,10143.31,743,1645367.34,36,1.711,1
64244.68,60,Male,19812.01,2258.82,709,1425362.51,84,0.7234,0
75969.3,34,Male,18688.81,16606.52,760,650307.97,12,1.2212,1
35095.47,59,Male,4791.98,1388.18,669,2095881.54,24,2.9595,1
47546.44,56,Female,8286.74,4244.11,672,1865215.25,84,0.9353,1
28876.39,37,Male,6369.85,1797.69,635,763429.08,48,0.9661,1
25000.0,57,Female,6819.86,1514.29,717,1908071.25,84,1.6402,1
54188.82,29,Male,8705.53,11690.61,648,687986.11,24,0.9681,1
66466.46,40,Male,15534.52,13111.29,814,1720641.91,12,2.719,1
55884.0,48,Male,15153.95,3443.01,691,384508.1,48,0.5106,0
25000.0,40,Male,5304.63,8664.01,592,1761374.71,84,1.7651,1
41133.38,61,Male,12988.13,6073.05,646,673058.61,60,0.8192,1
25000.0,56,Female,7934.12,849.36,728,1473926.45,60,1.6332,1
97231.55,47,Other,21164.66,4103.09,762,513913.28,36,0.4329,0
28480.44,28,Male,9775.38,5820.34,743,1842320.67,60,1.9541,1
91830.69,52,Male,10918.33,31468.02,666,246110.98,84,0.5075,0
78663.52,21,Female,7932.48,15747.09,682,497002.69,12,0.8594,0
31247.82,37,Male,6098.54,10379.42,675,541927.55,60,0.9044,1
27822.7,29,Female,6963.31,4324.94,756,199224.61,36,0.6401,0
58406.65,40,Male,15028.03,8909.61,727,1888030.04,48,1.2453,1
32139.4,52,Female,7042.11,5624.48,690,2454286.01,60,2.0544,1
51598.21,22,Male,6770.76,12595.07,677,1968154.69,36,1.6241,1
38506.65,52,Male,5491.99,4954.48,686,2165516.71,60,1.494,1
25000.0,29,Female,7825.92,7559.0,720,114418.38,60,0.7149,0
25000.0,50,Male,7924.44,256.21,807,382887.91,84,0.5895,0
54904.04,40,Male,14740.34,8450.69,732,1441648.81,12,2.7431,1
37020.28,58,Female,9849.41,6620.97,698,2446885.32,36,2.6088,1
37177.35,21,Male,9272.8,7898.75,693,1685711.03,36,1.9463,1
69420.11,25,Female,10463.8,6707.73,830,997928.06,24,0.9174,0
88143.47,55,Female,18251.22,13187.85,773,450758.33,24,0.595,0
42775.79,56,Female,11719.44,7254.27,783,466805.67,36,0.8008,0
41344.75,21,Male,9687.61,9940.04,768,970607.69,84,0.8767,0
62948.46,34,Female,6587.25,17042.69,716,1813144.47,12,2.9211,1
25000.0,29,Male,8459.73,6455.99,797,176366.3,60,0.75,0
54807.18,50,Male,17056.22,6552.42,624,2145226.22,48,1.4424,1
64598.27,44,Female,10667.52,22596.97,820,2359723.45,84,1.1404,1
68879.58,24,Male,17503.32,20459.5,768,2233159.51,60,1.2561,1
25000.0,34,Female,8270.25,2275.2,751,2291264.58,48,2.7906,1
33500.73,45,Male,4154.18,2287.67,670,136814.27,12,0.5532,0
31598.61,24,Female,7133.62,3472.92,780,2446701.56,24,3.9445,1
51531.24,45,Female,11030.82,8158.46,794,979257.08,36,0.9945,1
62340.86,30,Male,12627.22,18563.85,674,2186274.68,12,3.5998,1
103606.49,55,Other,32003.75,28225.18,676,548341.29,48,0.7181,0
38273.66,27,Female,7469.55,11403.11,652,1171661.78,84,1.0173,1
38223.8,33,Male,4430.74,3638.33,755,205994.53,36,0.3875,0
87102.08,24,Female,10143.86,18092.1,713,196182.39,48,0.3824,0
56856.65,56,Male,6293.24,5636.61,850,2363862.64,60,1.1138,1
92394.78,34,Male,18690.2,3525.61,620,2045455.87,60,0.7218,0
56633.96,38,Female,15834.94,13562.09,663,1371582.51,84,0.9337,0
27486.26,28,Female,4148.52,1375.66,720,1361099.62,60,1.2776,1
25170.7,52,Female,6585.09,5882.25,763,1897011.08,36,2.9627,1
25000.0,47,Female,6794.3,5669.69,760,920005.08,24,2.2137,1
68256.36,57,Female,11180.43,19356.61,725,1928486.26,24,1.7642,1
88813.9,43,Male,22215.86,4338.04,742,1264020.11,48,0.6668,0
123584.58,27,Other,33518.25,33889.12,727,1631001.77,24,1.1605,0
74723.71,32,Female,16189.15,26134.38,788,2415590.68,24,2.0731,1
87677.39,45,Male,16148.35,26116.01,683,1231157.34,48,0.845,0
36680.18,23,Male,9345.67,9651.81,691,1104171.18,48,1.2959,1
27495.9,46,Male,9471.29,6372.39,764,2273798.02,48,2.7135,1
74984.72,24,Male,15500.12,11069.51,822,2266193.19,36,1.3438,1
60405.8,56,Male,11956.35,15444.26,678,2481804.88,48,1.5155,1
51726.33,35,Male,11176.34,13110.67,735,1422071.2,36,1.3696,1
59497.27,52,Female,7083.42,13150.35,695,926227.7,36,0.8497,0
57618.14,49,Female,13729.87,16058.03,756,676936.15,36,0.9016,0
93144.6,30,Female,16968.56,14629.98,613,181831.26,48,0.3897,0
93666.21,41,Female,12209.91,3975.05,697,1844148.7,24,1.0904,0
64351.16,36,Male,13936.16,12591.83,682,660342.82,84,0.5879,0
74824.56,39,Female,7545.76,6941.12,697,1555938.12,84,0.5497,0
63388.09,49,Male,12705.91,8528.97,554,2299821.68,24,2.026,1
38925.9,38,Female,4921.55,237.26,850,2380512.66,48,1.7131,1
71559.34,36,Male,7590.53,9587.28,557,110584.32,24,0.3121,0
25000.0,21,Male,7652.97,7077.01,750,860980.08,48,1.4793,1
83029.05,22,Female,27321.72,15771.6,635,2109707.27,36,1.3509,1
26976.96,35,Female,4098.3,92.54,639,1387468.49,60,1.2736,1
56551.2,59,Male,13279.61,9299.58,728,2038020.96,12,3.5844,1
32126.07,48,Female,5445.03,3277.12,764,2147975.88,84,1.4163,1
64646.84,21,Female,14441.74,10805.25,650,1162302.93,48,0.8552,0
48196.29,25,Female,10080.63,6826.64,647,961559.05,36,1.004,1
25000.0,42,Male,4181.57,8154.82,635,1193039.84,60,1.531,1
60497.05,56,Male,16642.64,871.89,733,1666708.49,36,1.1915,1
36718.63,33,Male,4833.01,8785.15,651,981181.97,12,2.7326,1
76158.61,21,Male,8626.35,22684.55,803,1959971.89,84,0.8518,0
49053.31,36,Male,14319.58,16468.84,645,2269582.7,24,2.7841,1
59737.22,61,Male,15918.92,3714.02,755,777546.89,24,0.9353,0
30370.15,42,Other,6822.09,5647.53,820,2415975.15,36,3.015,1
36509.72,52,Female,7920.69,557.01,724,1594540.59,12,4.0922,1
38975.19,36,Female,8744.2,6809.52,603,2207605.05,36,2.2534,1
75233.45,35,Male,15743.05,3303.53,746,349399.44,24,0.4696,0
113401.35,32,Male,22478.76,33256.51,703,703597.93,36,0.6946,0
32774.76,21,Female,7371.79,1306.22,717,870445.79,60,0.8422,1
83987.57,37,Female,19495.93,15088.44,823,826773.16,12,1.2818,1
25000.0,61,Male,6824.39,4559.59,723,512466.78,24,1.4108,1
26981.46,48,Male,7495.5,9175.79,753,2183682.27,84,2.0036,1
30351.79,27,Female,5900.61,6957.94,676,1104669.14,84,1.0468,1
25000.0,29,Male,5084.63,2518.6,701,2411512.51,36,3.4621,1
25000.0,42,Male,4835.61,2106.99,793,1500333.68,12,5.5818,1
60264.56,46,Male,14109.98,2705.09,728,432147.13,36,0.5138,0
44044.96,32,Female,9396.48,11662.23,738,1410171.3,24,1.9703,1
59260.76,27,Female,19105.62,14327.17,785,2484508.35,12,4.2696,1
69233.24,35,Female,18976.16,14778.32,825,1456412.05,24,1.468,1
55983.29,58,Male,18175.76,800.23,644,104486.43,60,0.3795,0
68110.15,41,Male,18885.87,18184.74,688,2339391.77,60,1.2911,1
47345.82,34,Female,16227.69,10636.74,814,663746.57,84,0.8075,0
27078.72,22,Other,7011.61,9135.31,849,1752469.73,48,2.269,1
83192.05,28,Female,28359.13,17097.69,702,1336192.37,12,1.966,1
36513.74,26,Female,5095.22,3884.45,737,881041.02,60,0.7705,0
30705.65,57,Male,3473.4,4100.19,742,778334.86,48,0.9018,1
44848.3,57,Male,10978.03,2760.16,735,2329023.67,84,1.1955,1
31057.47,53,Female,10741.95,7858.16,736,2288622.15,12,7.1117,1
39786.57,61,Male,8132.43,9855.24,808,1331523.62,24,2.0119,1
58222.49,26,Male,8908.67,4088.82,602,720388.47,36,0.6283,1
58347.45,46,Male,13442.4,3236.61,677,345620.88,36,0.4798,0
31290.97,59,Male,8204.48,843.35,761,475783.32,24,0.9978,1
38412.85,61,Female,6868.01,12261.06,687,1353404.14,60,1.264,1
83882.01,57,Male,23377.27,6842.63,738,838791.91,36,0.6876,0
62830.76,34,Male,21599.87,7568.42,790,200963.54,24,0.6133,0
138348.69,57,Female,44858.29,13582.6,824,1192401.72,48,0.6452,0
88438.62,28,Female,15290.71,12803.14,738,1890854.3,48,0.8703,0
86868.13,59,Male,15782.28,21709.83,816,2240068.28,24,1.6335,1
25000.0,33,Female,4822.13,7617.71,729,1504681.71,12,5.817,1
71820.86,33,Male,14266.37,4590.04,700,1835901.1,60,0.8183,0
47736.26,60,Other,5970.85,11468.37,619,973769.13,60,0.8088,1
37216.56,48,Female,10811.06,4592.4,654,1290971.63,24,2.0306,1
53316.85,38,Female,10201.37,18297.52,720,1851104.46,36,1.6712,1
78637.64,39,Male,25160.51,8227.2,721,1846379.75,84,0.8266,0
62970.13,58,Male,20889.41,158.53,734,1118863.03,60,0.7206,0
31595.28,52,Male,3352.51,5702.13,839,1404801.62,60,1.2533,1
71056.42,42,Male,24665.51,3748.64,768,2317252.81,48,1.2427,1
35639.37,22,Male,9890.13,555.01,772,1616794.25,48,1.4656,1
54630.17,33,Male,12570.3,13351.3,838,1642179.1,48,1.2514,1
42121.98,43,Female,8314.12,10795.47,696,1983088.7,84,1.2598,1
43939.41,45,Female,10089.79,7084.99,686,376534.95,60,0.5772,0
71906.47,48,Male,13026.3,17035.36,799,1354922.3,60,0.8278,0
29141.05,31,Male,7450.55,5489.7,751,2402636.17,84,1.8558,1
129650.49,53,Male,15978.78,28578.91,717,967984.94,60,0.506,0
25000.0,44,Other,6382.02,5221.16,716,807822.75,36,1.522,1
36357.88,22,Male,6138.53,8472.77,708,1542899.12,36,1.7912,1
58988.98,50,Male,6158.96,4121.6,713,630686.62,36,0.5243,0
65654.22,37,Female,15637.29,6174.6,719,1434268.38,12,2.263,1
46618.94,60,Male,11403.55,7178.72,700,473564.83,60,0.6195,0
47634.12,54,Male,9843.22,7437.82,756,1491504.31,84,0.8989,0
60190.81,58,Male,7106.82,16314.37,768,1545710.04,60,0.9475,1
43672.12,42,Female,14120.76,5615.7,683,1104161.15,84,0.8848,0
98379.79,25,Male,24876.09,5595.53,778,1018591.42,24,0.7923,0
74583.5,60,Male,9615.93,6564.32,637,689099.87,24,0.6476,1
75842.35,36,Female,17271.78,5700.06,752,894213.54,12,1.3449,1
30240.02,33,Male,6783.25,7743.9,755,1296030.32,24,2.4779,1
47113.07,46,Male,5422.74,7755.7,714,694381.36,36,0.7622,0
42182.77,51,Female,10618.03,10462.2,723,1978802.71,12,4.6457,1
29649.46,59,Male,8956.56,4319.24,704,1801684.58,12,5.8184,1
58693.37,43,Female,16859.79,18277.55,687,746334.08,12,1.7225,1
37465.55,32,Female,5647.65,12896.85,720,333844.39,48,0.7253,0
68029.85,34,Female,21468.39,15949.25,684,100432.09,24,0.6188,0
28707.23,38,Male,5329.08,8679.18,794,1532125.25,60,1.6484,1
115788.47,47,Other,38977.54,20584.49,583,607272.99,48,0.65,0
31314.41,48,Male,3693.13,10243.49,711,130197.93,84,0.5162,0
54701.76,38,Male,12119.29,15921.24,596,961804.65,36,1.0882,1
72833.38,36,Female,18155.98,25282.11,650,2408796.31,48,1.4512,1
36852.54,36,Female,5966.89,8036.91,682,1755862.74,36,1.9399,1
75074.36,33,Male,21985.15,20474.46,807,2158632.89,60,1.1907,1
26513.47,49,Female,6806.64,5037.66,794,447373.84,60,0.8136,0
101322.0,29,Male,10590.92,9189.1,724,275891.57,24,0.3221,0
49368.83,46,Male,12445.5,6129.85,724,127671.43,84,0.4205,0
36380.72,48,Other,8108.16,11383.6,787,2393589.5,48,2.2362,1
42209.86,61,Female,6289.58,826.54,793,820486.56,60,0.5912,0
73457.31,33,Male,25631.98,15206.98,682,1202811.86,36,1.092,1
36598.86,56,Male,11868.66,4771.37,763,1046856.7,60,1.0766,1
33702.29,29,Female,5834.77,4561.35,657,1853096.64,24,2.8712,1
43880.78,34,Male,10323.73,13585.49,694,843915.72,36,1.1745,1
27214.87,32,Female,4874.88,8132.83,758,1385086.92,12,4.9761,1
121816.6,52,Female,35798.73,25532.13,677,2489397.44,84,0.8534,0
36930.86,58,Female,12282.57,3527.69,696,1165752.52,24,1.8993,1
74295.7,23,Female,14094.43,12363.53,612,1423051.7,24,1.2488,1
54433.5,36,Male,16406.04,7778.69,749,1306067.35,12,2.5649,1
29963.43,40,Female,6729.84,3708.46,662,2027646.78,84,1.5071,1
48875.07,52,Female,9733.21,1758.28,666,740415.17,60,0.5645,0
72547.83,43,Female,24274.9,13790.61,808,509051.24,24,0.8517,0
44616.96,37,Female,10154.87,4713.38,675,1909823.58,12,4.1164,1
89014.67,36,Female,19303.06,20587.56,768,1097483.65,84,0.6592,0
81695.79,58,Female,21903.34,9127.17,791,2292942.42,12,2.8604,1
77610.46,28,Male,12829.67,11711.98,779,1645982.29,84,0.6794,0
38955.36,39,Male,7058.64,713.9,703,1454423.47,24,1.9397,1
28569.04,50,Male,9513.82,9924.55,692,269096.93,48,0.9238,1
36069.62,54,Male,9725.54,6408.26,660,1852988.57,24,2.8417,1
54074.63,34,Male,16582.49,458.72,605,1746496.88,84,0.8682,1
64401.57,42,Male,10805.16,12199.64,770,1636172.62,48,1.0138,1
25000.0,37,Male,5898.69,7615.6,764,742982.86,60,1.1867,1
48822.35,35,Female,16738.7,13201.23,751,2372174.37,12,4.9075,1
53052.89,52,Male,9532.33,13014.79,535,871972.3,36,0.9631,1
42669.0,33,Female,5978.74,2082.79,708,465354.3,24,0.6972,0
93492.54,41,Female,21290.26,21522.73,760,2469282.77,36,1.3226,1
60529.74,60,Male,11921.65,16234.34,803,1890991.07,60,1.1444,1
94381.08,53,Female,13203.38,18908.94,739,1095488.52,24,0.8812,0
44003.29,47,Female,14175.13,13749.36,732,2346199.43,36,2.3802,1
78334.14,55,Female,27235.29,7594.21,675,318681.7,60,0.5331,0
111027.5,36,Female,26884.81,9409.65,744,310386.92,48,0.3991,0
94451.97,48,Female,27737.63,28746.4,704,1737882.44,60,0.9981,0
28393.89,54,Male,8937.25,6215.12,672,527132.92,24,1.3989,1
43181.26,21,Male,11885.45,21.87,644,2301134.84,84,1.1882,1
41250.46,61,Male,4580.41,5098.39,658,2116862.02,84,1.1133,1
62606.68,51,Female,8727.91,18797.63,741,835281.34,84,0.6681,0
69090.79,56,Other,8135.25,660.63,629,2233215.0,24,1.6338,1
32226.8,53,Male,3302.28,36.63,700,202930.45,24,0.3971,0
50712.07,53,Female,8950.64,4992.13,805,1416730.85,60,0.8824,0
25000.0,59,Male,4952.22,7997.5,626,2345350.66,24,4.8905,1
100807.95,38,Male,16155.22,31806.64,749,2152919.15,60,0.9401,0
37941.96,43,Male,4407.0,6889.0,755,954575.98,84,0.7285,0
50409.35,43,Female,11718.45,9760.91,701,538889.04,12,1.3709,1
41989.51,35,Male,7068.09,4879.3,760,605297.41,12,1.5586,1
86943.5,46,Male,25996.91,7416.96,707,1334818.91,12,1.7412,1
25000.0,50,Male,2550.33,7133.19,771,1532255.07,36,2.3939,1
48615.36,45,Male,15101.48,1808.65,650,178754.36,12,0.6728,0
46494.56,36,Male,15747.17,7930.76,842,1092523.74,12,2.586,1
39072.8,59,Male,10902.63,8675.69,813,2092929.08,60,1.6657,1
116205.25,34,Female,32933.85,4216.87,575,1166389.48,60,0.5379,0
31455.69,37,Male,10487.03,5720.61,796,506020.94,84,0.7907,0
72106.4,32,Female,10979.48,14575.04,682,2391664.7,24,1.9003,1
58578.7,49,Male,20422.96,15223.06,813,739061.3,24,1.1965,1
92111.92,52,Male,27022.9,7570.92,785,2016227.84,24,1.3958,1
35115.77,44,Female,9890.1,3605.15,649,565106.0,84,0.6599,0
33979.6,33,Male,6465.39,6773.23,757,1115614.55,60,1.1034,1
84798.65,40,Female,20050.16,29178.73,674,1277014.1,60,0.908,0
60637.01,35,Female,15976.6,4615.85,754,1301524.71,12,2.2366,1
25000.0,24,Female,6377.14,8626.66,722,1339537.28,48,1.985,1
37434.48,54,Female,10341.13,9359.36,672,639874.1,60,0.8979,1
59467.86,48,Female,7171.55,17193.87,633,1338197.25,84,0.795,1
74524.42,22,Female,14078.56,2338.16,734,1256110.61,48,0.6559,0
34904.98,50,Male,7277.69,3670.16,750,600926.79,60,0.688,0
25000.0,46,Male,4128.93,505.19,709,2471659.74,84,1.8782,1
63679.09,46,Male,9116.1,8280.92,669,2177352.14,60,1.0166,1
26631.22,40,Female,3588.07,9146.53,688,2230183.24,36,3.2198,1
25000.0,48,Male,4789.9,921.14,648,1745370.52,48,2.0328,1
25000.0,40,Male,5584.01,4920.76,767,483752.87,36,1.0537,1
73643.45,31,Female,8523.8,156.47,579,1463420.95,12,1.8742,1
52276.84,30,Male,17597.14,13039.88,781,2071455.12,36,1.8833,1
43790.48,43,Female,12756.64,3022.31,715,192967.57,36,0.5046,0
98175.52,57,Male,27755.49,4452.71,753,1290023.45,84,0.5531,0
67417.66,61,Male,9655.23,7952.33,760,1050694.91,12,1.6386,1
109990.58,39,Female,27602.16,29682.66,727,609099.35,48,0.6639,0
25000.0,38,Male,5810.78,932.86,694,1007800.01,24,2.1486,1
48181.22,47,Female,16652.26,3875.87,791,2460394.03,60,1.5363,1
25000.0,26,Female,7172.95,74.06,608,1835783.98,84,1.5472,1
43708.98,30,Male,10662.39,14814.95,804,818888.99,48,1.0671,0
43290.66,22,Male,13537.12,8972.03,646,1552852.12,12,3.6902,1
67057.57,44,Male,9305.82,16896.15,698,691974.98,36,0.7286,0
50150.41,58,Male,5205.82,11433.5,813,1566025.38,24,1.7872,1
66950.15,48,Female,18247.82,3382.83,850,2250800.05,36,1.4237,1
69683.59,48,Male,8681.03,14510.14,731,1436504.32,60,0.781,0
143984.99,59,Female,18553.68,6622.66,631,1860015.94,12,1.3166,1
41871.12,22,Female,11982.27,5880.08,775,1188013.6,24,1.749,1
30622.45,25,Male,5133.35,6098.07,717,1357897.4,48,1.5128,1
55439.18,31,Female,14256.62,10844.37,650,1768180.19,48,1.2771,1
32822.19,30,Female,10810.04,1367.89,734,2049772.01,12,5.8905,1
102845.22,22,Female,18421.49,1239.55,634,1682683.33,12,1.6372,1
42548.12,35,Female,6564.58,11887.18,732,2445980.79,84,1.418,1
36945.97,59,Female,4678.86,9386.97,660,2067574.21,36,2.2128,1
38728.93,61,Female,5136.06,1109.07,592,1965184.49,24,2.5262,1
70207.38,57,Female,8112.86,3130.93,611,2128243.79,60,0.8192,1
45302.91,27,Male,5522.9,14152.82,680,774906.25,12,1.9461,1
35566.75,40,Male,7397.93,9574.4,752,1136913.17,24,1.967,1
112721.56,54,Male,20314.26,39301.06,801,1454711.0,84,0.7498,0
31949.6,55,Male,8838.55,2840.18,812,1209727.16,12,3.712,1
49900.34,54,Female,15846.37,8519.54,621,2133898.76,12,4.2678,1
67924.57,42,Female,20118.8,5621.5,705,164964.44,48,0.4417,0
25000.0,51,Female,5816.48,5449.5,680,602021.0,24,1.573,1
62325.77,43,Male,7828.77,2517.65,713,2216095.7,48,1.085,1
28924.55,39,Male,8024.88,1288.16,811,241840.33,84,0.4651,0
73968.26,24,Male,14106.28,1861.1,730,644771.93,48,0.4412,0
30293.08,44,Female,3677.96,7353.8,776,943000.79,84,0.8972,0
69312.78,40,Female,21529.7,11985.94,850,1901777.35,24,1.7623,1
85213.62,59,Male,15726.53,18423.69,618,1444433.67,84,0.691,1
75411.74,48,Female,11655.81,23208.37,689,2391051.29,84,1.0052,1
55584.43,59,Male,17668.23,14402.76,757,646900.04,48,0.8778,1
43667.07,37,Male,14215.09,7056.73,737,2193088.97,36,2.1314,1
36746.2,39,Male,6788.59,12659.97,788,778992.38,60,0.9902,1
102284.9,55,Male,19301.2,16333.84,695,689195.82,60,0.4949,0
34553.09,52,Male,8462.3,1359.93,733,1296100.48,36,1.5123,1
29186.66,59,Male,8270.34,10140.3,670,270890.81,12,1.4511,1
68369.66,55,Male,7916.34,546.09,789,1022336.83,48,0.5102,0
32923.16,50,Female,8176.0,6336.37,722,953622.32,60,1.0706,1
30484.34,37,Male,10309.96,3297.9,811,484243.73,24,1.1868,1
25000.0,49,Male,4138.09,4406.08,811,2165907.63,84,1.8252,1
38505.07,26,Female,12599.12,7529.65,636,1026135.14,84,0.9791,1
47034.77,37,Female,15876.22,3952.5,821,2456608.43,12,5.0377,1
55356.31,37,Female,9260.47,10788.98,780,2259299.08,60,1.2496,1
78877.64,34,Male,22760.18,20872.71,709,567545.68,48,0.7391,0
63796.2,44,Male,10187.86,5950.81,774,1312293.21,60,0.7002,0
44558.75,57,Female,12672.63,5979.75,686,1544329.93,48,1.3144,1
44395.89,60,Female,13290.13,4168.11,808,2065505.21,12,4.5052,1
63264.44,59,Male,10236.28,18169.29,726,2225542.6,84,1.0513,1
92622.29,52,Male,25838.6,23502.33,777,1597643.25,36,1.0974,1
52216.67,56,Male,15823.02,15921.84,678,184322.09,84,0.6684,0
38771.26,57,Female,7352.76,2307.57,738,1255063.48,48,1.0858,1
29838.86,34,Male,4234.9,768.44,777,2223528.49,48,2.0936,1
25000.0,47,Male,3074.78,1044.61,740,1813815.05,12,6.5771,1
68400.46,39,Female,16679.14,3854.8,756,2188340.66,12,3.1278,1
65446.56,51,Female,22547.95,12210.95,670,1717791.5,24,1.7544,1
65426.44,29,Female,20003.32,22233.16,739,205684.02,84,0.6994,0
45966.6,58,Female,9605.18,5747.31,670,2423215.97,84,1.2366,1
99058.65,37,Other,23195.1,33231.99,718,2303244.5,12,2.6246,1
38481.8,39,Female,6537.36,514.51,687,403790.9,60,0.4114,0
79034.09,24,Female,11125.35,25639.08,706,370458.8,48,0.5863,0
48080.34,31,Male,10602.69,3048.46,606,1393788.4,36,1.233,1
36164.19,42,Female,7806.96,11549.62,721,1916922.0,12,5.22,1
65924.48,24,Male,15194.44,1297.37,713,1017215.71,48,0.649,0
60163.31,37,Female,20347.3,19966.81,621,427317.19,36,0.9026,1
58599.79,28,Male,14707.01,4118.36,742,1325334.64,24,1.3754,1
51054.0,54,Female,12837.17,5409.17,773,910158.73,60,0.745,0
48100.77,31,Male,6349.6,8265.15,740,944252.69,24,1.2188,1
161811.28,51,Male,56491.91,21561.73,771,1647965.29,12,1.3825,1
88621.37,31,Male,25984.78,20705.04,685,2225459.44,60,1.0728,1
70362.34,58,Male,22466.75,24006.41,706,1440620.15,24,1.6147,1
51839.08,41,Male,10553.15,11002.81,724,1750246.03,48,1.2884,1
81111.38,50,Female,18293.21,20482.24,729,1683872.78,12,2.3129,1
63512.84,30,Male,14641.04,1956.31,567,1422750.86,84,0.6449,0
49667.32,46,Male,7376.77,10913.62,660,845819.55,24,1.162,1
42117.47,47,Male,11471.63,6690.25,785,1006706.04,60,0.9509,0
47077.07,28,Female,15335.08,14595.01,669,857689.12,60,1.0319,1
25000.0,59,Female,3523.16,3396.85,703,2301995.43,84,1.8534,1
54464.28,28,Male,6621.74,12952.09,716,2083884.81,36,1.612,1
38398.05,28,Female,10926.35,3066.23,632,1490433.69,60,1.2083,1
108698.69,54,Female,18294.04,9867.71,822,2289384.33,60,0.717,0
49497.23,36,Female,12669.59,6515.96,717,2227380.86,12,4.3648,1
27052.06,61,Male,7410.63,2878.94,664,2326466.56,60,2.2502,1
47813.34,33,Other,8629.24,4248.58,762,632257.26,36,0.7023,0
29054.81,43,Male,8826.45,505.09,700,1822007.29,60,1.6846,1
62112.57,32,Female,14751.56,18190.36,723,1562138.8,36,1.3537,1
56696.84,47,Female,17987.06,1275.99,811,1861193.53,48,1.1882,0
79135.73,42,Female,23014.52,24577.81,684,732110.47,36,0.9043,1
33009.78,52,Male,10468.85,1449.55,794,1767541.77,12,5.0935,1
49861.48,47,Male,5237.47,1138.92,697,1083588.44,24,1.1408,1
25000.0,22,Female,4021.91,4926.29,724,2101820.31,84,1.7975,1
69615.84,53,Male,8528.08,12242.27,739,2008877.74,24,1.6433,1
63540.68,46,Male,13376.63,10924.68,697,607258.27,48,0.6295,0
62812.07,48,Female,20256.27,12630.03,653,541252.66,12,1.2852,1
49060.5,39,Female,10640.49,4929.1,749,1822556.13,48,1.2775,1
60318.04,25,Other,18845.06,13995.73,792,1421139.75,48,1.1534,1
109334.75,53,Female,19876.46,19225.51,760,1437294.19,60,0.6435,0
42508.23,40,Male,7859.45,4980.27,758,1906036.78,60,1.277,1
52539.61,50,Male,17017.08,15198.41,690,2151929.9,12,4.2331,1
28479.42,28,Male,5879.7,7253.78,764,673513.36,24,1.5634,1
31757.03,58,Male,9445.86,4374.96,743,1433294.91,36,1.9128,1
51477.84,37,Male,8193.26,15271.74,776,2089491.3,60,1.3384,1
85132.72,21,Male,28706.77,27420.43,726,2194706.01,12,2.9378,1
43125.06,23,Male,10507.19,8103.34,758,789782.53,12,2.0501,1
43566.41,46,Male,12626.89,3277.65,688,349969.26,24,0.7395,1
39996.91,51,Female,4894.78,12820.1,765,658775.81,12,1.8986,1
37519.71,28,Female,8373.13,2488.23,638,2369198.83,84,1.3707,1
56811.03,28,Male,18478.33,962.84,698,1209951.31,12,2.2245,1
25000.0,55,Male,7981.49,2865.51,674,1104577.1,24,2.4932,1
93010.7,59,Female,10389.62,23665.48,850,131402.44,60,0.3969,0
35146.8,48,Female,6183.19,11357.55,762,222435.24,24,0.794,1
70329.86,24,Male,14827.64,15687.07,649,1704870.23,48,1.0604,1
25977.88,36,Female,3716.56,8654.36,631,1515584.96,60,1.7447,1
68488.43,33,Male,19347.95,2214.22,606,1481267.92,48,0.8738,1
68594.82,40,Male,10023.62,1458.59,645,364774.9,12,0.6374,1
59403.06,25,Male,11088.17,12561.8,664,944946.81,48,0.8093,0
29815.56,57,Female,7925.58,10081.86,656,2049659.53,24,3.808,1
55535.3,40,Female,12246.77,9771.57,689,519786.94,24,0.8327,1
27132.08,44,Female,7722.95,489.2,774,2218449.4,36,2.9795,1
43200.98,56,Female,14701.38,3344.9,707,391547.92,84,0.5729,0
82019.03,54,Male,10591.66,7027.19,766,505958.39,12,0.76,0
73009.95,54,Male,20252.37,8633.43,650,1246599.91,24,1.1914,1
49394.36,39,Female,7783.86,753.82,695,2368719.77,60,1.2155,1
30109.52,37,Female,6130.88,9536.06,659,890914.43,24,1.8994,1
67696.78,25,Female,7325.85,12215.71,748,1679723.18,60,0.8281,0
49498.15,45,Other,6631.61,11623.44,708,1512811.01,12,3.07,1
25000.0,38,Male,4498.61,587.76,835,459094.33,84,0.5179,0
72498.05,28,Male,13448.13,1373.14,676,695600.56,36,0.5186,0
48430.43,47,Male,15734.87,9941.01,652,2332366.65,36,2.1068,1
89431.27,35,Male,25528.44,27773.2,739,543591.1,48,0.7531,0
28349.5,33,Male,9725.18,5243.77,708,1768023.74,24,3.4347,1
25000.0,36,Female,6244.2,7680.92,752,2415266.76,12,9.0956,1
56361.52,42,Male,9041.99,15998.05,715,386814.38,48,0.6217,0
56714.31,40,Female,10317.11,1505.7,710,1058036.78,12,1.8573,1
25000.0,33,Male,4498.97,1767.13,676,637437.15,12,2.5042,1
30053.98,40,Female,5458.51,6918.39,702,631747.64,48,0.9551,1
194387.5,22,Male,52142.71,30173.89,620,385566.03,12,0.5988,0
42074.4,55,Female,9790.8,4280.86,797,1658922.84,48,1.3535,1
70649.02,39,Male,13872.36,10351.62,802,1891224.42,84,0.8012,0
35407.19,57,Female,4860.43,5517.14,780,1724305.38,24,2.5629,1
25000.0,26,Male,2638.37,7967.33,690,2319175.5,48,2.8218,1
45020.39,34,Male,6965.05,1630.21,679,449629.14,24,0.6564,0
42924.49,24,Female,5445.74,4202.55,752,867628.9,36,0.8865,0
40137.28,42,Male,11895.14,7551.74,658,926974.74,48,1.0814,1
46289.92,59,Male,5930.87,11313.28,793,656997.05,84,0.6155,0
55945.55,56,Female,15723.89,12348.47,565,441291.87,36,0.76,1
45476.07,54,Male,8932.17,14987.77,690,1268088.34,48,1.2467,1
26055.83,47,Male,3083.57,7255.59,650,2102655.11,12,7.529,1
62510.66,27,Male,18952.14,12188.13,801,2390895.34,36,1.7503,1
25000.0,23,Female,6122.69,1878.47,789,410417.52,60,0.677,0
25000.0,53,Male,3973.51,3945.15,756,2075577.35,60,2.1219,1
70940.04,22,Male,22961.18,17216.0,844,2078994.7,60,1.2035,0
63165.28,36,Female,7031.22,18525.54,720,1033547.49,36,0.9403,0
47634.01,45,Male,7166.77,16000.63,761,364071.1,24,0.8426,0
25000.0,35,Female,7200.29,5297.71,616,2476019.22,48,3.0597,1
34408.01,44,Female,9542.87,6345.59,699,1673423.27,12,4.7602,1
42985.87,35,Male,7407.24,266.18,727,2457269.67,12,5.2308,1
25000.0,51,Male,2887.66,630.87,660,1260773.24,36,1.7918,1
33876.8,34,Male,10654.91,1850.92,736,1048463.2,60,1.0421,1
67925.39,34,Female,12119.55,1301.86,592,693245.14,84,0.3723,0
100072.75,26,Female,14903.67,14040.42,752,2460572.8,12,2.4623,1
39746.72,34,Female,9102.61,4686.44,691,707817.45,84,0.6518,0
71556.61,37,Male,23438.85,15962.42,668,157030.61,84,0.5882,0
25000.0,38,Male,2772.17,4687.07,768,1329924.19,12,5.0,1
68167.67,40,Male,19867.54,14219.08,815,1004921.18,24,1.1871,0
32794.82,37,Female,7973.02,5417.44,777,727318.01,12,2.3684,1
57163.61,36,Male,11796.41,5556.76,667,1623059.48,12,2.813,1
43309.35,60,Male,12387.34,14443.19,763,974244.68,48,1.2009,1
94864.71,59,Male,32392.13,2869.01,703,1065402.13,12,1.3643,1
31659.14,52,Female,4980.03,10403.57,793,155309.45,48,0.6127,0
67090.86,29,Male,9118.44,7308.43,734,1513770.23,60,0.7354,0
42627.13,47,Female,13991.1,7648.65,624,392970.47,24,0.9373,1
45290.26,53,Female,12103.29,1725.32,704,613131.66,84,0.5371,0
44715.39,30,Female,9367.72,1110.1,666,1821082.77,12,3.8338,1
32117.73,37,Female,7814.72,4828.61,669,851782.54,24,1.6297,1
48676.45,56,Female,13941.1,12636.12,698,491704.47,84,0.719,0
47509.07,37,Female,13932.41,4479.04,737,1485817.95,24,1.8452,1
55305.08,38,Female,18249.21,10885.24,779,615770.79,84,0.7174,0
51136.44,43,Male,10570.45,4987.21,685,750347.71,84,0.5555,0
73057.15,54,Female,12664.66,9936.84,798,1591214.34,24,1.3245,1
77788.92,28,Male,20218.59,24679.02,609,1875668.28,36,1.3666,1
28989.48,33,Female,5911.88,8683.62,665,1875183.24,48,2.1753,1
75688.86,43,Male,18820.01,13669.87,850,1257384.19,84,0.7137,0
27087.61,40,Male,5552.86,2257.4,645,1190312.59,84,1.0407,1
65770.58,42,Female,9092.71,4447.04,801,1990348.44,84,0.724,0
66827.46,43,Male,14525.4,22315.73,718,563283.34,84,0.6956,0
25000.0,61,Female,6818.24,1773.77,715,465285.87,24,1.2111,1
51353.56,55,Male,15396.87,14525.81,780,1695268.16,84,1.1479,1
38783.57,23,Male,8661.6,5008.49,771,1082816.64,60,0.9595,1
33544.14,54,Female,4740.1,11572.09,806,1803996.31,12,5.2394,1
96319.51,53,Female,19617.58,12411.2,703,715840.54,84,0.4598,0
35353.77,37,Female,10484.99,4349.6,729,879692.51,24,1.5793,1
32755.02,39,Female,6656.31,7308.05,703,2252026.36,84,1.6036,1
50911.67,50,Male,13956.55,17133.35,647,1111975.66,24,1.6286,1
69064.41,43,Male,15664.05,23597.47,731,1518288.33,84,0.9449,0
45669.03,35,Female,7321.01,11304.1,709,356037.27,12,1.0969,1
87832.36,34,Female,26265.18,23197.6,598,529190.01,84,0.6663,0
63926.41,22,Female,7738.51,12605.7,792,186130.55,60,0.3816,0
25000.0,59,Female,5780.56,6613.04,729,1118489.95,84,1.2618,1
37619.08,38,Male,5726.48,11320.44,674,2473408.01,84,1.5789,1
37015.02,26,Female,4322.11,6297.49,741,2197295.57,24,3.0536,1
62297.74,52,Male,14062.69,13515.61,685,1618981.4,24,1.6539,1
25000.0,41,Female,5622.26,4701.52,733,2166631.58,84,1.8969,1
175343.97,60,Female,48522.1,34519.04,810,1526006.46,60,0.6628,0
63928.02,48,Male,18295.41,19914.65,745,985045.31,24,1.3159,1
52809.08,47,Male,14889.41,6572.93,688,516511.36,60,0.6191,0
88502.3,22,Female,17911.95,6448.67,652,1667316.98,24,1.1533,1
158233.49,53,Male,40811.97,25269.58,673,563323.06,12,0.7323,0
75763.61,36,Male,18504.22,5517.85,772,1101828.2,60,0.6333,0
78779.38,59,Female,16180.53,13742.29,716,2081924.42,12,2.7155,1
52331.04,42,Male,13046.29,16548.53,756,410150.33,12,1.2582,1
45671.84,33,Male,15382.82,9869.76,701,409651.41,24,0.971,1
38642.28,22,Female,5727.69,11569.56,659,638565.8,60,0.8069,1
32433.4,34,Male,10587.66,1886.55,758,1424601.54,36,1.8226,1
34769.4,58,Female,3941.59,10962.99,667,704136.35,12,2.2185,1
25000.0,61,Female,4427.43,5265.64,693,1307675.05,12,5.0107,1
47195.99,48,Male,8119.42,524.63,640,824758.27,12,1.7276,1
25000.0,27,Male,6414.78,5539.79,659,1314981.29,24,2.9297,1
53930.87,38,Male,7162.36,17958.38,778,766315.48,24,1.1281,1
48138.36,61,Female,15432.53,1333.84,788,2452029.7,12,4.8502,1
52757.84,56,Female,16203.93,10755.19,790,1282522.96,84,0.9272,0
37757.3,61,Male,9930.79,12098.1,791,1884744.24,24,2.91,1
228303.28,56,Female,48994.67,774.7,696,1781311.74,24,0.5816,0
96766.68,24,Male,32246.43,21367.97,763,1277342.5,24,1.1693,0
26310.64,50,Male,8095.43,4373.24,788,673268.95,48,1.1353,1
55074.06,44,Male,12382.23,6688.54,663,1325723.87,60,0.8697,0
36170.42,40,Female,9963.81,7944.39,732,1734331.9,24,2.7299,1
29518.14,51,Female,7135.49,544.48,711,1203806.25,48,1.3142,1
25083.46,44,Male,6195.25,6611.3,598,296620.26,48,0.8162,1
60846.42,27,Male,11119.32,95.4,741,143159.75,24,0.294,0
34867.48,46,Male,7514.68,3745.73,673,886904.34,84,0.7585,1
79531.86,33,Female,9506.47,14028.27,788,460537.42,48,0.4456,0
80570.76,28,Male,15255.04,10631.94,670,2274856.59,36,1.2456,1
97436.6,25,Male,26693.45,10485.79,741,521998.41,48,0.52,0
32010.1,33,Female,10829.14,9308.29,727,1046278.51,60,1.3398,1
62173.42,49,Male,21186.59,20342.61,608,1808986.03,48,1.42,1
67253.69,40,Male,16068.97,20566.14,699,2057011.98,24,1.9703,1
38673.54,34,Female,9732.41,7071.49,743,1246511.57,84,0.9864,0
33326.7,52,Female,4880.04,10313.19,786,534724.02,12,1.874,1
109618.38,47,Male,30016.47,35330.17,721,750148.54,36,0.8202,0
54926.32,45,Male,6462.89,7867.29,778,1105524.27,48,0.7811,0
67371.94,24,Male,11532.15,6683.7,754,975027.01,84,0.5182,0
32498.92,41,Female,8680.16,1117.73,757,936814.62,36,1.2452,1
26645.03,38,Female,4731.56,4467.9,760,416449.12,60,0.6851,0
36874.48,59,Other,4146.97,12212.97,702,2291944.61,48,2.0501,1
46073.32,35,Male,14189.09,9045.01,655,171415.86,48,0.6004,1
28793.07,58,Female,5113.15,6727.41,822,1156005.11,36,1.7256,1
48780.09,44,Male,5647.58,1927.27,769,2452771.58,48,1.4549,1
25000.0,28,Female,2967.43,1255.8,715,1683337.45,48,1.9092,1
28000.46,48,Female,4562.39,4551.91,760,952985.59,12,3.3335,1
68559.39,41,Female,9907.1,22826.35,745,450634.2,36,0.6926,0
66296.69,36,Female,19463.05,8371.59,664,2413294.25,24,2.1164,1
40298.18,36,Male,7270.64,12376.35,698,133567.27,24,0.642,0
29469.7,55,Male,8875.51,1240.7,806,1735330.17,60,1.6236,1
29328.01,37,Other,4207.44,6333.56,719,2212329.93,12,7.0264,1
40674.88,29,Male,9079.44,8550.45,744,160385.18,36,0.5625,0
67660.6,55,Female,18404.31,20362.87,801,1840419.67,36,1.4635,1
77973.39,49,Male,20506.82,90.52,719,2497210.63,12,3.0947,1
38243.7,59,Other,9571.72,2542.29,659,1635141.92,12,4.0956,1
27536.12,38,Male,9120.11,2117.27,727,1095229.47,60,1.2729,1
56045.65,32,Male,8806.53,18634.51,683,2198561.73,24,2.318,1
32475.22,39,Male,7255.93,1746.93,629,1430030.19,84,1.0312,1
37830.6,42,Female,12143.55,489.41,772,1898658.03,36,1.977,1
95095.61,35,Male,11361.4,17788.73,703,1510669.58,84,0.5785,0
74128.68,21,Male,8448.6,13713.47,525,191898.62,12,0.5278,0
53049.84,22,Other,8399.15,15671.8,736,611547.97,36,0.8311,0
25952.95,28,Female,6702.49,8619.0,737,289032.58,24,1.1094,1
54485.96,42,Male,8988.54,10270.11,846,356050.63,36,0.5674,0
83393.75,45,Male,12305.58,27144.5,719,136973.18,84,0.5012,0
40626.8,22,Female,8722.6,10311.31,789,1110795.95,36,1.3636,1
96332.12,29,Male,24410.51,8919.94,762,528763.92,12,0.8311,0
93561.35,29,Female,15169.98,30402.5,681,2153671.65,12,2.5215,1
112630.34,33,Female,19729.77,26311.02,742,1900090.09,12,1.8998,1
57103.55,26,Female,14469.46,8276.22,709,1475624.79,24,1.6027,1
65755.32,50,Male,22122.36,15655.34,675,1273651.23,48,1.0751,1
99418.52,35,Female,26712.31,13964.27,686,714084.74,24,0.7439,0
61309.92,35,Male,18130.94,2450.21,677,1239883.52,12,2.1231,1
38153.89,27,Female,7314.2,9601.14,719,1638950.26,60,1.3773,1
39172.43,31,Female,6583.46,11298.53,719,1977349.26,36,2.1091,1
55230.88,60,Female,11795.49,14088.41,684,296036.96,36,0.6441,0
25712.16,58,Female,7759.5,2061.86,706,1800315.25,84,1.5809,1
45632.28,60,Male,9768.73,15278.7,598,1882551.7,36,1.8995,1
84818.89,22,Male,26436.47,749.72,654,1441533.28,84,0.6115,0
25000.0,59,Female,8679.82,2911.0,700,614366.07,36,1.2682,1
105581.78,30,Female,12459.35,9611.36,828,1394043.01,60,0.4961,0
85921.31,37,Male,9567.56,1447.27,761,1306491.72,84,0.3886,0
38953.26,27,Female,5352.08,5531.57,656,1241704.23,12,3.0967,1
64324.47,60,Other,12613.54,14028.54,824,1205535.8,48,0.8986,1
49098.01,59,Male,6518.28,15166.06,719,365981.36,36,0.6857,0
90671.21,24,Female,28803.17,31407.73,646,538941.96,84,0.7658,0
80124.87,55,Female,8476.13,22661.83,714,333597.01,48,0.4962,0
25000.0,56,Male,4473.7,4100.95,784,681946.79,84,0.81,1
65751.07,51,Female,9611.07,16654.52,646,732344.28,24,0.9186,1
44231.22,45,Female,14723.9,13060.08,652,688182.07,24,1.3533,1
51093.69,61,Female,13660.93,8320.99,837,606229.76,36,0.8187,0
34061.2,33,Male,11172.33,9358.96,739,1865012.91,12,5.4421,1
117485.3,38,Male,40307.11,19846.6,689,2064556.96,60,0.8941,0
82456.89,41,Female,18492.98,11154.24,713,885062.12,84,0.5433,0
33864.22,21,Male,5370.18,6235.48,738,832309.34,36,1.1474,1
25152.05,56,Female,3733.37,5949.7,707,2125677.64,24,4.324,1
40423.38,28,Male,6295.12,10284.06,807,1597417.36,24,2.2519,1
60916.01,41,Female,16882.77,7605.83,726,804251.98,84,0.6281,0
55276.49,41,Male,6086.57,11053.2,763,1812669.5,84,0.8716,0
91726.48,47,Other,10350.44,29210.74,725,927022.74,84,0.6043,0
72762.78,39,Female,18338.82,24863.73,717,1507733.47,48,1.1293,1
79601.21,43,Female,20737.25,6331.23,778,2482321.67,60,1.0181,0
57723.96,55,Female,15372.8,3895.84,779,823826.5,84,0.5782,0
25000.0,60,Female,4824.25,5921.0,613,2333262.4,84,2.0279,1
44451.36,25,Female,13401.47,6451.64,718,869565.79,36,1.0871,1
83286.76,61,Male,19439.64,706.09,850,1396688.09,12,1.724,1
47774.08,28,Male,6037.04,5799.85,690,1203961.1,48,0.8991,1
63041.29,31,Female,18866.67,17800.38,749,1979582.95,60,1.2644,1
41798.92,36,Male,14139.19,11666.06,801,246622.48,48,0.7699,1
29292.71,59,Male,3368.93,5071.73,647,1605093.53,84,1.2264,1
46088.93,44,Male,9118.13,7623.21,695,1925600.67,12,4.0558,1
57212.27,41,Female,12694.2,11604.23,617,1233147.64,84,0.7938,1
35318.29,43,Female,4825.1,2712.05,726,352702.26,24,0.6789,0
43570.88,58,Male,13808.8,8022.06,745,687532.03,84,0.7712,0
30646.34,28,Female,5241.67,118.49,761,1731213.69,36,2.0243,1
85786.97,27,Male,25371.68,14278.89,822,2249049.73,36,1.3205,1
42309.72,22,Male,11328.37,4976.38,724,1111860.66,12,2.708,1
101354.32,50,Female,25289.06,23940.33,645,1444988.88,84,0.7298,0
105279.49,33,Female,15585.12,23521.94,662,648124.09,36,0.573,0
47074.04,43,Male,7304.76,6274.62,670,1089311.95,36,1.0461,1
29607.28,49,Male,3311.19,75.37,733,908295.54,84,0.6397,0
25000.0,58,Male,4004.45,2207.39,850,1673261.32,48,1.9783,1
25000.0,57,Female,4659.02,5541.79,715,2463277.48,12,9.1164,1
25000.0,40,Male,7707.16,633.27,809,2051928.28,48,2.4549,1
97658.78,53,Male,18711.24,3679.28,712,561195.0,36,0.4174,0
51943.52,49,Male,14993.78,11763.25,644,1486428.62,84,1.0051,1
59563.74,35,Female,12500.08,15755.72,666,259388.12,60,0.5691,0
25000.0,43,Female,7405.43,2813.56,672,692597.17,84,0.8831,1
26930.55,23,Female,9265.94,4615.51,712,513322.42,60,0.9299,1
76384.87,57,Male,12218.55,25283.31,746,905309.29,48,0.7973,0
56578.65,49,Male,17855.4,18724.15,677,1729153.53,24,2.071,1
45542.32,28,Other,11634.06,4901.54,771,1298543.96,84,0.8513,0
65018.11,42,Other,19786.54,18432.36,788,2338982.22,24,2.2645,1
111068.11,49,Female,29199.41,23088.89,702,610597.22,12,0.9567,0
43891.62,22,Female,9041.12,14985.46,779,974101.95,60,1.0299,1
50750.91,61,Female,7968.84,8483.76,593,891646.18,60,0.7062,1
53976.2,21,Female,6342.68,14635.51,566,666312.7,48,0.7077,1
162113.96,40,Male,37915.15,43584.01,774,2483609.85,84,0.765,0
25000.0,41,Male,8689.54,4352.54,692,1029341.31,36,1.8697,1
68982.73,57,Female,19626.31,19209.66,850,2357221.55,12,3.5831,1
46286.19,28,Male,8416.51,4228.9,713,1037136.34,48,0.8523,0
65080.87,47,Male,19966.89,2784.72,654,589820.03,24,0.772,0
35288.55,55,Male,10312.94,5251.19,829,386095.19,84,0.6284,0
47835.22,26,Female,8151.55,15798.57,762,2153351.66,36,1.9744,1
69961.84,39,Male,7246.43,12261.56,820,177034.34,12,0.5025,0
232455.74,38,Female,30112.47,51684.37,681,2414547.01,84,0.5297,0
73424.88,21,Male,23446.51,16040.17,743,1103658.91,36,1.0299,1
32079.33,45,Female,9917.03,1488.5,663,693698.44,24,1.3634,1
